image_path,label,label_name
/home/neon-cultivator/us/diabetic-retinopathy-detection/data/external/aptos2019/colored_images/Moderate/000c1434d8d7.png,2,Moderate
/home/neon-cultivator/us/diabetic-retinopathy-detection/data/external/aptos2019/colored_images/Mild/0024cdab0c1e.png,1,Mild
/home/neon-cultivator/us/diabetic-retinopathy-detection/data/external/aptos2019/colored_images/No_DR/002c21358ce6.png,0,No_DR
/home/neon-cultivator/us/diabetic-retinopathy-detection/data/external/aptos2019/colored_images/No_DR/005b95c28852.png,0,No_DR
/home/neon-cultivator/us/diabetic-retinopathy-detection/data/external/aptos2019/colored_images/Proliferate_DR/0083ee8054ee.png,4,Proliferative_DR
/home/neon-cultivator/us/diabetic-retinopathy-detection/data/external/aptos2019/colored_images/No_DR/0097f532ac9f.png,0,No_DR
/home/neon-cultivator/us/diabetic-retinopathy-detection/data/external/aptos2019/colored_images/Moderate/00a8624548a9.png,2,Moderate
/home/neon-cultivator/us/diabetic-retinopathy-detection/data/external/aptos2019/colored_images/Moderate/00b74780d31d.png,2,Moderate
/home/neon-cultivator/us/diabetic-retinopathy-detection/data/external/aptos2019/colored_images/Mild/00cb6555d108.png,1,Mild
/home/neon-cultivator/us/diabetic-retinopathy-detection/data/external/aptos2019/colored_images/No_DR/00cc2b75cddd.png,0,No_DR
/home/neon-cultivator/us/diabetic-retinopathy-detection/data/external/aptos2019/colored_images/Moderate/00e4ddff966a.png,2,Moderate
/home/neon-cultivator/us/diabetic-retinopathy-detection/data/external/aptos2019/colored_images/No_DR/00f6c1be5a33.png,0,No_DR
/home/neon-cultivator/us/diabetic-retinopathy-detection/data/external/aptos2019/colored_images/Severe/0104b032c141.png,3,Severe
/home/neon-cultivator/us/diabetic-retinopathy-detection/data/external/aptos2019/colored_images/No_DR/0125fbd2e791.png,0,No_DR
/home/neon-cultivator/us/diabetic-retinopathy-detection/data/external/aptos2019/colored_images/Moderate/012a242ac6ff.png,2,Moderate
/home/neon-cultivator/us/diabetic-retinopathy-detection/data/external/aptos2019/colored_images/No_DR/014508ccb9cb.png,0,No_DR
/home/neon-cultivator/us/diabetic-retinopathy-detection/data/external/aptos2019/colored_images/Moderate/0161338f53cc.png,2,Moderate
/home/neon-cultivator/us/diabetic-retinopathy-detection/data/external/aptos2019/colored_images/Moderate/0180bfa26c0b.png,2,Moderate
/home/neon-cultivator/us/diabetic-retinopathy-detection/data/external/aptos2019/colored_images/No_DR/0182152c50de.png,0,No_DR
/home/neon-cultivator/us/diabetic-retinopathy-detection/data/external/aptos2019/colored_images/Mild/01b3aed3ed4c.png,1,Mild
/home/neon-cultivator/us/diabetic-retinopathy-detection/data/external/aptos2019/colored_images/Moderate/01c7808d901d.png,2,Moderate
/home/neon-cultivator/us/diabetic-retinopathy-detection/data/external/aptos2019/colored_images/Moderate/01eb826f6467.png,2,Moderate
/home/neon-cultivator/us/diabetic-retinopathy-detection/data/external/aptos2019/colored_images/No_DR/01f7bb8be950.png,0,No_DR
/home/neon-cultivator/us/diabetic-retinopathy-detection/data/external/aptos2019/colored_images/No_DR/0212dd31f623.png,0,No_DR
/home/neon-cultivator/us/diabetic-retinopathy-detection/data/external/aptos2019/colored_images/No_DR/022f820027b8.png,0,No_DR
/home/neon-cultivator/us/diabetic-retinopathy-detection/data/external/aptos2019/colored_images/No_DR/0231642cf1c2.png,0,No_DR
/home/neon-cultivator/us/diabetic-retinopathy-detection/data/external/aptos2019/colored_images/No_DR/0232dfea7547.png,0,No_DR
/home/neon-cultivator/us/diabetic-retinopathy-detection/data/external/aptos2019/colored_images/No_DR/02358b47ea89.png,0,No_DR
/home/neon-cultivator/us/diabetic-retinopathy-detection/data/external/aptos2019/colored_images/Proliferate_DR/0243404e8a00.png,4,Proliferative_DR
/home/neon-cultivator/us/diabetic-retinopathy-detection/data/external/aptos2019/colored_images/Moderate/025a169a0bb0.png,2,Moderate
/home/neon-cultivator/us/diabetic-retinopathy-detection/data/external/aptos2019/colored_images/Proliferate_DR/02685f13cefd.png,4,Proliferative_DR
/home/neon-cultivator/us/diabetic-retinopathy-detection/data/external/aptos2019/colored_images/Moderate/026dcd9af143.png,2,Moderate
/home/neon-cultivator/us/diabetic-retinopathy-detection/data/external/aptos2019/colored_images/No_DR/02cd34a85b24.png,0,No_DR
/home/neon-cultivator/us/diabetic-retinopathy-detection/data/external/aptos2019/colored_images/No_DR/02da652c74b8.png,0,No_DR
/home/neon-cultivator/us/diabetic-retinopathy-detection/data/external/aptos2019/colored_images/Proliferate_DR/02dda30d3acf.png,4,Proliferative_DR
/home/neon-cultivator/us/diabetic-retinopathy-detection/data/external/aptos2019/colored_images/No_DR/0304bedad8fe.png,0,No_DR
/home/neon-cultivator/us/diabetic-retinopathy-detection/data/external/aptos2019/colored_images/Proliferate_DR/0318598cfd16.png,4,Proliferative_DR
/home/neon-cultivator/us/diabetic-retinopathy-detection/data/external/aptos2019/colored_images/Moderate/032d7b0b4bf6.png,2,Moderate
/home/neon-cultivator/us/diabetic-retinopathy-detection/data/external/aptos2019/colored_images/Moderate/033f2b43de6d.png,2,Moderate
/home/neon-cultivator/us/diabetic-retinopathy-detection/data/external/aptos2019/colored_images/Proliferate_DR/034cb07a550f.png,4,Proliferative_DR
/home/neon-cultivator/us/diabetic-retinopathy-detection/data/external/aptos2019/colored_images/Moderate/03676c71ed1b.png,2,Moderate
/home/neon-cultivator/us/diabetic-retinopathy-detection/data/external/aptos2019/colored_images/Mild/0369f3efe69b.png,1,Mild
/home/neon-cultivator/us/diabetic-retinopathy-detection/data/external/aptos2019/colored_images/Proliferate_DR/03a7f4a5786f.png,4,Proliferative_DR
/home/neon-cultivator/us/diabetic-retinopathy-detection/data/external/aptos2019/colored_images/No_DR/03b373718013.png,0,No_DR
/home/neon-cultivator/us/diabetic-retinopathy-detection/data/external/aptos2019/colored_images/Severe/03c85870824c.png,3,Severe
/home/neon-cultivator/us/diabetic-retinopathy-detection/data/external/aptos2019/colored_images/Mild/03e25101e8e8.png,1,Mild
/home/neon-cultivator/us/diabetic-retinopathy-detection/data/external/aptos2019/colored_images/Moderate/03fd50da928d.png,2,Moderate
/home/neon-cultivator/us/diabetic-retinopathy-detection/data/external/aptos2019/colored_images/Moderate/0415fc68b176.png,2,Moderate
/home/neon-cultivator/us/diabetic-retinopathy-detection/data/external/aptos2019/colored_images/No_DR/0423237770a7.png,0,No_DR
/home/neon-cultivator/us/diabetic-retinopathy-detection/data/external/aptos2019/colored_images/Severe/042470a92154.png,3,Severe
/home/neon-cultivator/us/diabetic-retinopathy-detection/data/external/aptos2019/colored_images/No_DR/04579e31e4be.png,0,No_DR
/home/neon-cultivator/us/diabetic-retinopathy-detection/data/external/aptos2019/colored_images/Moderate/04a6fc58dabc.png,2,Moderate
/home/neon-cultivator/us/diabetic-retinopathy-detection/data/external/aptos2019/colored_images/Mild/04ac765f91a1.png,1,Mild
/home/neon-cultivator/us/diabetic-retinopathy-detection/data/external/aptos2019/colored_images/No_DR/04aef84a2cc1.png,0,No_DR
/home/neon-cultivator/us/diabetic-retinopathy-detection/data/external/aptos2019/colored_images/No_DR/04efb1a284cc.png,0,No_DR
/home/neon-cultivator/us/diabetic-retinopathy-detection/data/external/aptos2019/colored_images/No_DR/05113073b268.png,0,No_DR
/home/neon-cultivator/us/diabetic-retinopathy-detection/data/external/aptos2019/colored_images/No_DR/05195a3db5e2.png,0,No_DR
/home/neon-cultivator/us/diabetic-retinopathy-detection/data/external/aptos2019/colored_images/Moderate/0519b934f6b1.png,2,Moderate
/home/neon-cultivator/us/diabetic-retinopathy-detection/data/external/aptos2019/colored_images/Moderate/052d9a3fe55a.png,2,Moderate
/home/neon-cultivator/us/diabetic-retinopathy-detection/data/external/aptos2019/colored_images/No_DR/05339950962e.png,0,No_DR
/home/neon-cultivator/us/diabetic-retinopathy-detection/data/external/aptos2019/colored_images/No_DR/054b1b305160.png,0,No_DR
/home/neon-cultivator/us/diabetic-retinopathy-detection/data/external/aptos2019/colored_images/No_DR/0551676cc2aa.png,0,No_DR
/home/neon-cultivator/us/diabetic-retinopathy-detection/data/external/aptos2019/colored_images/Mild/059bc89df7f4.png,1,Mild
/home/neon-cultivator/us/diabetic-retinopathy-detection/data/external/aptos2019/colored_images/Mild/05a5183c92d0.png,1,Mild
/home/neon-cultivator/us/diabetic-retinopathy-detection/data/external/aptos2019/colored_images/No_DR/05b1bb2bdb81.png,0,No_DR
/home/neon-cultivator/us/diabetic-retinopathy-detection/data/external/aptos2019/colored_images/Severe/05cd0178ccfe.png,3,Severe
/home/neon-cultivator/us/diabetic-retinopathy-detection/data/external/aptos2019/colored_images/No_DR/05e9126dfa5c.png,0,No_DR
/home/neon-cultivator/us/diabetic-retinopathy-detection/data/external/aptos2019/colored_images/Moderate/06024377d573.png,2,Moderate
/home/neon-cultivator/us/diabetic-retinopathy-detection/data/external/aptos2019/colored_images/No_DR/060e00d1e2ab.png,0,No_DR
/home/neon-cultivator/us/diabetic-retinopathy-detection/data/external/aptos2019/colored_images/Moderate/064af6592ba6.png,2,Moderate
/home/neon-cultivator/us/diabetic-retinopathy-detection/data/external/aptos2019/colored_images/No_DR/06586082a24d.png,0,No_DR
/home/neon-cultivator/us/diabetic-retinopathy-detection/data/external/aptos2019/colored_images/Mild/0684311afdfc.png,1,Mild
/home/neon-cultivator/us/diabetic-retinopathy-detection/data/external/aptos2019/colored_images/Mild/06b71823f9cd.png,1,Mild
/home/neon-cultivator/us/diabetic-retinopathy-detection/data/external/aptos2019/colored_images/No_DR/06be1092a062.png,0,No_DR
/home/neon-cultivator/us/diabetic-retinopathy-detection/data/external/aptos2019/colored_images/No_DR/0709652336e2.png,0,No_DR
/home/neon-cultivator/us/diabetic-retinopathy-detection/data/external/aptos2019/colored_images/Severe/070f67572d03.png,3,Severe
/home/neon-cultivator/us/diabetic-retinopathy-detection/data/external/aptos2019/colored_images/Proliferate_DR/07122e268a1d.png,4,Proliferative_DR
/home/neon-cultivator/us/diabetic-retinopathy-detection/data/external/aptos2019/colored_images/Moderate/071435a218ec.png,2,Moderate
/home/neon-cultivator/us/diabetic-retinopathy-detection/data/external/aptos2019/colored_images/Moderate/07419eddd6be.png,2,Moderate
/home/neon-cultivator/us/diabetic-retinopathy-detection/data/external/aptos2019/colored_images/No_DR/07596907347b.png,0,No_DR
/home/neon-cultivator/us/diabetic-retinopathy-detection/data/external/aptos2019/colored_images/No_DR/0773a1c326ad.png,0,No_DR
/home/neon-cultivator/us/diabetic-retinopathy-detection/data/external/aptos2019/colored_images/No_DR/07751b94a88a.png,0,No_DR
/home/neon-cultivator/us/diabetic-retinopathy-detection/data/external/aptos2019/colored_images/No_DR/0790515cf5af.png,0,No_DR
/home/neon-cultivator/us/diabetic-retinopathy-detection/data/external/aptos2019/colored_images/Mild/07929d32b5b3.png,1,Mild
/home/neon-cultivator/us/diabetic-retinopathy-detection/data/external/aptos2019/colored_images/Severe/07a0e34c8d20.png,3,Severe
/home/neon-cultivator/us/diabetic-retinopathy-detection/data/external/aptos2019/colored_images/Mild/07a1c7073982.png,1,Mild
/home/neon-cultivator/us/diabetic-retinopathy-detection/data/external/aptos2019/colored_images/No_DR/07a2b8cabf6b.png,0,No_DR
/home/neon-cultivator/us/diabetic-retinopathy-detection/data/external/aptos2019/colored_images/Moderate/07a3be30563b.png,2,Moderate
/home/neon-cultivator/us/diabetic-retinopathy-detection/data/external/aptos2019/colored_images/Moderate/07d8db76b301.png,2,Moderate
/home/neon-cultivator/us/diabetic-retinopathy-detection/data/external/aptos2019/colored_images/No_DR/07e827469099.png,0,No_DR
/home/neon-cultivator/us/diabetic-retinopathy-detection/data/external/aptos2019/colored_images/No_DR/07f5d7baf907.png,0,No_DR
/home/neon-cultivator/us/diabetic-retinopathy-detection/data/external/aptos2019/colored_images/Proliferate_DR/080ee76c958c.png,4,Proliferative_DR
/home/neon-cultivator/us/diabetic-retinopathy-detection/data/external/aptos2019/colored_images/Proliferate_DR/080f66eedfb9.png,4,Proliferative_DR
/home/neon-cultivator/us/diabetic-retinopathy-detection/data/external/aptos2019/colored_images/No_DR/084c02cf077f.png,0,No_DR
/home/neon-cultivator/us/diabetic-retinopathy-detection/data/external/aptos2019/colored_images/No_DR/0851d6a69589.png,0,No_DR
/home/neon-cultivator/us/diabetic-retinopathy-detection/data/external/aptos2019/colored_images/Mild/086d41d17da8.png,1,Mild
/home/neon-cultivator/us/diabetic-retinopathy-detection/data/external/aptos2019/colored_images/Moderate/08752092140d.png,2,Moderate
/home/neon-cultivator/us/diabetic-retinopathy-detection/data/external/aptos2019/colored_images/Proliferate_DR/08a3875063c3.png,4,Proliferative_DR
/home/neon-cultivator/us/diabetic-retinopathy-detection/data/external/aptos2019/colored_images/No_DR/08b6e3240858.png,0,No_DR
/home/neon-cultivator/us/diabetic-retinopathy-detection/data/external/aptos2019/colored_images/Moderate/08c17a2d95b7.png,2,Moderate
/home/neon-cultivator/us/diabetic-retinopathy-detection/data/external/aptos2019/colored_images/No_DR/08c60c647673.png,0,No_DR
/home/neon-cultivator/us/diabetic-retinopathy-detection/data/external/aptos2019/colored_images/No_DR/08ee569d4721.png,0,No_DR
/home/neon-cultivator/us/diabetic-retinopathy-detection/data/external/aptos2019/colored_images/No_DR/08f8838d69bb.png,0,No_DR
/home/neon-cultivator/us/diabetic-retinopathy-detection/data/external/aptos2019/colored_images/No_DR/09237bf783a4.png,0,No_DR
/home/neon-cultivator/us/diabetic-retinopathy-detection/data/external/aptos2019/colored_images/Severe/093a42649c29.png,3,Severe
/home/neon-cultivator/us/diabetic-retinopathy-detection/data/external/aptos2019/colored_images/Moderate/094858f005ab.png,2,Moderate
/home/neon-cultivator/us/diabetic-retinopathy-detection/data/external/aptos2019/colored_images/Moderate/0953c0ac1735.png,2,Moderate
/home/neon-cultivator/us/diabetic-retinopathy-detection/data/external/aptos2019/colored_images/No_DR/096436d68d06.png,0,No_DR
/home/neon-cultivator/us/diabetic-retinopathy-detection/data/external/aptos2019/colored_images/No_DR/09662e462531.png,0,No_DR
/home/neon-cultivator/us/diabetic-retinopathy-detection/data/external/aptos2019/colored_images/Proliferate_DR/0981195eb9fb.png,4,Proliferative_DR
/home/neon-cultivator/us/diabetic-retinopathy-detection/data/external/aptos2019/colored_images/Mild/09935d72892b.png,1,Mild
/home/neon-cultivator/us/diabetic-retinopathy-detection/data/external/aptos2019/colored_images/No_DR/09c8323c612e.png,0,No_DR
/home/neon-cultivator/us/diabetic-retinopathy-detection/data/external/aptos2019/colored_images/No_DR/09f1111a388a.png,0,No_DR
/home/neon-cultivator/us/diabetic-retinopathy-detection/data/external/aptos2019/colored_images/Moderate/09f6ab477654.png,2,Moderate
/home/neon-cultivator/us/diabetic-retinopathy-detection/data/external/aptos2019/colored_images/Moderate/0a09aa7356c0.png,2,Moderate
/home/neon-cultivator/us/diabetic-retinopathy-detection/data/external/aptos2019/colored_images/Moderate/0a1076183736.png,2,Moderate
/home/neon-cultivator/us/diabetic-retinopathy-detection/data/external/aptos2019/colored_images/Mild/0a3202889f4d.png,1,Mild
/home/neon-cultivator/us/diabetic-retinopathy-detection/data/external/aptos2019/colored_images/No_DR/0a38b552372d.png,0,No_DR
/home/neon-cultivator/us/diabetic-retinopathy-detection/data/external/aptos2019/colored_images/No_DR/0a4e1a29ffff.png,0,No_DR
/home/neon-cultivator/us/diabetic-retinopathy-detection/data/external/aptos2019/colored_images/Mild/0a61bddab956.png,1,Mild
/home/neon-cultivator/us/diabetic-retinopathy-detection/data/external/aptos2019/colored_images/No_DR/0a85a1e8f9e9.png,0,No_DR
/home/neon-cultivator/us/diabetic-retinopathy-detection/data/external/aptos2019/colored_images/No_DR/0a902c80d5da.png,0,No_DR
/home/neon-cultivator/us/diabetic-retinopathy-detection/data/external/aptos2019/colored_images/Moderate/0a9ec1e99ce4.png,2,Moderate
/home/neon-cultivator/us/diabetic-retinopathy-detection/data/external/aptos2019/colored_images/Moderate/0ac436400db4.png,2,Moderate
/home/neon-cultivator/us/diabetic-retinopathy-detection/data/external/aptos2019/colored_images/Mild/0ad7f631dedb.png,1,Mild
/home/neon-cultivator/us/diabetic-retinopathy-detection/data/external/aptos2019/colored_images/Proliferate_DR/0ada12c0e78f.png,4,Proliferative_DR
/home/neon-cultivator/us/diabetic-retinopathy-detection/data/external/aptos2019/colored_images/No_DR/0ae2dd2e09ea.png,0,No_DR
/home/neon-cultivator/us/diabetic-retinopathy-detection/data/external/aptos2019/colored_images/No_DR/0afbeeef0ff7.png,0,No_DR
/home/neon-cultivator/us/diabetic-retinopathy-detection/data/external/aptos2019/colored_images/No_DR/0b00f8a77510.png,0,No_DR
/home/neon-cultivator/us/diabetic-retinopathy-detection/data/external/aptos2019/colored_images/No_DR/0b2ea8f268cf.png,0,No_DR
/home/neon-cultivator/us/diabetic-retinopathy-detection/data/external/aptos2019/colored_images/No_DR/0b3efe669365.png,0,No_DR
/home/neon-cultivator/us/diabetic-retinopathy-detection/data/external/aptos2019/colored_images/No_DR/0b64a0a06f9a.png,0,No_DR
/home/neon-cultivator/us/diabetic-retinopathy-detection/data/external/aptos2019/colored_images/No_DR/0b8bdec9d869.png,0,No_DR
/home/neon-cultivator/us/diabetic-retinopathy-detection/data/external/aptos2019/colored_images/No_DR/0babc12807b2.png,0,No_DR
/home/neon-cultivator/us/diabetic-retinopathy-detection/data/external/aptos2019/colored_images/Proliferate_DR/0bf37ca3156a.png,4,Proliferative_DR
/home/neon-cultivator/us/diabetic-retinopathy-detection/data/external/aptos2019/colored_images/Moderate/0c2e2369dfff.png,2,Moderate
/home/neon-cultivator/us/diabetic-retinopathy-detection/data/external/aptos2019/colored_images/No_DR/0c38940e1f80.png,0,No_DR
/home/neon-cultivator/us/diabetic-retinopathy-detection/data/external/aptos2019/colored_images/No_DR/0c43c79e8cfb.png,0,No_DR
/home/neon-cultivator/us/diabetic-retinopathy-detection/data/external/aptos2019/colored_images/Moderate/0c55d58bebaf.png,2,Moderate
/home/neon-cultivator/us/diabetic-retinopathy-detection/data/external/aptos2019/colored_images/Moderate/0c7e82daf5a0.png,2,Moderate
/home/neon-cultivator/us/diabetic-retinopathy-detection/data/external/aptos2019/colored_images/Severe/0c917c372572.png,3,Severe
/home/neon-cultivator/us/diabetic-retinopathy-detection/data/external/aptos2019/colored_images/Moderate/0ca0aee4d57e.png,2,Moderate
/home/neon-cultivator/us/diabetic-retinopathy-detection/data/external/aptos2019/colored_images/No_DR/0cae727cf119.png,0,No_DR
/home/neon-cultivator/us/diabetic-retinopathy-detection/data/external/aptos2019/colored_images/Severe/0cb14014117d.png,3,Severe
/home/neon-cultivator/us/diabetic-retinopathy-detection/data/external/aptos2019/colored_images/No_DR/0cbcc7b23613.png,0,No_DR
/home/neon-cultivator/us/diabetic-retinopathy-detection/data/external/aptos2019/colored_images/No_DR/0ce062f26edc.png,0,No_DR
/home/neon-cultivator/us/diabetic-retinopathy-detection/data/external/aptos2019/colored_images/Proliferate_DR/0ceb222f6629.png,4,Proliferative_DR
/home/neon-cultivator/us/diabetic-retinopathy-detection/data/external/aptos2019/colored_images/No_DR/0cecc2864b7f.png,0,No_DR
/home/neon-cultivator/us/diabetic-retinopathy-detection/data/external/aptos2019/colored_images/Moderate/0d0a21fd354f.png,2,Moderate
/home/neon-cultivator/us/diabetic-retinopathy-detection/data/external/aptos2019/colored_images/No_DR/0d0b8fc9ab5c.png,0,No_DR
/home/neon-cultivator/us/diabetic-retinopathy-detection/data/external/aptos2019/colored_images/Mild/0d310aba6373.png,1,Mild
/home/neon-cultivator/us/diabetic-retinopathy-detection/data/external/aptos2019/colored_images/No_DR/0d744aed4d64.png,0,No_DR
/home/neon-cultivator/us/diabetic-retinopathy-detection/data/external/aptos2019/colored_images/No_DR/0d8f60ed9280.png,0,No_DR
/home/neon-cultivator/us/diabetic-retinopathy-detection/data/external/aptos2019/colored_images/No_DR/0d9a9896f801.png,0,No_DR
/home/neon-cultivator/us/diabetic-retinopathy-detection/data/external/aptos2019/colored_images/No_DR/0da321efbce6.png,0,No_DR
/home/neon-cultivator/us/diabetic-retinopathy-detection/data/external/aptos2019/colored_images/No_DR/0da632ca45e0.png,0,No_DR
/home/neon-cultivator/us/diabetic-retinopathy-detection/data/external/aptos2019/colored_images/No_DR/0daddc45d832.png,0,No_DR
/home/neon-cultivator/us/diabetic-retinopathy-detection/data/external/aptos2019/colored_images/Moderate/0dbaa09a458c.png,2,Moderate
/home/neon-cultivator/us/diabetic-retinopathy-detection/data/external/aptos2019/colored_images/Mild/0dc031c94225.png,1,Mild
/home/neon-cultivator/us/diabetic-retinopathy-detection/data/external/aptos2019/colored_images/Severe/0dc8d25b3f69.png,3,Severe
/home/neon-cultivator/us/diabetic-retinopathy-detection/data/external/aptos2019/colored_images/Mild/0dce95217626.png,1,Mild
/home/neon-cultivator/us/diabetic-retinopathy-detection/data/external/aptos2019/colored_images/No_DR/0e0003ddd8df.png,0,No_DR
/home/neon-cultivator/us/diabetic-retinopathy-detection/data/external/aptos2019/colored_images/Proliferate_DR/0e0fc1d9810c.png,4,Proliferative_DR
/home/neon-cultivator/us/diabetic-retinopathy-detection/data/external/aptos2019/colored_images/No_DR/0e3572b5884a.png,0,No_DR
/home/neon-cultivator/us/diabetic-retinopathy-detection/data/external/aptos2019/colored_images/No_DR/0e43c8298fc0.png,0,No_DR
/home/neon-cultivator/us/diabetic-retinopathy-detection/data/external/aptos2019/colored_images/Moderate/0e75d51152fc.png,2,Moderate
/home/neon-cultivator/us/diabetic-retinopathy-detection/data/external/aptos2019/colored_images/Proliferate_DR/0e82bcacc475.png,4,Proliferative_DR
/home/neon-cultivator/us/diabetic-retinopathy-detection/data/external/aptos2019/colored_images/No_DR/0e94cd271c00.png,0,No_DR
/home/neon-cultivator/us/diabetic-retinopathy-detection/data/external/aptos2019/colored_images/Mild/0eb52045349f.png,1,Mild
/home/neon-cultivator/us/diabetic-retinopathy-detection/data/external/aptos2019/colored_images/No_DR/0eced86c9db8.png,0,No_DR
/home/neon-cultivator/us/diabetic-retinopathy-detection/data/external/aptos2019/colored_images/Severe/0edadb2aa127.png,3,Severe
/home/neon-cultivator/us/diabetic-retinopathy-detection/data/external/aptos2019/colored_images/No_DR/0ef4c61dc056.png,0,No_DR
/home/neon-cultivator/us/diabetic-retinopathy-detection/data/external/aptos2019/colored_images/Moderate/0eff8eacb2f7.png,2,Moderate
/home/neon-cultivator/us/diabetic-retinopathy-detection/data/external/aptos2019/colored_images/No_DR/0f364b7d4384.png,0,No_DR
/home/neon-cultivator/us/diabetic-retinopathy-detection/data/external/aptos2019/colored_images/Mild/0f495d87656a.png,1,Mild
/home/neon-cultivator/us/diabetic-retinopathy-detection/data/external/aptos2019/colored_images/No_DR/0f6e645466a2.png,0,No_DR
/home/neon-cultivator/us/diabetic-retinopathy-detection/data/external/aptos2019/colored_images/Severe/0f882877bf13.png,3,Severe
/home/neon-cultivator/us/diabetic-retinopathy-detection/data/external/aptos2019/colored_images/Severe/0f96c358a250.png,3,Severe
/home/neon-cultivator/us/diabetic-retinopathy-detection/data/external/aptos2019/colored_images/Moderate/0fb560f9adb2.png,2,Moderate
/home/neon-cultivator/us/diabetic-retinopathy-detection/data/external/aptos2019/colored_images/No_DR/0fbbd665431f.png,0,No_DR
/home/neon-cultivator/us/diabetic-retinopathy-detection/data/external/aptos2019/colored_images/No_DR/0fc6829da85b.png,0,No_DR
/home/neon-cultivator/us/diabetic-retinopathy-detection/data/external/aptos2019/colored_images/Moderate/0fd16b64697e.png,2,Moderate
/home/neon-cultivator/us/diabetic-retinopathy-detection/data/external/aptos2019/colored_images/No_DR/0fe31196e0e8.png,0,No_DR
/home/neon-cultivator/us/diabetic-retinopathy-detection/data/external/aptos2019/colored_images/Moderate/0fffa73e2402.png,2,Moderate
/home/neon-cultivator/us/diabetic-retinopathy-detection/data/external/aptos2019/colored_images/No_DR/1002f3fe38f0.png,0,No_DR
/home/neon-cultivator/us/diabetic-retinopathy-detection/data/external/aptos2019/colored_images/Moderate/1006345f70b7.png,2,Moderate
/home/neon-cultivator/us/diabetic-retinopathy-detection/data/external/aptos2019/colored_images/Mild/101b9ebfc720.png,1,Mild
/home/neon-cultivator/us/diabetic-retinopathy-detection/data/external/aptos2019/colored_images/No_DR/103f97a2ab15.png,0,No_DR
/home/neon-cultivator/us/diabetic-retinopathy-detection/data/external/aptos2019/colored_images/Mild/107aea0d9289.png,1,Mild
/home/neon-cultivator/us/diabetic-retinopathy-detection/data/external/aptos2019/colored_images/No_DR/10a5026eb8e6.png,0,No_DR
/home/neon-cultivator/us/diabetic-retinopathy-detection/data/external/aptos2019/colored_images/No_DR/10bf25731c08.png,0,No_DR
/home/neon-cultivator/us/diabetic-retinopathy-detection/data/external/aptos2019/colored_images/No_DR/10de500cf0c5.png,0,No_DR
/home/neon-cultivator/us/diabetic-retinopathy-detection/data/external/aptos2019/colored_images/Moderate/10ecc5292ab1.png,2,Moderate
/home/neon-cultivator/us/diabetic-retinopathy-detection/data/external/aptos2019/colored_images/Moderate/10eefba568dd.png,2,Moderate
/home/neon-cultivator/us/diabetic-retinopathy-detection/data/external/aptos2019/colored_images/No_DR/10f10fd30718.png,0,No_DR
/home/neon-cultivator/us/diabetic-retinopathy-detection/data/external/aptos2019/colored_images/Mild/10f36b0239fb.png,1,Mild
/home/neon-cultivator/us/diabetic-retinopathy-detection/data/external/aptos2019/colored_images/No_DR/10f6ef37fe43.png,0,No_DR
/home/neon-cultivator/us/diabetic-retinopathy-detection/data/external/aptos2019/colored_images/Proliferate_DR/10fca1abf338.png,4,Proliferative_DR
/home/neon-cultivator/us/diabetic-retinopathy-detection/data/external/aptos2019/colored_images/Mild/1116271db4ea.png,1,Mild
/home/neon-cultivator/us/diabetic-retinopathy-detection/data/external/aptos2019/colored_images/Mild/111898ab463d.png,1,Mild
/home/neon-cultivator/us/diabetic-retinopathy-detection/data/external/aptos2019/colored_images/Moderate/1120f6d08d95.png,2,Moderate
/home/neon-cultivator/us/diabetic-retinopathy-detection/data/external/aptos2019/colored_images/Proliferate_DR/11242a67122d.png,4,Proliferative_DR
/home/neon-cultivator/us/diabetic-retinopathy-detection/data/external/aptos2019/colored_images/Moderate/1124ffcd76c2.png,2,Moderate
/home/neon-cultivator/us/diabetic-retinopathy-detection/data/external/aptos2019/colored_images/Moderate/115e42dd6a81.png,2,Moderate
/home/neon-cultivator/us/diabetic-retinopathy-detection/data/external/aptos2019/colored_images/Moderate/1177d583c807.png,2,Moderate
/home/neon-cultivator/us/diabetic-retinopathy-detection/data/external/aptos2019/colored_images/No_DR/11b220a397b8.png,0,No_DR
/home/neon-cultivator/us/diabetic-retinopathy-detection/data/external/aptos2019/colored_images/Moderate/11b5c77fbf79.png,2,Moderate
/home/neon-cultivator/us/diabetic-retinopathy-detection/data/external/aptos2019/colored_images/No_DR/11d8e5eaee5b.png,0,No_DR
/home/neon-cultivator/us/diabetic-retinopathy-detection/data/external/aptos2019/colored_images/Moderate/12025b34deb8.png,2,Moderate
/home/neon-cultivator/us/diabetic-retinopathy-detection/data/external/aptos2019/colored_images/No_DR/12058bbb8299.png,0,No_DR
/home/neon-cultivator/us/diabetic-retinopathy-detection/data/external/aptos2019/colored_images/Moderate/1269ab57c2e6.png,2,Moderate
/home/neon-cultivator/us/diabetic-retinopathy-detection/data/external/aptos2019/colored_images/Moderate/12a82fc7d73e.png,2,Moderate
/home/neon-cultivator/us/diabetic-retinopathy-detection/data/external/aptos2019/colored_images/No_DR/12ab2f6397f0.png,0,No_DR
/home/neon-cultivator/us/diabetic-retinopathy-detection/data/external/aptos2019/colored_images/No_DR/12ae44be0d38.png,0,No_DR
/home/neon-cultivator/us/diabetic-retinopathy-detection/data/external/aptos2019/colored_images/No_DR/12b57dac703e.png,0,No_DR
/home/neon-cultivator/us/diabetic-retinopathy-detection/data/external/aptos2019/colored_images/No_DR/12bc439d373a.png,0,No_DR
/home/neon-cultivator/us/diabetic-retinopathy-detection/data/external/aptos2019/colored_images/Mild/12ce6a1a1f31.png,1,Mild
/home/neon-cultivator/us/diabetic-retinopathy-detection/data/external/aptos2019/colored_images/Mild/12e3f5f2cb17.png,1,Mild
/home/neon-cultivator/us/diabetic-retinopathy-detection/data/external/aptos2019/colored_images/Moderate/12e6e66c80a7.png,2,Moderate
/home/neon-cultivator/us/diabetic-retinopathy-detection/data/external/aptos2019/colored_images/No_DR/12ef75375322.png,0,No_DR
/home/neon-cultivator/us/diabetic-retinopathy-detection/data/external/aptos2019/colored_images/Moderate/13063d1bc4ea.png,2,Moderate
/home/neon-cultivator/us/diabetic-retinopathy-detection/data/external/aptos2019/colored_images/No_DR/13073f075a56.png,0,No_DR
/home/neon-cultivator/us/diabetic-retinopathy-detection/data/external/aptos2019/colored_images/Moderate/135575dc57c9.png,2,Moderate
/home/neon-cultivator/us/diabetic-retinopathy-detection/data/external/aptos2019/colored_images/No_DR/13c191b59ed0.png,0,No_DR
/home/neon-cultivator/us/diabetic-retinopathy-detection/data/external/aptos2019/colored_images/No_DR/13d014ccd136.png,0,No_DR
/home/neon-cultivator/us/diabetic-retinopathy-detection/data/external/aptos2019/colored_images/No_DR/13d411c85ffd.png,0,No_DR
/home/neon-cultivator/us/diabetic-retinopathy-detection/data/external/aptos2019/colored_images/Moderate/13d71389563f.png,2,Moderate
/home/neon-cultivator/us/diabetic-retinopathy-detection/data/external/aptos2019/colored_images/No_DR/1409ab48175a.png,0,No_DR
/home/neon-cultivator/us/diabetic-retinopathy-detection/data/external/aptos2019/colored_images/Moderate/1411c8ab7161.png,2,Moderate
/home/neon-cultivator/us/diabetic-retinopathy-detection/data/external/aptos2019/colored_images/Moderate/1414128bead0.png,2,Moderate
/home/neon-cultivator/us/diabetic-retinopathy-detection/data/external/aptos2019/colored_images/Moderate/141735b57ec0.png,2,Moderate
/home/neon-cultivator/us/diabetic-retinopathy-detection/data/external/aptos2019/colored_images/Moderate/1438288bb2e1.png,2,Moderate
/home/neon-cultivator/us/diabetic-retinopathy-detection/data/external/aptos2019/colored_images/No_DR/143db89c11c8.png,0,No_DR
/home/neon-cultivator/us/diabetic-retinopathy-detection/data/external/aptos2019/colored_images/Moderate/144a1a426137.png,2,Moderate
/home/neon-cultivator/us/diabetic-retinopathy-detection/data/external/aptos2019/colored_images/Moderate/144b01e7b993.png,2,Moderate
/home/neon-cultivator/us/diabetic-retinopathy-detection/data/external/aptos2019/colored_images/No_DR/14c3b41d289c.png,0,No_DR
/home/neon-cultivator/us/diabetic-retinopathy-detection/data/external/aptos2019/colored_images/Severe/14e3f84445f7.png,3,Severe
/home/neon-cultivator/us/diabetic-retinopathy-detection/data/external/aptos2019/colored_images/Moderate/14ee87d6cc42.png,2,Moderate
/home/neon-cultivator/us/diabetic-retinopathy-detection/data/external/aptos2019/colored_images/No_DR/150f92b45349.png,0,No_DR
/home/neon-cultivator/us/diabetic-retinopathy-detection/data/external/aptos2019/colored_images/No_DR/150fc7127582.png,0,No_DR
/home/neon-cultivator/us/diabetic-retinopathy-detection/data/external/aptos2019/colored_images/Moderate/15528e740543.png,2,Moderate
/home/neon-cultivator/us/diabetic-retinopathy-detection/data/external/aptos2019/colored_images/No_DR/155e2df6bfcf.png,0,No_DR
/home/neon-cultivator/us/diabetic-retinopathy-detection/data/external/aptos2019/colored_images/Moderate/157d17349cc6.png,2,Moderate
/home/neon-cultivator/us/diabetic-retinopathy-detection/data/external/aptos2019/colored_images/Moderate/1594ca6c30d3.png,2,Moderate
/home/neon-cultivator/us/diabetic-retinopathy-detection/data/external/aptos2019/colored_images/No_DR/15b21c80cc31.png,0,No_DR
/home/neon-cultivator/us/diabetic-retinopathy-detection/data/external/aptos2019/colored_images/Severe/15bed5adde74.png,3,Severe
/home/neon-cultivator/us/diabetic-retinopathy-detection/data/external/aptos2019/colored_images/No_DR/15c24478ac72.png,0,No_DR
/home/neon-cultivator/us/diabetic-retinopathy-detection/data/external/aptos2019/colored_images/Mild/15cc2aef772a.png,1,Mild
/home/neon-cultivator/us/diabetic-retinopathy-detection/data/external/aptos2019/colored_images/No_DR/15e24b73d4a7.png,0,No_DR
/home/neon-cultivator/us/diabetic-retinopathy-detection/data/external/aptos2019/colored_images/Proliferate_DR/15e96e848b46.png,4,Proliferative_DR
/home/neon-cultivator/us/diabetic-retinopathy-detection/data/external/aptos2019/colored_images/Severe/15f440753916.png,3,Severe
/home/neon-cultivator/us/diabetic-retinopathy-detection/data/external/aptos2019/colored_images/No_DR/15f8d769935c.png,0,No_DR
/home/neon-cultivator/us/diabetic-retinopathy-detection/data/external/aptos2019/colored_images/No_DR/1601c939412f.png,0,No_DR
/home/neon-cultivator/us/diabetic-retinopathy-detection/data/external/aptos2019/colored_images/No_DR/1608c82a263f.png,0,No_DR
/home/neon-cultivator/us/diabetic-retinopathy-detection/data/external/aptos2019/colored_images/Moderate/1632c4311fc9.png,2,Moderate
/home/neon-cultivator/us/diabetic-retinopathy-detection/data/external/aptos2019/colored_images/Proliferate_DR/1638404f385c.png,4,Proliferative_DR
/home/neon-cultivator/us/diabetic-retinopathy-detection/data/external/aptos2019/colored_images/No_DR/164cd5a3a6cd.png,0,No_DR
/home/neon-cultivator/us/diabetic-retinopathy-detection/data/external/aptos2019/colored_images/No_DR/165634a6167e.png,0,No_DR
/home/neon-cultivator/us/diabetic-retinopathy-detection/data/external/aptos2019/colored_images/No_DR/165c548185f8.png,0,No_DR
/home/neon-cultivator/us/diabetic-retinopathy-detection/data/external/aptos2019/colored_images/Proliferate_DR/165cd2070ebd.png,4,Proliferative_DR
/home/neon-cultivator/us/diabetic-retinopathy-detection/data/external/aptos2019/colored_images/Severe/166068a24416.png,3,Severe
/home/neon-cultivator/us/diabetic-retinopathy-detection/data/external/aptos2019/colored_images/Proliferate_DR/16ce555748d8.png,4,Proliferative_DR
/home/neon-cultivator/us/diabetic-retinopathy-detection/data/external/aptos2019/colored_images/Moderate/17188c13e635.png,2,Moderate
/home/neon-cultivator/us/diabetic-retinopathy-detection/data/external/aptos2019/colored_images/Mild/172df1330a60.png,1,Mild
/home/neon-cultivator/us/diabetic-retinopathy-detection/data/external/aptos2019/colored_images/No_DR/174db0854291.png,0,No_DR
/home/neon-cultivator/us/diabetic-retinopathy-detection/data/external/aptos2019/colored_images/Moderate/175dd560810a.png,2,Moderate
/home/neon-cultivator/us/diabetic-retinopathy-detection/data/external/aptos2019/colored_images/No_DR/1782142e17d9.png,0,No_DR
/home/neon-cultivator/us/diabetic-retinopathy-detection/data/external/aptos2019/colored_images/No_DR/178412895d5e.png,0,No_DR
/home/neon-cultivator/us/diabetic-retinopathy-detection/data/external/aptos2019/colored_images/No_DR/17d7d6b092f4.png,0,No_DR
/home/neon-cultivator/us/diabetic-retinopathy-detection/data/external/aptos2019/colored_images/No_DR/17d997fe1090.png,0,No_DR
/home/neon-cultivator/us/diabetic-retinopathy-detection/data/external/aptos2019/colored_images/Mild/17eff993386f.png,1,Mild
/home/neon-cultivator/us/diabetic-retinopathy-detection/data/external/aptos2019/colored_images/No_DR/17f6c7072f61.png,0,No_DR
/home/neon-cultivator/us/diabetic-retinopathy-detection/data/external/aptos2019/colored_images/Moderate/180afe1d5ef7.png,2,Moderate
/home/neon-cultivator/us/diabetic-retinopathy-detection/data/external/aptos2019/colored_images/Moderate/18323d8f2470.png,2,Moderate
/home/neon-cultivator/us/diabetic-retinopathy-detection/data/external/aptos2019/colored_images/Moderate/1844a039b4ea.png,2,Moderate
/home/neon-cultivator/us/diabetic-retinopathy-detection/data/external/aptos2019/colored_images/No_DR/184a185e7447.png,0,No_DR
/home/neon-cultivator/us/diabetic-retinopathy-detection/data/external/aptos2019/colored_images/No_DR/18621b9ca978.png,0,No_DR
/home/neon-cultivator/us/diabetic-retinopathy-detection/data/external/aptos2019/colored_images/No_DR/186c1835eec5.png,0,No_DR
/home/neon-cultivator/us/diabetic-retinopathy-detection/data/external/aptos2019/colored_images/Proliferate_DR/187f6ccda87a.png,4,Proliferative_DR
/home/neon-cultivator/us/diabetic-retinopathy-detection/data/external/aptos2019/colored_images/Moderate/188a9323be03.png,2,Moderate
/home/neon-cultivator/us/diabetic-retinopathy-detection/data/external/aptos2019/colored_images/No_DR/1891698febce.png,0,No_DR
/home/neon-cultivator/us/diabetic-retinopathy-detection/data/external/aptos2019/colored_images/Moderate/18af532e7e1e.png,2,Moderate
/home/neon-cultivator/us/diabetic-retinopathy-detection/data/external/aptos2019/colored_images/No_DR/18b7e34eab8f.png,0,No_DR
/home/neon-cultivator/us/diabetic-retinopathy-detection/data/external/aptos2019/colored_images/No_DR/18ce0cdc473d.png,0,No_DR
/home/neon-cultivator/us/diabetic-retinopathy-detection/data/external/aptos2019/colored_images/Moderate/18d8fdb140b7.png,2,Moderate
/home/neon-cultivator/us/diabetic-retinopathy-detection/data/external/aptos2019/colored_images/Moderate/18f1f979d30d.png,2,Moderate
/home/neon-cultivator/us/diabetic-retinopathy-detection/data/external/aptos2019/colored_images/No_DR/190a309f2cc5.png,0,No_DR
/home/neon-cultivator/us/diabetic-retinopathy-detection/data/external/aptos2019/colored_images/Moderate/191348830ddf.png,2,Moderate
/home/neon-cultivator/us/diabetic-retinopathy-detection/data/external/aptos2019/colored_images/Severe/191a711852bd.png,3,Severe
/home/neon-cultivator/us/diabetic-retinopathy-detection/data/external/aptos2019/colored_images/No_DR/191cf5668f33.png,0,No_DR
/home/neon-cultivator/us/diabetic-retinopathy-detection/data/external/aptos2019/colored_images/Severe/19244004583f.png,3,Severe
/home/neon-cultivator/us/diabetic-retinopathy-detection/data/external/aptos2019/colored_images/Mild/194814669fee.png,1,Mild
/home/neon-cultivator/us/diabetic-retinopathy-detection/data/external/aptos2019/colored_images/Moderate/196e6a186452.png,2,Moderate
/home/neon-cultivator/us/diabetic-retinopathy-detection/data/external/aptos2019/colored_images/Mild/19722bff5a09.png,1,Mild
/home/neon-cultivator/us/diabetic-retinopathy-detection/data/external/aptos2019/colored_images/No_DR/197af0de76e2.png,0,No_DR
/home/neon-cultivator/us/diabetic-retinopathy-detection/data/external/aptos2019/colored_images/No_DR/19b0e3c734f5.png,0,No_DR
/home/neon-cultivator/us/diabetic-retinopathy-detection/data/external/aptos2019/colored_images/Proliferate_DR/19ef4d292196.png,4,Proliferative_DR
/home/neon-cultivator/us/diabetic-retinopathy-detection/data/external/aptos2019/colored_images/Mild/1a03a7970337.png,1,Mild
/home/neon-cultivator/us/diabetic-retinopathy-detection/data/external/aptos2019/colored_images/No_DR/1a0dbc6c0cda.png,0,No_DR
/home/neon-cultivator/us/diabetic-retinopathy-detection/data/external/aptos2019/colored_images/No_DR/1a19f2ef4472.png,0,No_DR
/home/neon-cultivator/us/diabetic-retinopathy-detection/data/external/aptos2019/colored_images/Moderate/1a1b4b2450ca.png,2,Moderate
/home/neon-cultivator/us/diabetic-retinopathy-detection/data/external/aptos2019/colored_images/No_DR/1a1e974a7dbf.png,0,No_DR
/home/neon-cultivator/us/diabetic-retinopathy-detection/data/external/aptos2019/colored_images/Moderate/1a369baf9ee6.png,2,Moderate
/home/neon-cultivator/us/diabetic-retinopathy-detection/data/external/aptos2019/colored_images/Proliferate_DR/1a7e3356b39c.png,4,Proliferative_DR
/home/neon-cultivator/us/diabetic-retinopathy-detection/data/external/aptos2019/colored_images/No_DR/1ab8d3431ffc.png,0,No_DR
/home/neon-cultivator/us/diabetic-retinopathy-detection/data/external/aptos2019/colored_images/No_DR/1ae3c58759fb.png,0,No_DR
/home/neon-cultivator/us/diabetic-retinopathy-detection/data/external/aptos2019/colored_images/Mild/1b329a127307.png,1,Mild
/home/neon-cultivator/us/diabetic-retinopathy-detection/data/external/aptos2019/colored_images/Proliferate_DR/1b32e1d775ea.png,4,Proliferative_DR
/home/neon-cultivator/us/diabetic-retinopathy-detection/data/external/aptos2019/colored_images/No_DR/1b398c0494d1.png,0,No_DR
/home/neon-cultivator/us/diabetic-retinopathy-detection/data/external/aptos2019/colored_images/Moderate/1b4625877527.png,2,Moderate
/home/neon-cultivator/us/diabetic-retinopathy-detection/data/external/aptos2019/colored_images/Severe/1b495ac025b7.png,3,Severe
/home/neon-cultivator/us/diabetic-retinopathy-detection/data/external/aptos2019/colored_images/No_DR/1b862fb6f65d.png,0,No_DR
/home/neon-cultivator/us/diabetic-retinopathy-detection/data/external/aptos2019/colored_images/No_DR/1b8701231c8f.png,0,No_DR
/home/neon-cultivator/us/diabetic-retinopathy-detection/data/external/aptos2019/colored_images/Moderate/1b8ad0afe9fb.png,2,Moderate
/home/neon-cultivator/us/diabetic-retinopathy-detection/data/external/aptos2019/colored_images/Mild/1bb0ddfe753a.png,1,Mild
/home/neon-cultivator/us/diabetic-retinopathy-detection/data/external/aptos2019/colored_images/Proliferate_DR/1bf30c84bbad.png,4,Proliferative_DR
/home/neon-cultivator/us/diabetic-retinopathy-detection/data/external/aptos2019/colored_images/Mild/1c0cf251b426.png,1,Mild
/home/neon-cultivator/us/diabetic-retinopathy-detection/data/external/aptos2019/colored_images/No_DR/1c13a1483f4a.png,0,No_DR
/home/neon-cultivator/us/diabetic-retinopathy-detection/data/external/aptos2019/colored_images/Mild/1c3a6b4449e9.png,1,Mild
/home/neon-cultivator/us/diabetic-retinopathy-detection/data/external/aptos2019/colored_images/No_DR/1c47815f4a6b.png,0,No_DR
/home/neon-cultivator/us/diabetic-retinopathy-detection/data/external/aptos2019/colored_images/Moderate/1c4d87baaffc.png,2,Moderate
/home/neon-cultivator/us/diabetic-retinopathy-detection/data/external/aptos2019/colored_images/Proliferate_DR/1c4f3aa4df06.png,4,Proliferative_DR
/home/neon-cultivator/us/diabetic-retinopathy-detection/data/external/aptos2019/colored_images/Moderate/1c578b72d7b3.png,2,Moderate
/home/neon-cultivator/us/diabetic-retinopathy-detection/data/external/aptos2019/colored_images/Moderate/1c6d119c3d70.png,2,Moderate
/home/neon-cultivator/us/diabetic-retinopathy-detection/data/external/aptos2019/colored_images/No_DR/1c9c583c10bf.png,0,No_DR
/home/neon-cultivator/us/diabetic-retinopathy-detection/data/external/aptos2019/colored_images/No_DR/1ca35d483772.png,0,No_DR
/home/neon-cultivator/us/diabetic-retinopathy-detection/data/external/aptos2019/colored_images/No_DR/1ca62b3e4fd3.png,0,No_DR
/home/neon-cultivator/us/diabetic-retinopathy-detection/data/external/aptos2019/colored_images/No_DR/1ca91751be4d.png,0,No_DR
/home/neon-cultivator/us/diabetic-retinopathy-detection/data/external/aptos2019/colored_images/No_DR/1caba2fb38f6.png,0,No_DR
/home/neon-cultivator/us/diabetic-retinopathy-detection/data/external/aptos2019/colored_images/No_DR/1cb6961d141c.png,0,No_DR
/home/neon-cultivator/us/diabetic-retinopathy-detection/data/external/aptos2019/colored_images/Moderate/1cb814ed6332.png,2,Moderate
/home/neon-cultivator/us/diabetic-retinopathy-detection/data/external/aptos2019/colored_images/No_DR/1cc58b15f466.png,0,No_DR
/home/neon-cultivator/us/diabetic-retinopathy-detection/data/external/aptos2019/colored_images/Mild/1d11794057ff.png,1,Mild
/home/neon-cultivator/us/diabetic-retinopathy-detection/data/external/aptos2019/colored_images/No_DR/1d2472849dce.png,0,No_DR
/home/neon-cultivator/us/diabetic-retinopathy-detection/data/external/aptos2019/colored_images/No_DR/1d29cb2f4296.png,0,No_DR
/home/neon-cultivator/us/diabetic-retinopathy-detection/data/external/aptos2019/colored_images/No_DR/1d37f1c8b6d8.png,0,No_DR
/home/neon-cultivator/us/diabetic-retinopathy-detection/data/external/aptos2019/colored_images/No_DR/1d3e9b939732.png,0,No_DR
/home/neon-cultivator/us/diabetic-retinopathy-detection/data/external/aptos2019/colored_images/No_DR/1d46f1326394.png,0,No_DR
/home/neon-cultivator/us/diabetic-retinopathy-detection/data/external/aptos2019/colored_images/Mild/1d674e2e32e0.png,1,Mild
/home/neon-cultivator/us/diabetic-retinopathy-detection/data/external/aptos2019/colored_images/Moderate/1da25637859b.png,2,Moderate
/home/neon-cultivator/us/diabetic-retinopathy-detection/data/external/aptos2019/colored_images/No_DR/1da4a17c18c9.png,0,No_DR
/home/neon-cultivator/us/diabetic-retinopathy-detection/data/external/aptos2019/colored_images/Moderate/1db18bdd43aa.png,2,Moderate
/home/neon-cultivator/us/diabetic-retinopathy-detection/data/external/aptos2019/colored_images/No_DR/1db6bb46c102.png,0,No_DR
/home/neon-cultivator/us/diabetic-retinopathy-detection/data/external/aptos2019/colored_images/Moderate/1dbdc32c17db.png,2,Moderate
/home/neon-cultivator/us/diabetic-retinopathy-detection/data/external/aptos2019/colored_images/Moderate/1dd9adcbfff4.png,2,Moderate
/home/neon-cultivator/us/diabetic-retinopathy-detection/data/external/aptos2019/colored_images/No_DR/1df1530b9b8d.png,0,No_DR
/home/neon-cultivator/us/diabetic-retinopathy-detection/data/external/aptos2019/colored_images/Mild/1df3e03a8f5f.png,1,Mild
/home/neon-cultivator/us/diabetic-retinopathy-detection/data/external/aptos2019/colored_images/No_DR/1e036f2e7095.png,0,No_DR
/home/neon-cultivator/us/diabetic-retinopathy-detection/data/external/aptos2019/colored_images/Moderate/1e1fb019710d.png,2,Moderate
/home/neon-cultivator/us/diabetic-retinopathy-detection/data/external/aptos2019/colored_images/Moderate/1e4650743fa2.png,2,Moderate
/home/neon-cultivator/us/diabetic-retinopathy-detection/data/external/aptos2019/colored_images/Moderate/1e4b3b823b95.png,2,Moderate
/home/neon-cultivator/us/diabetic-retinopathy-detection/data/external/aptos2019/colored_images/No_DR/1e742358e0b9.png,0,No_DR
/home/neon-cultivator/us/diabetic-retinopathy-detection/data/external/aptos2019/colored_images/No_DR/1e7ccd4a1c87.png,0,No_DR
/home/neon-cultivator/us/diabetic-retinopathy-detection/data/external/aptos2019/colored_images/Mild/1e8a1fdee5b9.png,1,Mild
/home/neon-cultivator/us/diabetic-retinopathy-detection/data/external/aptos2019/colored_images/No_DR/1e8c31e29dd3.png,0,No_DR
/home/neon-cultivator/us/diabetic-retinopathy-detection/data/external/aptos2019/colored_images/Proliferate_DR/1e9224ccca95.png,4,Proliferative_DR
/home/neon-cultivator/us/diabetic-retinopathy-detection/data/external/aptos2019/colored_images/No_DR/1ec95179cdfe.png,0,No_DR
/home/neon-cultivator/us/diabetic-retinopathy-detection/data/external/aptos2019/colored_images/Moderate/1ee1eb7943db.png,2,Moderate
/home/neon-cultivator/us/diabetic-retinopathy-detection/data/external/aptos2019/colored_images/No_DR/1ee355480567.png,0,No_DR
/home/neon-cultivator/us/diabetic-retinopathy-detection/data/external/aptos2019/colored_images/No_DR/1eee55494271.png,0,No_DR
/home/neon-cultivator/us/diabetic-retinopathy-detection/data/external/aptos2019/colored_images/Proliferate_DR/1efa5d443707.png,4,Proliferative_DR
/home/neon-cultivator/us/diabetic-retinopathy-detection/data/external/aptos2019/colored_images/Moderate/1f0e223b8055.png,2,Moderate
/home/neon-cultivator/us/diabetic-retinopathy-detection/data/external/aptos2019/colored_images/No_DR/1f15ca672675.png,0,No_DR
/home/neon-cultivator/us/diabetic-retinopathy-detection/data/external/aptos2019/colored_images/No_DR/1f3f32efaf20.png,0,No_DR
/home/neon-cultivator/us/diabetic-retinopathy-detection/data/external/aptos2019/colored_images/Moderate/1f4bf8e28b41.png,2,Moderate
/home/neon-cultivator/us/diabetic-retinopathy-detection/data/external/aptos2019/colored_images/No_DR/1f4fb37e0854.png,0,No_DR
/home/neon-cultivator/us/diabetic-retinopathy-detection/data/external/aptos2019/colored_images/No_DR/1faf8664816c.png,0,No_DR
/home/neon-cultivator/us/diabetic-retinopathy-detection/data/external/aptos2019/colored_images/No_DR/1fb455685328.png,0,No_DR
/home/neon-cultivator/us/diabetic-retinopathy-detection/data/external/aptos2019/colored_images/No_DR/1fddd7c98fd2.png,0,No_DR
/home/neon-cultivator/us/diabetic-retinopathy-detection/data/external/aptos2019/colored_images/Moderate/1ffaa51a6245.png,2,Moderate
/home/neon-cultivator/us/diabetic-retinopathy-detection/data/external/aptos2019/colored_images/Mild/200d947f75db.png,1,Mild
/home/neon-cultivator/us/diabetic-retinopathy-detection/data/external/aptos2019/colored_images/Proliferate_DR/2017cd92c63d.png,4,Proliferative_DR
/home/neon-cultivator/us/diabetic-retinopathy-detection/data/external/aptos2019/colored_images/No_DR/201f6e10c108.png,0,No_DR
/home/neon-cultivator/us/diabetic-retinopathy-detection/data/external/aptos2019/colored_images/No_DR/201f882365d3.png,0,No_DR
/home/neon-cultivator/us/diabetic-retinopathy-detection/data/external/aptos2019/colored_images/Moderate/203275daf46d.png,2,Moderate
/home/neon-cultivator/us/diabetic-retinopathy-detection/data/external/aptos2019/colored_images/Moderate/20404ec7b518.png,2,Moderate
/home/neon-cultivator/us/diabetic-retinopathy-detection/data/external/aptos2019/colored_images/Moderate/20688cb25704.png,2,Moderate
/home/neon-cultivator/us/diabetic-retinopathy-detection/data/external/aptos2019/colored_images/No_DR/207dd0487264.png,0,No_DR
/home/neon-cultivator/us/diabetic-retinopathy-detection/data/external/aptos2019/colored_images/Moderate/20c883d3bd38.png,2,Moderate
/home/neon-cultivator/us/diabetic-retinopathy-detection/data/external/aptos2019/colored_images/No_DR/20f86e068276.png,0,No_DR
/home/neon-cultivator/us/diabetic-retinopathy-detection/data/external/aptos2019/colored_images/No_DR/210bfe0127c6.png,0,No_DR
/home/neon-cultivator/us/diabetic-retinopathy-detection/data/external/aptos2019/colored_images/Proliferate_DR/211518c46162.png,4,Proliferative_DR
/home/neon-cultivator/us/diabetic-retinopathy-detection/data/external/aptos2019/colored_images/Moderate/2131aa3a1e6f.png,2,Moderate
/home/neon-cultivator/us/diabetic-retinopathy-detection/data/external/aptos2019/colored_images/No_DR/215d2b7c3fde.png,0,No_DR
/home/neon-cultivator/us/diabetic-retinopathy-detection/data/external/aptos2019/colored_images/Moderate/217dad18a5ed.png,2,Moderate
/home/neon-cultivator/us/diabetic-retinopathy-detection/data/external/aptos2019/colored_images/No_DR/218c822a3dd9.png,0,No_DR
/home/neon-cultivator/us/diabetic-retinopathy-detection/data/external/aptos2019/colored_images/Proliferate_DR/21abd36095a1.png,4,Proliferative_DR
/home/neon-cultivator/us/diabetic-retinopathy-detection/data/external/aptos2019/colored_images/Proliferate_DR/21d18b022429.png,4,Proliferative_DR
/home/neon-cultivator/us/diabetic-retinopathy-detection/data/external/aptos2019/colored_images/Mild/22098b1fe461.png,1,Mild
/home/neon-cultivator/us/diabetic-retinopathy-detection/data/external/aptos2019/colored_images/No_DR/2209daf71aab.png,0,No_DR
/home/neon-cultivator/us/diabetic-retinopathy-detection/data/external/aptos2019/colored_images/No_DR/2221cf5c7935.png,0,No_DR
/home/neon-cultivator/us/diabetic-retinopathy-detection/data/external/aptos2019/colored_images/Moderate/222d0ac042b4.png,2,Moderate
/home/neon-cultivator/us/diabetic-retinopathy-detection/data/external/aptos2019/colored_images/Mild/22325552a4e3.png,1,Mild
/home/neon-cultivator/us/diabetic-retinopathy-detection/data/external/aptos2019/colored_images/Moderate/2241b7e90782.png,2,Moderate
/home/neon-cultivator/us/diabetic-retinopathy-detection/data/external/aptos2019/colored_images/No_DR/22449af52060.png,0,No_DR
/home/neon-cultivator/us/diabetic-retinopathy-detection/data/external/aptos2019/colored_images/No_DR/224c14366e11.png,0,No_DR
/home/neon-cultivator/us/diabetic-retinopathy-detection/data/external/aptos2019/colored_images/Proliferate_DR/22895c89792f.png,4,Proliferative_DR
/home/neon-cultivator/us/diabetic-retinopathy-detection/data/external/aptos2019/colored_images/Mild/22a6da005395.png,1,Mild
/home/neon-cultivator/us/diabetic-retinopathy-detection/data/external/aptos2019/colored_images/Moderate/22ce8ef69357.png,2,Moderate
/home/neon-cultivator/us/diabetic-retinopathy-detection/data/external/aptos2019/colored_images/Moderate/23148a40ecb0.png,2,Moderate
/home/neon-cultivator/us/diabetic-retinopathy-detection/data/external/aptos2019/colored_images/Moderate/232549883508.png,2,Moderate
/home/neon-cultivator/us/diabetic-retinopathy-detection/data/external/aptos2019/colored_images/No_DR/233d948e2544.png,0,No_DR
/home/neon-cultivator/us/diabetic-retinopathy-detection/data/external/aptos2019/colored_images/Moderate/234399352d36.png,2,Moderate
/home/neon-cultivator/us/diabetic-retinopathy-detection/data/external/aptos2019/colored_images/Moderate/236f56771ec6.png,2,Moderate
/home/neon-cultivator/us/diabetic-retinopathy-detection/data/external/aptos2019/colored_images/Moderate/2376e5415458.png,2,Moderate
/home/neon-cultivator/us/diabetic-retinopathy-detection/data/external/aptos2019/colored_images/No_DR/237aa50edc34.png,0,No_DR
/home/neon-cultivator/us/diabetic-retinopathy-detection/data/external/aptos2019/colored_images/Severe/237c078d00fc.png,3,Severe
/home/neon-cultivator/us/diabetic-retinopathy-detection/data/external/aptos2019/colored_images/Moderate/239f2c348ea4.png,2,Moderate
/home/neon-cultivator/us/diabetic-retinopathy-detection/data/external/aptos2019/colored_images/Moderate/23fca0693e2a.png,2,Moderate
/home/neon-cultivator/us/diabetic-retinopathy-detection/data/external/aptos2019/colored_images/No_DR/2408799a09b2.png,0,No_DR
/home/neon-cultivator/us/diabetic-retinopathy-detection/data/external/aptos2019/colored_images/No_DR/240b25a7debe.png,0,No_DR
/home/neon-cultivator/us/diabetic-retinopathy-detection/data/external/aptos2019/colored_images/No_DR/242fc19be06f.png,0,No_DR
/home/neon-cultivator/us/diabetic-retinopathy-detection/data/external/aptos2019/colored_images/Proliferate_DR/247e98aba610.png,4,Proliferative_DR
/home/neon-cultivator/us/diabetic-retinopathy-detection/data/external/aptos2019/colored_images/Mild/248139c423c4.png,1,Mild
/home/neon-cultivator/us/diabetic-retinopathy-detection/data/external/aptos2019/colored_images/Mild/24b943fe725e.png,1,Mild
/home/neon-cultivator/us/diabetic-retinopathy-detection/data/external/aptos2019/colored_images/No_DR/24de56d433cd.png,0,No_DR
/home/neon-cultivator/us/diabetic-retinopathy-detection/data/external/aptos2019/colored_images/No_DR/24f271c87e73.png,0,No_DR
/home/neon-cultivator/us/diabetic-retinopathy-detection/data/external/aptos2019/colored_images/No_DR/24f3e70f0419.png,0,No_DR
/home/neon-cultivator/us/diabetic-retinopathy-detection/data/external/aptos2019/colored_images/Moderate/25002fe43f92.png,2,Moderate
/home/neon-cultivator/us/diabetic-retinopathy-detection/data/external/aptos2019/colored_images/No_DR/252305189b3a.png,0,No_DR
/home/neon-cultivator/us/diabetic-retinopathy-detection/data/external/aptos2019/colored_images/Moderate/2532613a584a.png,2,Moderate
/home/neon-cultivator/us/diabetic-retinopathy-detection/data/external/aptos2019/colored_images/No_DR/253e96488cfb.png,0,No_DR
/home/neon-cultivator/us/diabetic-retinopathy-detection/data/external/aptos2019/colored_images/Proliferate_DR/254052cf3e48.png,4,Proliferative_DR
/home/neon-cultivator/us/diabetic-retinopathy-detection/data/external/aptos2019/colored_images/Mild/259d30f693b6.png,1,Mild
/home/neon-cultivator/us/diabetic-retinopathy-detection/data/external/aptos2019/colored_images/No_DR/25a0a1e41afd.png,0,No_DR
/home/neon-cultivator/us/diabetic-retinopathy-detection/data/external/aptos2019/colored_images/Severe/25b0e72705a8.png,3,Severe
/home/neon-cultivator/us/diabetic-retinopathy-detection/data/external/aptos2019/colored_images/No_DR/25b4080f598b.png,0,No_DR
/home/neon-cultivator/us/diabetic-retinopathy-detection/data/external/aptos2019/colored_images/Proliferate_DR/25d069089c5e.png,4,Proliferative_DR
/home/neon-cultivator/us/diabetic-retinopathy-detection/data/external/aptos2019/colored_images/Moderate/25dc1b41ed9c.png,2,Moderate
/home/neon-cultivator/us/diabetic-retinopathy-detection/data/external/aptos2019/colored_images/Mild/25e9fd872182.png,1,Mild
/home/neon-cultivator/us/diabetic-retinopathy-detection/data/external/aptos2019/colored_images/Moderate/2608e1dac5b1.png,2,Moderate
/home/neon-cultivator/us/diabetic-retinopathy-detection/data/external/aptos2019/colored_images/Moderate/261c6bd63bff.png,2,Moderate
/home/neon-cultivator/us/diabetic-retinopathy-detection/data/external/aptos2019/colored_images/Proliferate_DR/2628305cbb29.png,4,Proliferative_DR
/home/neon-cultivator/us/diabetic-retinopathy-detection/data/external/aptos2019/colored_images/Proliferate_DR/262ad704319c.png,4,Proliferative_DR
/home/neon-cultivator/us/diabetic-retinopathy-detection/data/external/aptos2019/colored_images/Moderate/26453eb7e989.png,2,Moderate
/home/neon-cultivator/us/diabetic-retinopathy-detection/data/external/aptos2019/colored_images/Proliferate_DR/26463a5fb949.png,4,Proliferative_DR
/home/neon-cultivator/us/diabetic-retinopathy-detection/data/external/aptos2019/colored_images/Severe/2665f72e2dd3.png,3,Severe
/home/neon-cultivator/us/diabetic-retinopathy-detection/data/external/aptos2019/colored_images/No_DR/2682e6da9050.png,0,No_DR
/home/neon-cultivator/us/diabetic-retinopathy-detection/data/external/aptos2019/colored_images/Moderate/26999ebc21de.png,2,Moderate
/home/neon-cultivator/us/diabetic-retinopathy-detection/data/external/aptos2019/colored_images/Severe/269b44e628eb.png,3,Severe
/home/neon-cultivator/us/diabetic-retinopathy-detection/data/external/aptos2019/colored_images/Moderate/269f0792f11f.png,2,Moderate
/home/neon-cultivator/us/diabetic-retinopathy-detection/data/external/aptos2019/colored_images/No_DR/26cd40b57ad1.png,0,No_DR
/home/neon-cultivator/us/diabetic-retinopathy-detection/data/external/aptos2019/colored_images/No_DR/26d60db3bbfd.png,0,No_DR
/home/neon-cultivator/us/diabetic-retinopathy-detection/data/external/aptos2019/colored_images/Moderate/26e231747848.png,2,Moderate
/home/neon-cultivator/us/diabetic-retinopathy-detection/data/external/aptos2019/colored_images/No_DR/26fc2358a38d.png,0,No_DR
/home/neon-cultivator/us/diabetic-retinopathy-detection/data/external/aptos2019/colored_images/Moderate/2700754f71e9.png,2,Moderate
/home/neon-cultivator/us/diabetic-retinopathy-detection/data/external/aptos2019/colored_images/Moderate/272d9c043c81.png,2,Moderate
/home/neon-cultivator/us/diabetic-retinopathy-detection/data/external/aptos2019/colored_images/Moderate/2735be026d44.png,2,Moderate
/home/neon-cultivator/us/diabetic-retinopathy-detection/data/external/aptos2019/colored_images/No_DR/274f4de2a59d.png,0,No_DR
/home/neon-cultivator/us/diabetic-retinopathy-detection/data/external/aptos2019/colored_images/Mild/274f5029189b.png,1,Mild
/home/neon-cultivator/us/diabetic-retinopathy-detection/data/external/aptos2019/colored_images/No_DR/276b14f72328.png,0,No_DR
/home/neon-cultivator/us/diabetic-retinopathy-detection/data/external/aptos2019/colored_images/Mild/278aa860dffd.png,1,Mild
/home/neon-cultivator/us/diabetic-retinopathy-detection/data/external/aptos2019/colored_images/Moderate/27b68863349f.png,2,Moderate
/home/neon-cultivator/us/diabetic-retinopathy-detection/data/external/aptos2019/colored_images/Moderate/27bab1432f61.png,2,Moderate
/home/neon-cultivator/us/diabetic-retinopathy-detection/data/external/aptos2019/colored_images/Proliferate_DR/27e2be850a99.png,4,Proliferative_DR
/home/neon-cultivator/us/diabetic-retinopathy-detection/data/external/aptos2019/colored_images/Mild/27e4c800a449.png,1,Mild
/home/neon-cultivator/us/diabetic-retinopathy-detection/data/external/aptos2019/colored_images/No_DR/27f82ada84ac.png,0,No_DR
/home/neon-cultivator/us/diabetic-retinopathy-detection/data/external/aptos2019/colored_images/Moderate/27fca9f12b3c.png,2,Moderate
/home/neon-cultivator/us/diabetic-retinopathy-detection/data/external/aptos2019/colored_images/Proliferate_DR/281d7b7c7676.png,4,Proliferative_DR
/home/neon-cultivator/us/diabetic-retinopathy-detection/data/external/aptos2019/colored_images/No_DR/2821998fc002.png,0,No_DR
/home/neon-cultivator/us/diabetic-retinopathy-detection/data/external/aptos2019/colored_images/No_DR/286e9981dd9b.png,0,No_DR
/home/neon-cultivator/us/diabetic-retinopathy-detection/data/external/aptos2019/colored_images/No_DR/28751f290ba3.png,0,No_DR
/home/neon-cultivator/us/diabetic-retinopathy-detection/data/external/aptos2019/colored_images/Moderate/28824d12d31d.png,2,Moderate
/home/neon-cultivator/us/diabetic-retinopathy-detection/data/external/aptos2019/colored_images/Moderate/28a4d00927b7.png,2,Moderate
/home/neon-cultivator/us/diabetic-retinopathy-detection/data/external/aptos2019/colored_images/No_DR/28dc010a0780.png,0,No_DR
/home/neon-cultivator/us/diabetic-retinopathy-detection/data/external/aptos2019/colored_images/No_DR/28f73575e1f2.png,0,No_DR
/home/neon-cultivator/us/diabetic-retinopathy-detection/data/external/aptos2019/colored_images/Moderate/28f93cad89c5.png,2,Moderate
/home/neon-cultivator/us/diabetic-retinopathy-detection/data/external/aptos2019/colored_images/Mild/28f98cfe3858.png,1,Mild
/home/neon-cultivator/us/diabetic-retinopathy-detection/data/external/aptos2019/colored_images/No_DR/29192375ab1b.png,0,No_DR
/home/neon-cultivator/us/diabetic-retinopathy-detection/data/external/aptos2019/colored_images/Moderate/291e2ff3d834.png,2,Moderate
/home/neon-cultivator/us/diabetic-retinopathy-detection/data/external/aptos2019/colored_images/No_DR/2923971566fe.png,0,No_DR
/home/neon-cultivator/us/diabetic-retinopathy-detection/data/external/aptos2019/colored_images/No_DR/2927665214e1.png,0,No_DR
/home/neon-cultivator/us/diabetic-retinopathy-detection/data/external/aptos2019/colored_images/Moderate/29580bed2f7d.png,2,Moderate
/home/neon-cultivator/us/diabetic-retinopathy-detection/data/external/aptos2019/colored_images/Moderate/295fdc964f6e.png,2,Moderate
/home/neon-cultivator/us/diabetic-retinopathy-detection/data/external/aptos2019/colored_images/Moderate/2967e578939f.png,2,Moderate
/home/neon-cultivator/us/diabetic-retinopathy-detection/data/external/aptos2019/colored_images/No_DR/2974c6ad1d58.png,0,No_DR
/home/neon-cultivator/us/diabetic-retinopathy-detection/data/external/aptos2019/colored_images/Severe/299086c6d1b5.png,3,Severe
/home/neon-cultivator/us/diabetic-retinopathy-detection/data/external/aptos2019/colored_images/Mild/2994f17f58a5.png,1,Mild
/home/neon-cultivator/us/diabetic-retinopathy-detection/data/external/aptos2019/colored_images/No_DR/29a13e666266.png,0,No_DR
/home/neon-cultivator/us/diabetic-retinopathy-detection/data/external/aptos2019/colored_images/Mild/29b52f64d2db.png,1,Mild
/home/neon-cultivator/us/diabetic-retinopathy-detection/data/external/aptos2019/colored_images/Proliferate_DR/29bc0e721cfe.png,4,Proliferative_DR
/home/neon-cultivator/us/diabetic-retinopathy-detection/data/external/aptos2019/colored_images/No_DR/29d059522fa1.png,0,No_DR
/home/neon-cultivator/us/diabetic-retinopathy-detection/data/external/aptos2019/colored_images/Mild/2a08ed6bbcbc.png,1,Mild
/home/neon-cultivator/us/diabetic-retinopathy-detection/data/external/aptos2019/colored_images/No_DR/2a2274bcb00a.png,0,No_DR
/home/neon-cultivator/us/diabetic-retinopathy-detection/data/external/aptos2019/colored_images/No_DR/2a2a6435f7f3.png,0,No_DR
/home/neon-cultivator/us/diabetic-retinopathy-detection/data/external/aptos2019/colored_images/Moderate/2a3378bcfbcc.png,2,Moderate
/home/neon-cultivator/us/diabetic-retinopathy-detection/data/external/aptos2019/colored_images/Moderate/2a3a1ed1c285.png,2,Moderate
/home/neon-cultivator/us/diabetic-retinopathy-detection/data/external/aptos2019/colored_images/No_DR/2a4520f1f9a3.png,0,No_DR
/home/neon-cultivator/us/diabetic-retinopathy-detection/data/external/aptos2019/colored_images/Moderate/2a47e5b21791.png,2,Moderate
/home/neon-cultivator/us/diabetic-retinopathy-detection/data/external/aptos2019/colored_images/Moderate/2a5a8b744f08.png,2,Moderate
/home/neon-cultivator/us/diabetic-retinopathy-detection/data/external/aptos2019/colored_images/No_DR/2a7373eeb352.png,0,No_DR
/home/neon-cultivator/us/diabetic-retinopathy-detection/data/external/aptos2019/colored_images/Mild/2a8a9e957a6c.png,1,Mild
/home/neon-cultivator/us/diabetic-retinopathy-detection/data/external/aptos2019/colored_images/No_DR/2a93334f663a.png,0,No_DR
/home/neon-cultivator/us/diabetic-retinopathy-detection/data/external/aptos2019/colored_images/Moderate/2af1bf226f51.png,2,Moderate
/home/neon-cultivator/us/diabetic-retinopathy-detection/data/external/aptos2019/colored_images/Moderate/2b074afdf626.png,2,Moderate
/home/neon-cultivator/us/diabetic-retinopathy-detection/data/external/aptos2019/colored_images/Moderate/2b07790a2422.png,2,Moderate
/home/neon-cultivator/us/diabetic-retinopathy-detection/data/external/aptos2019/colored_images/No_DR/2b3a4a81d748.png,0,No_DR
/home/neon-cultivator/us/diabetic-retinopathy-detection/data/external/aptos2019/colored_images/Severe/2b48daf24be0.png,3,Severe
/home/neon-cultivator/us/diabetic-retinopathy-detection/data/external/aptos2019/colored_images/Moderate/2ba0b0d9bda2.png,2,Moderate
/home/neon-cultivator/us/diabetic-retinopathy-detection/data/external/aptos2019/colored_images/No_DR/2bb3c492d6d3.png,0,No_DR
/home/neon-cultivator/us/diabetic-retinopathy-detection/data/external/aptos2019/colored_images/Proliferate_DR/2bbcfdc477db.png,4,Proliferative_DR
/home/neon-cultivator/us/diabetic-retinopathy-detection/data/external/aptos2019/colored_images/Moderate/2c1d5be654dd.png,2,Moderate
/home/neon-cultivator/us/diabetic-retinopathy-detection/data/external/aptos2019/colored_images/No_DR/2c77bf969079.png,0,No_DR
/home/neon-cultivator/us/diabetic-retinopathy-detection/data/external/aptos2019/colored_images/No_DR/2c9dfc270f1b.png,0,No_DR
/home/neon-cultivator/us/diabetic-retinopathy-detection/data/external/aptos2019/colored_images/No_DR/2cacdb0dffae.png,0,No_DR
/home/neon-cultivator/us/diabetic-retinopathy-detection/data/external/aptos2019/colored_images/Moderate/2cbfc6182ba2.png,2,Moderate
/home/neon-cultivator/us/diabetic-retinopathy-detection/data/external/aptos2019/colored_images/Moderate/2cceb07ff706.png,2,Moderate
/home/neon-cultivator/us/diabetic-retinopathy-detection/data/external/aptos2019/colored_images/No_DR/2cdcc910778d.png,0,No_DR
/home/neon-cultivator/us/diabetic-retinopathy-detection/data/external/aptos2019/colored_images/No_DR/2cfe8703f265.png,0,No_DR
/home/neon-cultivator/us/diabetic-retinopathy-detection/data/external/aptos2019/colored_images/No_DR/2d07162a13b1.png,0,No_DR
/home/neon-cultivator/us/diabetic-retinopathy-detection/data/external/aptos2019/colored_images/Moderate/2d552318eb07.png,2,Moderate
/home/neon-cultivator/us/diabetic-retinopathy-detection/data/external/aptos2019/colored_images/Mild/2d7666b8884f.png,1,Mild
/home/neon-cultivator/us/diabetic-retinopathy-detection/data/external/aptos2019/colored_images/Moderate/2d870833c0c9.png,2,Moderate
/home/neon-cultivator/us/diabetic-retinopathy-detection/data/external/aptos2019/colored_images/Mild/2d9d97a6e713.png,1,Mild
/home/neon-cultivator/us/diabetic-retinopathy-detection/data/external/aptos2019/colored_images/No_DR/2da82d14e1b7.png,0,No_DR
/home/neon-cultivator/us/diabetic-retinopathy-detection/data/external/aptos2019/colored_images/No_DR/2db0cd3e30da.png,0,No_DR
/home/neon-cultivator/us/diabetic-retinopathy-detection/data/external/aptos2019/colored_images/No_DR/2dc647e00ad3.png,0,No_DR
/home/neon-cultivator/us/diabetic-retinopathy-detection/data/external/aptos2019/colored_images/No_DR/2dd28ac497d2.png,0,No_DR
/home/neon-cultivator/us/diabetic-retinopathy-detection/data/external/aptos2019/colored_images/Moderate/2e26762daed5.png,2,Moderate
/home/neon-cultivator/us/diabetic-retinopathy-detection/data/external/aptos2019/colored_images/Moderate/2e79041ef722.png,2,Moderate
/home/neon-cultivator/us/diabetic-retinopathy-detection/data/external/aptos2019/colored_images/No_DR/2ef10194e80d.png,0,No_DR
/home/neon-cultivator/us/diabetic-retinopathy-detection/data/external/aptos2019/colored_images/No_DR/2ef4a04aed1b.png,0,No_DR
/home/neon-cultivator/us/diabetic-retinopathy-detection/data/external/aptos2019/colored_images/No_DR/2ef955d6d9ff.png,0,No_DR
/home/neon-cultivator/us/diabetic-retinopathy-detection/data/external/aptos2019/colored_images/No_DR/2f143453bb71.png,0,No_DR
/home/neon-cultivator/us/diabetic-retinopathy-detection/data/external/aptos2019/colored_images/Proliferate_DR/2f284b6a1940.png,4,Proliferative_DR
/home/neon-cultivator/us/diabetic-retinopathy-detection/data/external/aptos2019/colored_images/Mild/2f2e1949ad56.png,1,Mild
/home/neon-cultivator/us/diabetic-retinopathy-detection/data/external/aptos2019/colored_images/Severe/2f42e20db938.png,3,Severe
/home/neon-cultivator/us/diabetic-retinopathy-detection/data/external/aptos2019/colored_images/Moderate/2f5c9cdfb333.png,2,Moderate
/home/neon-cultivator/us/diabetic-retinopathy-detection/data/external/aptos2019/colored_images/Proliferate_DR/2f7789c1e046.png,4,Proliferative_DR
/home/neon-cultivator/us/diabetic-retinopathy-detection/data/external/aptos2019/colored_images/No_DR/2f8d14a7d390.png,0,No_DR
/home/neon-cultivator/us/diabetic-retinopathy-detection/data/external/aptos2019/colored_images/Moderate/2f9b66784109.png,2,Moderate
/home/neon-cultivator/us/diabetic-retinopathy-detection/data/external/aptos2019/colored_images/Moderate/2fb3a8606a77.png,2,Moderate
/home/neon-cultivator/us/diabetic-retinopathy-detection/data/external/aptos2019/colored_images/Proliferate_DR/2fde69f20585.png,4,Proliferative_DR
/home/neon-cultivator/us/diabetic-retinopathy-detection/data/external/aptos2019/colored_images/No_DR/2fdfb80ea53c.png,0,No_DR
/home/neon-cultivator/us/diabetic-retinopathy-detection/data/external/aptos2019/colored_images/Moderate/2fdffb6160a6.png,2,Moderate
/home/neon-cultivator/us/diabetic-retinopathy-detection/data/external/aptos2019/colored_images/Proliferate_DR/2fe06bedb2c4.png,4,Proliferative_DR
/home/neon-cultivator/us/diabetic-retinopathy-detection/data/external/aptos2019/colored_images/No_DR/30263a7d5609.png,0,No_DR
/home/neon-cultivator/us/diabetic-retinopathy-detection/data/external/aptos2019/colored_images/Moderate/302bcdb635ff.png,2,Moderate
/home/neon-cultivator/us/diabetic-retinopathy-detection/data/external/aptos2019/colored_images/No_DR/306c841af3fc.png,0,No_DR
/home/neon-cultivator/us/diabetic-retinopathy-detection/data/external/aptos2019/colored_images/Moderate/308f7fce6f0d.png,2,Moderate
/home/neon-cultivator/us/diabetic-retinopathy-detection/data/external/aptos2019/colored_images/Mild/30941b65348b.png,1,Mild
/home/neon-cultivator/us/diabetic-retinopathy-detection/data/external/aptos2019/colored_images/Mild/30cab14951ac.png,1,Mild
/home/neon-cultivator/us/diabetic-retinopathy-detection/data/external/aptos2019/colored_images/Moderate/310c27067ac0.png,2,Moderate
/home/neon-cultivator/us/diabetic-retinopathy-detection/data/external/aptos2019/colored_images/Proliferate_DR/312694ea8e6a.png,4,Proliferative_DR
/home/neon-cultivator/us/diabetic-retinopathy-detection/data/external/aptos2019/colored_images/Moderate/3128eb593012.png,2,Moderate
/home/neon-cultivator/us/diabetic-retinopathy-detection/data/external/aptos2019/colored_images/No_DR/3132556f5352.png,0,No_DR
/home/neon-cultivator/us/diabetic-retinopathy-detection/data/external/aptos2019/colored_images/No_DR/31360e44ac64.png,0,No_DR
/home/neon-cultivator/us/diabetic-retinopathy-detection/data/external/aptos2019/colored_images/Moderate/31452ad8808c.png,2,Moderate
/home/neon-cultivator/us/diabetic-retinopathy-detection/data/external/aptos2019/colored_images/Moderate/314862758acf.png,2,Moderate
/home/neon-cultivator/us/diabetic-retinopathy-detection/data/external/aptos2019/colored_images/No_DR/315c1a0d87fd.png,0,No_DR
/home/neon-cultivator/us/diabetic-retinopathy-detection/data/external/aptos2019/colored_images/Severe/31616ff6b53b.png,3,Severe
/home/neon-cultivator/us/diabetic-retinopathy-detection/data/external/aptos2019/colored_images/Moderate/31b5d6fb0256.png,2,Moderate
/home/neon-cultivator/us/diabetic-retinopathy-detection/data/external/aptos2019/colored_images/Mild/31cb39681f6a.png,1,Mild
/home/neon-cultivator/us/diabetic-retinopathy-detection/data/external/aptos2019/colored_images/Proliferate_DR/3206171db5be.png,4,Proliferative_DR
/home/neon-cultivator/us/diabetic-retinopathy-detection/data/external/aptos2019/colored_images/Severe/3218a6d8eb2c.png,3,Severe
/home/neon-cultivator/us/diabetic-retinopathy-detection/data/external/aptos2019/colored_images/Moderate/3246f07e65b4.png,2,Moderate
/home/neon-cultivator/us/diabetic-retinopathy-detection/data/external/aptos2019/colored_images/No_DR/3254e48c8aa0.png,0,No_DR
/home/neon-cultivator/us/diabetic-retinopathy-detection/data/external/aptos2019/colored_images/No_DR/3286073a976e.png,0,No_DR
/home/neon-cultivator/us/diabetic-retinopathy-detection/data/external/aptos2019/colored_images/No_DR/328d141ed3aa.png,0,No_DR
/home/neon-cultivator/us/diabetic-retinopathy-detection/data/external/aptos2019/colored_images/Moderate/32a3eb37ff40.png,2,Moderate
/home/neon-cultivator/us/diabetic-retinopathy-detection/data/external/aptos2019/colored_images/No_DR/32d7d360d891.png,0,No_DR
/home/neon-cultivator/us/diabetic-retinopathy-detection/data/external/aptos2019/colored_images/No_DR/32ed318235b8.png,0,No_DR
/home/neon-cultivator/us/diabetic-retinopathy-detection/data/external/aptos2019/colored_images/Moderate/331b87d1b9d1.png,2,Moderate
/home/neon-cultivator/us/diabetic-retinopathy-detection/data/external/aptos2019/colored_images/No_DR/3323fd59782e.png,0,No_DR
/home/neon-cultivator/us/diabetic-retinopathy-detection/data/external/aptos2019/colored_images/No_DR/3325b1fe55d2.png,0,No_DR
/home/neon-cultivator/us/diabetic-retinopathy-detection/data/external/aptos2019/colored_images/Severe/33778d136069.png,3,Severe
/home/neon-cultivator/us/diabetic-retinopathy-detection/data/external/aptos2019/colored_images/Mild/33b893e18eb3.png,1,Mild
/home/neon-cultivator/us/diabetic-retinopathy-detection/data/external/aptos2019/colored_images/No_DR/33b91def2035.png,0,No_DR
/home/neon-cultivator/us/diabetic-retinopathy-detection/data/external/aptos2019/colored_images/No_DR/33b978734eab.png,0,No_DR
/home/neon-cultivator/us/diabetic-retinopathy-detection/data/external/aptos2019/colored_images/No_DR/33e7bf536fc5.png,0,No_DR
/home/neon-cultivator/us/diabetic-retinopathy-detection/data/external/aptos2019/colored_images/Moderate/33e8e26a75d4.png,2,Moderate
/home/neon-cultivator/us/diabetic-retinopathy-detection/data/external/aptos2019/colored_images/Mild/33ffddea8c6e.png,1,Mild
/home/neon-cultivator/us/diabetic-retinopathy-detection/data/external/aptos2019/colored_images/Moderate/3402124408ea.png,2,Moderate
/home/neon-cultivator/us/diabetic-retinopathy-detection/data/external/aptos2019/colored_images/No_DR/342edf9b889d.png,0,No_DR
/home/neon-cultivator/us/diabetic-retinopathy-detection/data/external/aptos2019/colored_images/Severe/3435fd8675a2.png,3,Severe
/home/neon-cultivator/us/diabetic-retinopathy-detection/data/external/aptos2019/colored_images/No_DR/345b1f0abbba.png,0,No_DR
/home/neon-cultivator/us/diabetic-retinopathy-detection/data/external/aptos2019/colored_images/Mild/3461dc601cc2.png,1,Mild
/home/neon-cultivator/us/diabetic-retinopathy-detection/data/external/aptos2019/colored_images/Moderate/34723fae6475.png,2,Moderate
/home/neon-cultivator/us/diabetic-retinopathy-detection/data/external/aptos2019/colored_images/No_DR/3486f7096276.png,0,No_DR
/home/neon-cultivator/us/diabetic-retinopathy-detection/data/external/aptos2019/colored_images/Moderate/349f3c0ac83e.png,2,Moderate
/home/neon-cultivator/us/diabetic-retinopathy-detection/data/external/aptos2019/colored_images/No_DR/34acae864963.png,0,No_DR
/home/neon-cultivator/us/diabetic-retinopathy-detection/data/external/aptos2019/colored_images/No_DR/351e842842a2.png,0,No_DR
/home/neon-cultivator/us/diabetic-retinopathy-detection/data/external/aptos2019/colored_images/Severe/352e4a939242.png,3,Severe
/home/neon-cultivator/us/diabetic-retinopathy-detection/data/external/aptos2019/colored_images/Moderate/354b8911d6ed.png,2,Moderate
/home/neon-cultivator/us/diabetic-retinopathy-detection/data/external/aptos2019/colored_images/No_DR/35777eb7859d.png,0,No_DR
/home/neon-cultivator/us/diabetic-retinopathy-detection/data/external/aptos2019/colored_images/No_DR/3580a545016d.png,0,No_DR
/home/neon-cultivator/us/diabetic-retinopathy-detection/data/external/aptos2019/colored_images/Mild/358d2224de73.png,1,Mild
/home/neon-cultivator/us/diabetic-retinopathy-detection/data/external/aptos2019/colored_images/No_DR/3599029efeb3.png,0,No_DR
/home/neon-cultivator/us/diabetic-retinopathy-detection/data/external/aptos2019/colored_images/No_DR/35ac70c0d08f.png,0,No_DR
/home/neon-cultivator/us/diabetic-retinopathy-detection/data/external/aptos2019/colored_images/No_DR/35beb47fe159.png,0,No_DR
/home/neon-cultivator/us/diabetic-retinopathy-detection/data/external/aptos2019/colored_images/No_DR/35cd9832fc0a.png,0,No_DR
/home/neon-cultivator/us/diabetic-retinopathy-detection/data/external/aptos2019/colored_images/Mild/35d6c4c50072.png,1,Mild
/home/neon-cultivator/us/diabetic-retinopathy-detection/data/external/aptos2019/colored_images/No_DR/35df2bc6ae95.png,0,No_DR
/home/neon-cultivator/us/diabetic-retinopathy-detection/data/external/aptos2019/colored_images/No_DR/3601dac9bed7.png,0,No_DR
/home/neon-cultivator/us/diabetic-retinopathy-detection/data/external/aptos2019/colored_images/Mild/36041171f441.png,1,Mild
/home/neon-cultivator/us/diabetic-retinopathy-detection/data/external/aptos2019/colored_images/No_DR/360832d84ce0.png,0,No_DR
/home/neon-cultivator/us/diabetic-retinopathy-detection/data/external/aptos2019/colored_images/Moderate/362c4a96cebb.png,2,Moderate
/home/neon-cultivator/us/diabetic-retinopathy-detection/data/external/aptos2019/colored_images/Mild/365f8c01d994.png,1,Mild
/home/neon-cultivator/us/diabetic-retinopathy-detection/data/external/aptos2019/colored_images/Mild/36677b70b1ef.png,1,Mild
/home/neon-cultivator/us/diabetic-retinopathy-detection/data/external/aptos2019/colored_images/Moderate/367c7049929c.png,2,Moderate
/home/neon-cultivator/us/diabetic-retinopathy-detection/data/external/aptos2019/colored_images/Severe/36865bbc64d6.png,3,Severe
/home/neon-cultivator/us/diabetic-retinopathy-detection/data/external/aptos2019/colored_images/No_DR/3694e8c8e09a.png,0,No_DR
/home/neon-cultivator/us/diabetic-retinopathy-detection/data/external/aptos2019/colored_images/Moderate/36a1e3c780a0.png,2,Moderate
/home/neon-cultivator/us/diabetic-retinopathy-detection/data/external/aptos2019/colored_images/Severe/36b5b3c9fb32.png,3,Severe
/home/neon-cultivator/us/diabetic-retinopathy-detection/data/external/aptos2019/colored_images/No_DR/36e4b704b905.png,0,No_DR
/home/neon-cultivator/us/diabetic-retinopathy-detection/data/external/aptos2019/colored_images/No_DR/370f575adb23.png,0,No_DR
/home/neon-cultivator/us/diabetic-retinopathy-detection/data/external/aptos2019/colored_images/No_DR/3710ff45299c.png,0,No_DR
/home/neon-cultivator/us/diabetic-retinopathy-detection/data/external/aptos2019/colored_images/No_DR/3730c322d35b.png,0,No_DR
/home/neon-cultivator/us/diabetic-retinopathy-detection/data/external/aptos2019/colored_images/No_DR/3732de8b416f.png,0,No_DR
/home/neon-cultivator/us/diabetic-retinopathy-detection/data/external/aptos2019/colored_images/Proliferate_DR/374535e0adb8.png,4,Proliferative_DR
/home/neon-cultivator/us/diabetic-retinopathy-detection/data/external/aptos2019/colored_images/Proliferate_DR/378963f9df22.png,4,Proliferative_DR
/home/neon-cultivator/us/diabetic-retinopathy-detection/data/external/aptos2019/colored_images/Proliferate_DR/3796af4d987a.png,4,Proliferative_DR
/home/neon-cultivator/us/diabetic-retinopathy-detection/data/external/aptos2019/colored_images/Proliferate_DR/37c4dfe03aba.png,4,Proliferative_DR
/home/neon-cultivator/us/diabetic-retinopathy-detection/data/external/aptos2019/colored_images/No_DR/37c523296d42.png,0,No_DR
/home/neon-cultivator/us/diabetic-retinopathy-detection/data/external/aptos2019/colored_images/Moderate/37de05ef12a5.png,2,Moderate
/home/neon-cultivator/us/diabetic-retinopathy-detection/data/external/aptos2019/colored_images/Severe/38055d8b9f08.png,3,Severe
/home/neon-cultivator/us/diabetic-retinopathy-detection/data/external/aptos2019/colored_images/Severe/383e72af1955.png,3,Severe
/home/neon-cultivator/us/diabetic-retinopathy-detection/data/external/aptos2019/colored_images/Mild/384631079d1e.png,1,Mild
/home/neon-cultivator/us/diabetic-retinopathy-detection/data/external/aptos2019/colored_images/No_DR/384e6c915722.png,0,No_DR
/home/neon-cultivator/us/diabetic-retinopathy-detection/data/external/aptos2019/colored_images/No_DR/387138ddf43d.png,0,No_DR
/home/neon-cultivator/us/diabetic-retinopathy-detection/data/external/aptos2019/colored_images/No_DR/388279491b5d.png,0,No_DR
/home/neon-cultivator/us/diabetic-retinopathy-detection/data/external/aptos2019/colored_images/No_DR/389552047476.png,0,No_DR
/home/neon-cultivator/us/diabetic-retinopathy-detection/data/external/aptos2019/colored_images/Mild/38b9bb961847.png,1,Mild
/home/neon-cultivator/us/diabetic-retinopathy-detection/data/external/aptos2019/colored_images/No_DR/38c7153457e2.png,0,No_DR
/home/neon-cultivator/us/diabetic-retinopathy-detection/data/external/aptos2019/colored_images/Mild/38e0e28d35d3.png,1,Mild
/home/neon-cultivator/us/diabetic-retinopathy-detection/data/external/aptos2019/colored_images/Moderate/38e111cac46f.png,2,Moderate
/home/neon-cultivator/us/diabetic-retinopathy-detection/data/external/aptos2019/colored_images/No_DR/38f1901f214a.png,0,No_DR
/home/neon-cultivator/us/diabetic-retinopathy-detection/data/external/aptos2019/colored_images/No_DR/3908b3cfd620.png,0,No_DR
/home/neon-cultivator/us/diabetic-retinopathy-detection/data/external/aptos2019/colored_images/Moderate/39134907127a.png,2,Moderate
/home/neon-cultivator/us/diabetic-retinopathy-detection/data/external/aptos2019/colored_images/No_DR/393fa5a023a5.png,0,No_DR
/home/neon-cultivator/us/diabetic-retinopathy-detection/data/external/aptos2019/colored_images/Moderate/39923b29988a.png,2,Moderate
/home/neon-cultivator/us/diabetic-retinopathy-detection/data/external/aptos2019/colored_images/Severe/39aa3cd93c50.png,3,Severe
/home/neon-cultivator/us/diabetic-retinopathy-detection/data/external/aptos2019/colored_images/Moderate/39b5b05d6cd9.png,2,Moderate
/home/neon-cultivator/us/diabetic-retinopathy-detection/data/external/aptos2019/colored_images/No_DR/39f8935185e6.png,0,No_DR
/home/neon-cultivator/us/diabetic-retinopathy-detection/data/external/aptos2019/colored_images/No_DR/39fd8ef3a45c.png,0,No_DR
/home/neon-cultivator/us/diabetic-retinopathy-detection/data/external/aptos2019/colored_images/Moderate/3a122851e526.png,2,Moderate
/home/neon-cultivator/us/diabetic-retinopathy-detection/data/external/aptos2019/colored_images/Moderate/3a1d3ce00f0c.png,2,Moderate
/home/neon-cultivator/us/diabetic-retinopathy-detection/data/external/aptos2019/colored_images/Proliferate_DR/3a1ecf5e2839.png,4,Proliferative_DR
/home/neon-cultivator/us/diabetic-retinopathy-detection/data/external/aptos2019/colored_images/Moderate/3a61e690f4bb.png,2,Moderate
/home/neon-cultivator/us/diabetic-retinopathy-detection/data/external/aptos2019/colored_images/Proliferate_DR/3a6e9730b298.png,4,Proliferative_DR
/home/neon-cultivator/us/diabetic-retinopathy-detection/data/external/aptos2019/colored_images/Moderate/3aa2b1ce6700.png,2,Moderate
/home/neon-cultivator/us/diabetic-retinopathy-detection/data/external/aptos2019/colored_images/No_DR/3af9aaa880e9.png,0,No_DR
/home/neon-cultivator/us/diabetic-retinopathy-detection/data/external/aptos2019/colored_images/No_DR/3b0190bbe615.png,0,No_DR
/home/neon-cultivator/us/diabetic-retinopathy-detection/data/external/aptos2019/colored_images/No_DR/3b10191dfd25.png,0,No_DR
/home/neon-cultivator/us/diabetic-retinopathy-detection/data/external/aptos2019/colored_images/Proliferate_DR/3b185ac445d0.png,4,Proliferative_DR
/home/neon-cultivator/us/diabetic-retinopathy-detection/data/external/aptos2019/colored_images/Proliferate_DR/3b232b394e4f.png,4,Proliferative_DR
/home/neon-cultivator/us/diabetic-retinopathy-detection/data/external/aptos2019/colored_images/No_DR/3b2b91590590.png,0,No_DR
/home/neon-cultivator/us/diabetic-retinopathy-detection/data/external/aptos2019/colored_images/Proliferate_DR/3b4a5fcbe5e0.png,4,Proliferative_DR
/home/neon-cultivator/us/diabetic-retinopathy-detection/data/external/aptos2019/colored_images/No_DR/3b5dffe159b6.png,0,No_DR
/home/neon-cultivator/us/diabetic-retinopathy-detection/data/external/aptos2019/colored_images/Mild/3b73a3a4a734.png,1,Mild
/home/neon-cultivator/us/diabetic-retinopathy-detection/data/external/aptos2019/colored_images/No_DR/3b9817a39adf.png,0,No_DR
/home/neon-cultivator/us/diabetic-retinopathy-detection/data/external/aptos2019/colored_images/Moderate/3b9c1f42c2f2.png,2,Moderate
/home/neon-cultivator/us/diabetic-retinopathy-detection/data/external/aptos2019/colored_images/No_DR/3bf2deaa5ef0.png,0,No_DR
/home/neon-cultivator/us/diabetic-retinopathy-detection/data/external/aptos2019/colored_images/Moderate/3c1efa38d0da.png,2,Moderate
/home/neon-cultivator/us/diabetic-retinopathy-detection/data/external/aptos2019/colored_images/Moderate/3c311c9109b0.png,2,Moderate
/home/neon-cultivator/us/diabetic-retinopathy-detection/data/external/aptos2019/colored_images/No_DR/3c42512c81e0.png,0,No_DR
/home/neon-cultivator/us/diabetic-retinopathy-detection/data/external/aptos2019/colored_images/Mild/3c72f580d4ba.png,1,Mild
/home/neon-cultivator/us/diabetic-retinopathy-detection/data/external/aptos2019/colored_images/Proliferate_DR/3c78bfca247b.png,4,Proliferative_DR
/home/neon-cultivator/us/diabetic-retinopathy-detection/data/external/aptos2019/colored_images/No_DR/3ca12e02dd4e.png,0,No_DR
/home/neon-cultivator/us/diabetic-retinopathy-detection/data/external/aptos2019/colored_images/Moderate/3cd801ffdbf0.png,2,Moderate
/home/neon-cultivator/us/diabetic-retinopathy-detection/data/external/aptos2019/colored_images/No_DR/3cd9713c0ecb.png,0,No_DR
/home/neon-cultivator/us/diabetic-retinopathy-detection/data/external/aptos2019/colored_images/Moderate/3cdda8b3df19.png,2,Moderate
/home/neon-cultivator/us/diabetic-retinopathy-detection/data/external/aptos2019/colored_images/Moderate/3d3e288d490e.png,2,Moderate
/home/neon-cultivator/us/diabetic-retinopathy-detection/data/external/aptos2019/colored_images/Moderate/3d663a6a50a3.png,2,Moderate
/home/neon-cultivator/us/diabetic-retinopathy-detection/data/external/aptos2019/colored_images/Mild/3dbc90c7ee7d.png,1,Mild
/home/neon-cultivator/us/diabetic-retinopathy-detection/data/external/aptos2019/colored_images/Moderate/3dbfbc11e105.png,2,Moderate
/home/neon-cultivator/us/diabetic-retinopathy-detection/data/external/aptos2019/colored_images/Mild/3de8ad4151e1.png,1,Mild
/home/neon-cultivator/us/diabetic-retinopathy-detection/data/external/aptos2019/colored_images/No_DR/3dec415b188a.png,0,No_DR
/home/neon-cultivator/us/diabetic-retinopathy-detection/data/external/aptos2019/colored_images/Moderate/3dfc50108072.png,2,Moderate
/home/neon-cultivator/us/diabetic-retinopathy-detection/data/external/aptos2019/colored_images/Moderate/3e1f8fecb06f.png,2,Moderate
/home/neon-cultivator/us/diabetic-retinopathy-detection/data/external/aptos2019/colored_images/No_DR/3e61703b5ab2.png,0,No_DR
/home/neon-cultivator/us/diabetic-retinopathy-detection/data/external/aptos2019/colored_images/Moderate/3e6bfc4d5c65.png,2,Moderate
/home/neon-cultivator/us/diabetic-retinopathy-detection/data/external/aptos2019/colored_images/Mild/3ee17aa12e46.png,1,Mild
/home/neon-cultivator/us/diabetic-retinopathy-detection/data/external/aptos2019/colored_images/Proliferate_DR/3ee4841936ef.png,4,Proliferative_DR
/home/neon-cultivator/us/diabetic-retinopathy-detection/data/external/aptos2019/colored_images/Moderate/3f3de2a6b0f5.png,2,Moderate
/home/neon-cultivator/us/diabetic-retinopathy-detection/data/external/aptos2019/colored_images/No_DR/3f44d749cd0b.png,0,No_DR
/home/neon-cultivator/us/diabetic-retinopathy-detection/data/external/aptos2019/colored_images/Moderate/3f47f83217b5.png,2,Moderate
/home/neon-cultivator/us/diabetic-retinopathy-detection/data/external/aptos2019/colored_images/Severe/3f49f8d100e9.png,3,Severe
/home/neon-cultivator/us/diabetic-retinopathy-detection/data/external/aptos2019/colored_images/No_DR/3f6c627e2ff2.png,0,No_DR
/home/neon-cultivator/us/diabetic-retinopathy-detection/data/external/aptos2019/colored_images/Mild/3f73c91b7e32.png,1,Mild
/home/neon-cultivator/us/diabetic-retinopathy-detection/data/external/aptos2019/colored_images/Proliferate_DR/3f752fcccec0.png,4,Proliferative_DR
/home/neon-cultivator/us/diabetic-retinopathy-detection/data/external/aptos2019/colored_images/Moderate/3f8d5c940ba4.png,2,Moderate
/home/neon-cultivator/us/diabetic-retinopathy-detection/data/external/aptos2019/colored_images/Severe/3fa4f4d77177.png,3,Severe
/home/neon-cultivator/us/diabetic-retinopathy-detection/data/external/aptos2019/colored_images/Moderate/3fc219927a97.png,2,Moderate
/home/neon-cultivator/us/diabetic-retinopathy-detection/data/external/aptos2019/colored_images/No_DR/3fd45879afe6.png,0,No_DR
/home/neon-cultivator/us/diabetic-retinopathy-detection/data/external/aptos2019/colored_images/Moderate/3fd7df6099e3.png,2,Moderate
/home/neon-cultivator/us/diabetic-retinopathy-detection/data/external/aptos2019/colored_images/No_DR/3fe282197c1c.png,0,No_DR
/home/neon-cultivator/us/diabetic-retinopathy-detection/data/external/aptos2019/colored_images/No_DR/401fdfd0db07.png,0,No_DR
/home/neon-cultivator/us/diabetic-retinopathy-detection/data/external/aptos2019/colored_images/Mild/4029d70e9d8a.png,1,Mild
/home/neon-cultivator/us/diabetic-retinopathy-detection/data/external/aptos2019/colored_images/No_DR/405085b53d7b.png,0,No_DR
/home/neon-cultivator/us/diabetic-retinopathy-detection/data/external/aptos2019/colored_images/Moderate/40527a5e95dd.png,2,Moderate
/home/neon-cultivator/us/diabetic-retinopathy-detection/data/external/aptos2019/colored_images/Severe/405b4f78658f.png,3,Severe
/home/neon-cultivator/us/diabetic-retinopathy-detection/data/external/aptos2019/colored_images/Proliferate_DR/408ea9d5e082.png,4,Proliferative_DR
/home/neon-cultivator/us/diabetic-retinopathy-detection/data/external/aptos2019/colored_images/Mild/40e9b5630438.png,1,Mild
/home/neon-cultivator/us/diabetic-retinopathy-detection/data/external/aptos2019/colored_images/No_DR/4134b290f5f3.png,0,No_DR
/home/neon-cultivator/us/diabetic-retinopathy-detection/data/external/aptos2019/colored_images/No_DR/4158c340fa49.png,0,No_DR
/home/neon-cultivator/us/diabetic-retinopathy-detection/data/external/aptos2019/colored_images/No_DR/415d5c5e785f.png,0,No_DR
/home/neon-cultivator/us/diabetic-retinopathy-detection/data/external/aptos2019/colored_images/No_DR/415f2d2bd2a1.png,0,No_DR
/home/neon-cultivator/us/diabetic-retinopathy-detection/data/external/aptos2019/colored_images/Moderate/417f408ee8e0.png,2,Moderate
/home/neon-cultivator/us/diabetic-retinopathy-detection/data/external/aptos2019/colored_images/Moderate/4189d4e631ec.png,2,Moderate
/home/neon-cultivator/us/diabetic-retinopathy-detection/data/external/aptos2019/colored_images/No_DR/41960d5f58c2.png,0,No_DR
/home/neon-cultivator/us/diabetic-retinopathy-detection/data/external/aptos2019/colored_images/No_DR/4205e9deb058.png,0,No_DR
/home/neon-cultivator/us/diabetic-retinopathy-detection/data/external/aptos2019/colored_images/No_DR/4210809074c1.png,0,No_DR
/home/neon-cultivator/us/diabetic-retinopathy-detection/data/external/aptos2019/colored_images/Moderate/423abbaa5fad.png,2,Moderate
/home/neon-cultivator/us/diabetic-retinopathy-detection/data/external/aptos2019/colored_images/Moderate/4242c0d87f57.png,2,Moderate
/home/neon-cultivator/us/diabetic-retinopathy-detection/data/external/aptos2019/colored_images/Moderate/4246ed634f25.png,2,Moderate
/home/neon-cultivator/us/diabetic-retinopathy-detection/data/external/aptos2019/colored_images/No_DR/4276b82e4489.png,0,No_DR
/home/neon-cultivator/us/diabetic-retinopathy-detection/data/external/aptos2019/colored_images/Severe/4294a14c656a.png,3,Severe
/home/neon-cultivator/us/diabetic-retinopathy-detection/data/external/aptos2019/colored_images/No_DR/42985aa2e32f.png,0,No_DR
/home/neon-cultivator/us/diabetic-retinopathy-detection/data/external/aptos2019/colored_images/Moderate/42a67337fa8e.png,2,Moderate
/home/neon-cultivator/us/diabetic-retinopathy-detection/data/external/aptos2019/colored_images/Moderate/42a850acd2ac.png,2,Moderate
/home/neon-cultivator/us/diabetic-retinopathy-detection/data/external/aptos2019/colored_images/No_DR/42af7282349b.png,0,No_DR
/home/neon-cultivator/us/diabetic-retinopathy-detection/data/external/aptos2019/colored_images/Moderate/42b08dca9b2f.png,2,Moderate
/home/neon-cultivator/us/diabetic-retinopathy-detection/data/external/aptos2019/colored_images/Moderate/42b93b574f23.png,2,Moderate
/home/neon-cultivator/us/diabetic-retinopathy-detection/data/external/aptos2019/colored_images/No_DR/42b9c1977681.png,0,No_DR
/home/neon-cultivator/us/diabetic-retinopathy-detection/data/external/aptos2019/colored_images/No_DR/42c65af5ab16.png,0,No_DR
/home/neon-cultivator/us/diabetic-retinopathy-detection/data/external/aptos2019/colored_images/Severe/42cc993f23a9.png,3,Severe
/home/neon-cultivator/us/diabetic-retinopathy-detection/data/external/aptos2019/colored_images/No_DR/4350a1b2f3cb.png,0,No_DR
/home/neon-cultivator/us/diabetic-retinopathy-detection/data/external/aptos2019/colored_images/Severe/4360a112db10.png,3,Severe
/home/neon-cultivator/us/diabetic-retinopathy-detection/data/external/aptos2019/colored_images/Moderate/436e1793d240.png,2,Moderate
/home/neon-cultivator/us/diabetic-retinopathy-detection/data/external/aptos2019/colored_images/No_DR/436e7a7af761.png,0,No_DR
/home/neon-cultivator/us/diabetic-retinopathy-detection/data/external/aptos2019/colored_images/Moderate/437900a99871.png,2,Moderate
/home/neon-cultivator/us/diabetic-retinopathy-detection/data/external/aptos2019/colored_images/Moderate/437cbec4a3f8.png,2,Moderate
/home/neon-cultivator/us/diabetic-retinopathy-detection/data/external/aptos2019/colored_images/Moderate/4384fa687afa.png,2,Moderate
/home/neon-cultivator/us/diabetic-retinopathy-detection/data/external/aptos2019/colored_images/Mild/4393c5bc576a.png,1,Mild
/home/neon-cultivator/us/diabetic-retinopathy-detection/data/external/aptos2019/colored_images/No_DR/43bc7c066dfb.png,0,No_DR
/home/neon-cultivator/us/diabetic-retinopathy-detection/data/external/aptos2019/colored_images/No_DR/43e9c66eb0f3.png,0,No_DR
/home/neon-cultivator/us/diabetic-retinopathy-detection/data/external/aptos2019/colored_images/No_DR/4403538fb50f.png,0,No_DR
/home/neon-cultivator/us/diabetic-retinopathy-detection/data/external/aptos2019/colored_images/No_DR/441848e0f308.png,0,No_DR
/home/neon-cultivator/us/diabetic-retinopathy-detection/data/external/aptos2019/colored_images/Moderate/441affbe99aa.png,2,Moderate
/home/neon-cultivator/us/diabetic-retinopathy-detection/data/external/aptos2019/colored_images/No_DR/44271f3cb18f.png,0,No_DR
/home/neon-cultivator/us/diabetic-retinopathy-detection/data/external/aptos2019/colored_images/No_DR/445a8a6da55c.png,0,No_DR
/home/neon-cultivator/us/diabetic-retinopathy-detection/data/external/aptos2019/colored_images/No_DR/4464bb62bf20.png,0,No_DR
/home/neon-cultivator/us/diabetic-retinopathy-detection/data/external/aptos2019/colored_images/Moderate/44855f666225.png,2,Moderate
/home/neon-cultivator/us/diabetic-retinopathy-detection/data/external/aptos2019/colored_images/No_DR/44878f34e31f.png,0,No_DR
/home/neon-cultivator/us/diabetic-retinopathy-detection/data/external/aptos2019/colored_images/No_DR/44976c3b11a6.png,0,No_DR
/home/neon-cultivator/us/diabetic-retinopathy-detection/data/external/aptos2019/colored_images/No_DR/44a4d04162cc.png,0,No_DR
/home/neon-cultivator/us/diabetic-retinopathy-detection/data/external/aptos2019/colored_images/Moderate/44e951e45dca.png,2,Moderate
/home/neon-cultivator/us/diabetic-retinopathy-detection/data/external/aptos2019/colored_images/Proliferate_DR/44ecf3f4efa5.png,4,Proliferative_DR
/home/neon-cultivator/us/diabetic-retinopathy-detection/data/external/aptos2019/colored_images/Moderate/44f4ae58990e.png,2,Moderate
/home/neon-cultivator/us/diabetic-retinopathy-detection/data/external/aptos2019/colored_images/No_DR/44f7f3ef9d50.png,0,No_DR
/home/neon-cultivator/us/diabetic-retinopathy-detection/data/external/aptos2019/colored_images/No_DR/4528fbbd43a3.png,0,No_DR
/home/neon-cultivator/us/diabetic-retinopathy-detection/data/external/aptos2019/colored_images/No_DR/45369821d6a3.png,0,No_DR
/home/neon-cultivator/us/diabetic-retinopathy-detection/data/external/aptos2019/colored_images/Moderate/453a1e2754b2.png,2,Moderate
/home/neon-cultivator/us/diabetic-retinopathy-detection/data/external/aptos2019/colored_images/Moderate/453d553b0a94.png,2,Moderate
/home/neon-cultivator/us/diabetic-retinopathy-detection/data/external/aptos2019/colored_images/No_DR/454a944eb557.png,0,No_DR
/home/neon-cultivator/us/diabetic-retinopathy-detection/data/external/aptos2019/colored_images/No_DR/4554062fa836.png,0,No_DR
/home/neon-cultivator/us/diabetic-retinopathy-detection/data/external/aptos2019/colored_images/Severe/457c7c927e27.png,3,Severe
/home/neon-cultivator/us/diabetic-retinopathy-detection/data/external/aptos2019/colored_images/Moderate/45c39ab9e797.png,2,Moderate
/home/neon-cultivator/us/diabetic-retinopathy-detection/data/external/aptos2019/colored_images/Mild/45e4b7eada54.png,1,Mild
/home/neon-cultivator/us/diabetic-retinopathy-detection/data/external/aptos2019/colored_images/Moderate/460893cd86e3.png,2,Moderate
/home/neon-cultivator/us/diabetic-retinopathy-detection/data/external/aptos2019/colored_images/No_DR/461fa5292fda.png,0,No_DR
/home/neon-cultivator/us/diabetic-retinopathy-detection/data/external/aptos2019/colored_images/No_DR/462937ece243.png,0,No_DR
/home/neon-cultivator/us/diabetic-retinopathy-detection/data/external/aptos2019/colored_images/Moderate/465c618f7b23.png,2,Moderate
/home/neon-cultivator/us/diabetic-retinopathy-detection/data/external/aptos2019/colored_images/Mild/4661006f3ba6.png,1,Mild
/home/neon-cultivator/us/diabetic-retinopathy-detection/data/external/aptos2019/colored_images/Moderate/467b7d9d811c.png,2,Moderate
/home/neon-cultivator/us/diabetic-retinopathy-detection/data/external/aptos2019/colored_images/Proliferate_DR/4689b739d240.png,4,Proliferative_DR
/home/neon-cultivator/us/diabetic-retinopathy-detection/data/external/aptos2019/colored_images/Moderate/46923eea9a4e.png,2,Moderate
/home/neon-cultivator/us/diabetic-retinopathy-detection/data/external/aptos2019/colored_images/No_DR/46acc506fa61.png,0,No_DR
/home/neon-cultivator/us/diabetic-retinopathy-detection/data/external/aptos2019/colored_images/Moderate/46c1548d730e.png,2,Moderate
/home/neon-cultivator/us/diabetic-retinopathy-detection/data/external/aptos2019/colored_images/Proliferate_DR/46cdc8b685bd.png,4,Proliferative_DR
/home/neon-cultivator/us/diabetic-retinopathy-detection/data/external/aptos2019/colored_images/Proliferate_DR/46d3316c4857.png,4,Proliferative_DR
/home/neon-cultivator/us/diabetic-retinopathy-detection/data/external/aptos2019/colored_images/Moderate/46f56c38051f.png,2,Moderate
/home/neon-cultivator/us/diabetic-retinopathy-detection/data/external/aptos2019/colored_images/No_DR/4731e708ede3.png,0,No_DR
/home/neon-cultivator/us/diabetic-retinopathy-detection/data/external/aptos2019/colored_images/No_DR/475300735b7f.png,0,No_DR
/home/neon-cultivator/us/diabetic-retinopathy-detection/data/external/aptos2019/colored_images/No_DR/47536db39f00.png,0,No_DR
/home/neon-cultivator/us/diabetic-retinopathy-detection/data/external/aptos2019/colored_images/Moderate/475c7ded0f7a.png,2,Moderate
/home/neon-cultivator/us/diabetic-retinopathy-detection/data/external/aptos2019/colored_images/No_DR/478fc46eaa49.png,0,No_DR
/home/neon-cultivator/us/diabetic-retinopathy-detection/data/external/aptos2019/colored_images/Moderate/47b756014447.png,2,Moderate
/home/neon-cultivator/us/diabetic-retinopathy-detection/data/external/aptos2019/colored_images/Mild/47d1603a555b.png,1,Mild
/home/neon-cultivator/us/diabetic-retinopathy-detection/data/external/aptos2019/colored_images/Moderate/47e51065b819.png,2,Moderate
/home/neon-cultivator/us/diabetic-retinopathy-detection/data/external/aptos2019/colored_images/No_DR/482088e6be44.png,0,No_DR
/home/neon-cultivator/us/diabetic-retinopathy-detection/data/external/aptos2019/colored_images/No_DR/4826d10030b3.png,0,No_DR
/home/neon-cultivator/us/diabetic-retinopathy-detection/data/external/aptos2019/colored_images/Moderate/48543037d0b3.png,2,Moderate
/home/neon-cultivator/us/diabetic-retinopathy-detection/data/external/aptos2019/colored_images/No_DR/4860f7813654.png,0,No_DR
/home/neon-cultivator/us/diabetic-retinopathy-detection/data/external/aptos2019/colored_images/No_DR/486e852a3b4d.png,0,No_DR
/home/neon-cultivator/us/diabetic-retinopathy-detection/data/external/aptos2019/colored_images/Moderate/48c49f662f7d.png,2,Moderate
/home/neon-cultivator/us/diabetic-retinopathy-detection/data/external/aptos2019/colored_images/Moderate/48c72dec46e5.png,2,Moderate
/home/neon-cultivator/us/diabetic-retinopathy-detection/data/external/aptos2019/colored_images/Moderate/48fda42bd5d4.png,2,Moderate
/home/neon-cultivator/us/diabetic-retinopathy-detection/data/external/aptos2019/colored_images/No_DR/4926dea289f8.png,0,No_DR
/home/neon-cultivator/us/diabetic-retinopathy-detection/data/external/aptos2019/colored_images/Mild/49386d603494.png,1,Mild
/home/neon-cultivator/us/diabetic-retinopathy-detection/data/external/aptos2019/colored_images/No_DR/493d99f030e2.png,0,No_DR
/home/neon-cultivator/us/diabetic-retinopathy-detection/data/external/aptos2019/colored_images/Moderate/49419f8d5cb4.png,2,Moderate
/home/neon-cultivator/us/diabetic-retinopathy-detection/data/external/aptos2019/colored_images/Mild/494fc9c745a3.png,1,Mild
/home/neon-cultivator/us/diabetic-retinopathy-detection/data/external/aptos2019/colored_images/No_DR/495106ae3b68.png,0,No_DR
/home/neon-cultivator/us/diabetic-retinopathy-detection/data/external/aptos2019/colored_images/Mild/495255c7492f.png,1,Mild
/home/neon-cultivator/us/diabetic-retinopathy-detection/data/external/aptos2019/colored_images/No_DR/4958bfcc9f38.png,0,No_DR
/home/neon-cultivator/us/diabetic-retinopathy-detection/data/external/aptos2019/colored_images/No_DR/496155f71d0a.png,0,No_DR
/home/neon-cultivator/us/diabetic-retinopathy-detection/data/external/aptos2019/colored_images/No_DR/4982378d72f9.png,0,No_DR
/home/neon-cultivator/us/diabetic-retinopathy-detection/data/external/aptos2019/colored_images/Severe/498f143c0374.png,3,Severe
/home/neon-cultivator/us/diabetic-retinopathy-detection/data/external/aptos2019/colored_images/Proliferate_DR/499c8df39222.png,4,Proliferative_DR
/home/neon-cultivator/us/diabetic-retinopathy-detection/data/external/aptos2019/colored_images/Moderate/49a4765f8822.png,2,Moderate
/home/neon-cultivator/us/diabetic-retinopathy-detection/data/external/aptos2019/colored_images/Mild/49c5e7f6b8d2.png,1,Mild
/home/neon-cultivator/us/diabetic-retinopathy-detection/data/external/aptos2019/colored_images/Moderate/49d69c4c6290.png,2,Moderate
/home/neon-cultivator/us/diabetic-retinopathy-detection/data/external/aptos2019/colored_images/No_DR/49e4b95ee2dc.png,0,No_DR
/home/neon-cultivator/us/diabetic-retinopathy-detection/data/external/aptos2019/colored_images/No_DR/4a05f81b3aba.png,0,No_DR
/home/neon-cultivator/us/diabetic-retinopathy-detection/data/external/aptos2019/colored_images/Moderate/4a0bba3b7d83.png,2,Moderate
/home/neon-cultivator/us/diabetic-retinopathy-detection/data/external/aptos2019/colored_images/No_DR/4a1afe4044f4.png,0,No_DR
/home/neon-cultivator/us/diabetic-retinopathy-detection/data/external/aptos2019/colored_images/Mild/4a213b405ee4.png,1,Mild
/home/neon-cultivator/us/diabetic-retinopathy-detection/data/external/aptos2019/colored_images/Moderate/4a558a1cd243.png,2,Moderate
/home/neon-cultivator/us/diabetic-retinopathy-detection/data/external/aptos2019/colored_images/No_DR/4a589edaea60.png,0,No_DR
/home/neon-cultivator/us/diabetic-retinopathy-detection/data/external/aptos2019/colored_images/No_DR/4a5a6efc0bef.png,0,No_DR
/home/neon-cultivator/us/diabetic-retinopathy-detection/data/external/aptos2019/colored_images/Proliferate_DR/4a693dd3921a.png,4,Proliferative_DR
/home/neon-cultivator/us/diabetic-retinopathy-detection/data/external/aptos2019/colored_images/Proliferate_DR/4a7dc013e802.png,4,Proliferative_DR
/home/neon-cultivator/us/diabetic-retinopathy-detection/data/external/aptos2019/colored_images/No_DR/4a96c28f3f07.png,0,No_DR
/home/neon-cultivator/us/diabetic-retinopathy-detection/data/external/aptos2019/colored_images/Mild/4aa07d720638.png,1,Mild
/home/neon-cultivator/us/diabetic-retinopathy-detection/data/external/aptos2019/colored_images/No_DR/4aa3d771c5e4.png,0,No_DR
/home/neon-cultivator/us/diabetic-retinopathy-detection/data/external/aptos2019/colored_images/No_DR/4ab8c0cece7f.png,0,No_DR
/home/neon-cultivator/us/diabetic-retinopathy-detection/data/external/aptos2019/colored_images/Proliferate_DR/4abca30b676b.png,4,Proliferative_DR
/home/neon-cultivator/us/diabetic-retinopathy-detection/data/external/aptos2019/colored_images/No_DR/4ad8d3ec8789.png,0,No_DR
/home/neon-cultivator/us/diabetic-retinopathy-detection/data/external/aptos2019/colored_images/Moderate/4b1001050f1d.png,2,Moderate
/home/neon-cultivator/us/diabetic-retinopathy-detection/data/external/aptos2019/colored_images/No_DR/4b237b958555.png,0,No_DR
/home/neon-cultivator/us/diabetic-retinopathy-detection/data/external/aptos2019/colored_images/Moderate/4b422b48d0d4.png,2,Moderate
/home/neon-cultivator/us/diabetic-retinopathy-detection/data/external/aptos2019/colored_images/Moderate/4b5ffea77373.png,2,Moderate
/home/neon-cultivator/us/diabetic-retinopathy-detection/data/external/aptos2019/colored_images/Severe/4b618537d52f.png,3,Severe
/home/neon-cultivator/us/diabetic-retinopathy-detection/data/external/aptos2019/colored_images/No_DR/4b6895d0cf8d.png,0,No_DR
/home/neon-cultivator/us/diabetic-retinopathy-detection/data/external/aptos2019/colored_images/No_DR/4bcee3cbe232.png,0,No_DR
/home/neon-cultivator/us/diabetic-retinopathy-detection/data/external/aptos2019/colored_images/No_DR/4bd5d0b30198.png,0,No_DR
/home/neon-cultivator/us/diabetic-retinopathy-detection/data/external/aptos2019/colored_images/Proliferate_DR/4bd941611343.png,4,Proliferative_DR
/home/neon-cultivator/us/diabetic-retinopathy-detection/data/external/aptos2019/colored_images/No_DR/4beeca5cc859.png,0,No_DR
/home/neon-cultivator/us/diabetic-retinopathy-detection/data/external/aptos2019/colored_images/No_DR/4c17e85686f0.png,0,No_DR
/home/neon-cultivator/us/diabetic-retinopathy-detection/data/external/aptos2019/colored_images/Mild/4c3c1ed09771.png,1,Mild
/home/neon-cultivator/us/diabetic-retinopathy-detection/data/external/aptos2019/colored_images/Moderate/4c52922f3bfd.png,2,Moderate
/home/neon-cultivator/us/diabetic-retinopathy-detection/data/external/aptos2019/colored_images/Severe/4c60b10a3a6a.png,3,Severe
/home/neon-cultivator/us/diabetic-retinopathy-detection/data/external/aptos2019/colored_images/No_DR/4c60f6fcea75.png,0,No_DR
/home/neon-cultivator/us/diabetic-retinopathy-detection/data/external/aptos2019/colored_images/No_DR/4c6c5a1bf5ab.png,0,No_DR
/home/neon-cultivator/us/diabetic-retinopathy-detection/data/external/aptos2019/colored_images/Moderate/4c78d9d18da9.png,2,Moderate
/home/neon-cultivator/us/diabetic-retinopathy-detection/data/external/aptos2019/colored_images/Severe/4c9f0fdaaef7.png,3,Severe
/home/neon-cultivator/us/diabetic-retinopathy-detection/data/external/aptos2019/colored_images/Mild/4cae247d9909.png,1,Mild
/home/neon-cultivator/us/diabetic-retinopathy-detection/data/external/aptos2019/colored_images/Proliferate_DR/4ccfa0b4e96c.png,4,Proliferative_DR
/home/neon-cultivator/us/diabetic-retinopathy-detection/data/external/aptos2019/colored_images/No_DR/4cddfc22b0ad.png,0,No_DR
/home/neon-cultivator/us/diabetic-retinopathy-detection/data/external/aptos2019/colored_images/No_DR/4cde86044ad1.png,0,No_DR
/home/neon-cultivator/us/diabetic-retinopathy-detection/data/external/aptos2019/colored_images/No_DR/4cf4d528c08e.png,0,No_DR
/home/neon-cultivator/us/diabetic-retinopathy-detection/data/external/aptos2019/colored_images/No_DR/4d167ca69ea8.png,0,No_DR
/home/neon-cultivator/us/diabetic-retinopathy-detection/data/external/aptos2019/colored_images/No_DR/4d17559ac1e2.png,0,No_DR
/home/neon-cultivator/us/diabetic-retinopathy-detection/data/external/aptos2019/colored_images/Moderate/4d1cf360b2d7.png,2,Moderate
/home/neon-cultivator/us/diabetic-retinopathy-detection/data/external/aptos2019/colored_images/No_DR/4d1e7def7624.png,0,No_DR
/home/neon-cultivator/us/diabetic-retinopathy-detection/data/external/aptos2019/colored_images/No_DR/4d3de40ced3a.png,0,No_DR
/home/neon-cultivator/us/diabetic-retinopathy-detection/data/external/aptos2019/colored_images/Severe/4d47300e3ddb.png,3,Severe
/home/neon-cultivator/us/diabetic-retinopathy-detection/data/external/aptos2019/colored_images/Mild/4d7d6928534a.png,1,Mild
/home/neon-cultivator/us/diabetic-retinopathy-detection/data/external/aptos2019/colored_images/Mild/4da2961e62fe.png,1,Mild
/home/neon-cultivator/us/diabetic-retinopathy-detection/data/external/aptos2019/colored_images/Moderate/4dbce359d0e1.png,2,Moderate
/home/neon-cultivator/us/diabetic-retinopathy-detection/data/external/aptos2019/colored_images/Proliferate_DR/4dc2211a1c31.png,4,Proliferative_DR
/home/neon-cultivator/us/diabetic-retinopathy-detection/data/external/aptos2019/colored_images/No_DR/4dd4a4bf2421.png,0,No_DR
/home/neon-cultivator/us/diabetic-retinopathy-detection/data/external/aptos2019/colored_images/Mild/4dd5d5ccddcf.png,1,Mild
/home/neon-cultivator/us/diabetic-retinopathy-detection/data/external/aptos2019/colored_images/Proliferate_DR/4dd71fc7f22b.png,4,Proliferative_DR
/home/neon-cultivator/us/diabetic-retinopathy-detection/data/external/aptos2019/colored_images/No_DR/4dd7b322f342.png,0,No_DR
/home/neon-cultivator/us/diabetic-retinopathy-detection/data/external/aptos2019/colored_images/Mild/4dd9d29eae5d.png,1,Mild
/home/neon-cultivator/us/diabetic-retinopathy-detection/data/external/aptos2019/colored_images/Severe/4df6a81b476e.png,3,Severe
/home/neon-cultivator/us/diabetic-retinopathy-detection/data/external/aptos2019/colored_images/Mild/4e0656629d02.png,1,Mild
/home/neon-cultivator/us/diabetic-retinopathy-detection/data/external/aptos2019/colored_images/No_DR/4e1e252317b5.png,0,No_DR
/home/neon-cultivator/us/diabetic-retinopathy-detection/data/external/aptos2019/colored_images/No_DR/4e231670b48c.png,0,No_DR
/home/neon-cultivator/us/diabetic-retinopathy-detection/data/external/aptos2019/colored_images/Moderate/4e43d05cc2ef.png,2,Moderate
/home/neon-cultivator/us/diabetic-retinopathy-detection/data/external/aptos2019/colored_images/No_DR/4e4a6224a04e.png,0,No_DR
/home/neon-cultivator/us/diabetic-retinopathy-detection/data/external/aptos2019/colored_images/Mild/4e6071b73120.png,1,Mild
/home/neon-cultivator/us/diabetic-retinopathy-detection/data/external/aptos2019/colored_images/Moderate/4e7694eebb91.png,2,Moderate
/home/neon-cultivator/us/diabetic-retinopathy-detection/data/external/aptos2019/colored_images/Mild/4e82c3c8d31f.png,1,Mild
/home/neon-cultivator/us/diabetic-retinopathy-detection/data/external/aptos2019/colored_images/No_DR/4e8585a96739.png,0,No_DR
/home/neon-cultivator/us/diabetic-retinopathy-detection/data/external/aptos2019/colored_images/No_DR/4e85aa647534.png,0,No_DR
/home/neon-cultivator/us/diabetic-retinopathy-detection/data/external/aptos2019/colored_images/No_DR/4eaf2f81819d.png,0,No_DR
/home/neon-cultivator/us/diabetic-retinopathy-detection/data/external/aptos2019/colored_images/No_DR/4ec7796df40e.png,0,No_DR
/home/neon-cultivator/us/diabetic-retinopathy-detection/data/external/aptos2019/colored_images/Mild/4ecd1fdd1435.png,1,Mild
/home/neon-cultivator/us/diabetic-retinopathy-detection/data/external/aptos2019/colored_images/Moderate/4ee1ad981a6d.png,2,Moderate
/home/neon-cultivator/us/diabetic-retinopathy-detection/data/external/aptos2019/colored_images/Moderate/4ef0b485a7da.png,2,Moderate
/home/neon-cultivator/us/diabetic-retinopathy-detection/data/external/aptos2019/colored_images/Severe/4f0866b90c27.png,3,Severe
/home/neon-cultivator/us/diabetic-retinopathy-detection/data/external/aptos2019/colored_images/Moderate/4f20f9a9a65b.png,2,Moderate
/home/neon-cultivator/us/diabetic-retinopathy-detection/data/external/aptos2019/colored_images/No_DR/4f5dd7660b17.png,0,No_DR
/home/neon-cultivator/us/diabetic-retinopathy-detection/data/external/aptos2019/colored_images/Mild/4f7755e74a9e.png,1,Mild
/home/neon-cultivator/us/diabetic-retinopathy-detection/data/external/aptos2019/colored_images/Mild/4fa26d065ad3.png,1,Mild
/home/neon-cultivator/us/diabetic-retinopathy-detection/data/external/aptos2019/colored_images/No_DR/4faf4063db8c.png,0,No_DR
/home/neon-cultivator/us/diabetic-retinopathy-detection/data/external/aptos2019/colored_images/Severe/4fecf87184e6.png,3,Severe
/home/neon-cultivator/us/diabetic-retinopathy-detection/data/external/aptos2019/colored_images/Severe/4fef9ed8a4c5.png,3,Severe
/home/neon-cultivator/us/diabetic-retinopathy-detection/data/external/aptos2019/colored_images/No_DR/4ffa38550c95.png,0,No_DR
/home/neon-cultivator/us/diabetic-retinopathy-detection/data/external/aptos2019/colored_images/No_DR/500aad15b7c8.png,0,No_DR
/home/neon-cultivator/us/diabetic-retinopathy-detection/data/external/aptos2019/colored_images/No_DR/501c319f7a9f.png,0,No_DR
/home/neon-cultivator/us/diabetic-retinopathy-detection/data/external/aptos2019/colored_images/No_DR/504a69096fcb.png,0,No_DR
/home/neon-cultivator/us/diabetic-retinopathy-detection/data/external/aptos2019/colored_images/No_DR/5056fa7d505f.png,0,No_DR
/home/neon-cultivator/us/diabetic-retinopathy-detection/data/external/aptos2019/colored_images/No_DR/5078caaf1f57.png,0,No_DR
/home/neon-cultivator/us/diabetic-retinopathy-detection/data/external/aptos2019/colored_images/Mild/50840c36f0b4.png,1,Mild
/home/neon-cultivator/us/diabetic-retinopathy-detection/data/external/aptos2019/colored_images/Mild/5090917a2676.png,1,Mild
/home/neon-cultivator/us/diabetic-retinopathy-detection/data/external/aptos2019/colored_images/No_DR/50915e2329a1.png,0,No_DR
/home/neon-cultivator/us/diabetic-retinopathy-detection/data/external/aptos2019/colored_images/Moderate/50d8a8fb7737.png,2,Moderate
/home/neon-cultivator/us/diabetic-retinopathy-detection/data/external/aptos2019/colored_images/No_DR/50ddd7d976df.png,0,No_DR
/home/neon-cultivator/us/diabetic-retinopathy-detection/data/external/aptos2019/colored_images/Moderate/51030843fde2.png,2,Moderate
/home/neon-cultivator/us/diabetic-retinopathy-detection/data/external/aptos2019/colored_images/Moderate/510aa0a898fa.png,2,Moderate
/home/neon-cultivator/us/diabetic-retinopathy-detection/data/external/aptos2019/colored_images/No_DR/511fd66b2df8.png,0,No_DR
/home/neon-cultivator/us/diabetic-retinopathy-detection/data/external/aptos2019/colored_images/Severe/51269b77d312.png,3,Severe
/home/neon-cultivator/us/diabetic-retinopathy-detection/data/external/aptos2019/colored_images/Moderate/5152bf091152.png,2,Moderate
/home/neon-cultivator/us/diabetic-retinopathy-detection/data/external/aptos2019/colored_images/Proliferate_DR/51a1d162e223.png,4,Proliferative_DR
/home/neon-cultivator/us/diabetic-retinopathy-detection/data/external/aptos2019/colored_images/No_DR/51aa3361294c.png,0,No_DR
/home/neon-cultivator/us/diabetic-retinopathy-detection/data/external/aptos2019/colored_images/No_DR/51af8a689511.png,0,No_DR
/home/neon-cultivator/us/diabetic-retinopathy-detection/data/external/aptos2019/colored_images/Proliferate_DR/51af8c112682.png,4,Proliferative_DR
/home/neon-cultivator/us/diabetic-retinopathy-detection/data/external/aptos2019/colored_images/No_DR/51cd8d2057fa.png,0,No_DR
/home/neon-cultivator/us/diabetic-retinopathy-detection/data/external/aptos2019/colored_images/Moderate/51d0034d177d.png,2,Moderate
/home/neon-cultivator/us/diabetic-retinopathy-detection/data/external/aptos2019/colored_images/Moderate/51d574513bcb.png,2,Moderate
/home/neon-cultivator/us/diabetic-retinopathy-detection/data/external/aptos2019/colored_images/Severe/51da6aebba8f.png,3,Severe
/home/neon-cultivator/us/diabetic-retinopathy-detection/data/external/aptos2019/colored_images/No_DR/521b5377a727.png,0,No_DR
/home/neon-cultivator/us/diabetic-retinopathy-detection/data/external/aptos2019/colored_images/Moderate/521d3e264d71.png,2,Moderate
/home/neon-cultivator/us/diabetic-retinopathy-detection/data/external/aptos2019/colored_images/Mild/523b3f0fc646.png,1,Mild
/home/neon-cultivator/us/diabetic-retinopathy-detection/data/external/aptos2019/colored_images/Moderate/523d0c2cb4d6.png,2,Moderate
/home/neon-cultivator/us/diabetic-retinopathy-detection/data/external/aptos2019/colored_images/Moderate/523ff163211b.png,2,Moderate
/home/neon-cultivator/us/diabetic-retinopathy-detection/data/external/aptos2019/colored_images/No_DR/5257cb536da2.png,0,No_DR
/home/neon-cultivator/us/diabetic-retinopathy-detection/data/external/aptos2019/colored_images/Moderate/525acfea47e8.png,2,Moderate
/home/neon-cultivator/us/diabetic-retinopathy-detection/data/external/aptos2019/colored_images/No_DR/525d0dd8dc45.png,0,No_DR
/home/neon-cultivator/us/diabetic-retinopathy-detection/data/external/aptos2019/colored_images/No_DR/5264a54e1830.png,0,No_DR
/home/neon-cultivator/us/diabetic-retinopathy-detection/data/external/aptos2019/colored_images/Moderate/527bea76116c.png,2,Moderate
/home/neon-cultivator/us/diabetic-retinopathy-detection/data/external/aptos2019/colored_images/No_DR/5293576816aa.png,0,No_DR
/home/neon-cultivator/us/diabetic-retinopathy-detection/data/external/aptos2019/colored_images/Mild/52ae917fcea4.png,1,Mild
/home/neon-cultivator/us/diabetic-retinopathy-detection/data/external/aptos2019/colored_images/No_DR/52ddde91a349.png,0,No_DR
/home/neon-cultivator/us/diabetic-retinopathy-detection/data/external/aptos2019/colored_images/No_DR/52edbe29d655.png,0,No_DR
/home/neon-cultivator/us/diabetic-retinopathy-detection/data/external/aptos2019/colored_images/Moderate/530d78467615.png,2,Moderate
/home/neon-cultivator/us/diabetic-retinopathy-detection/data/external/aptos2019/colored_images/Mild/531b39880c32.png,1,Mild
/home/neon-cultivator/us/diabetic-retinopathy-detection/data/external/aptos2019/colored_images/No_DR/5321ab64f9ea.png,0,No_DR
/home/neon-cultivator/us/diabetic-retinopathy-detection/data/external/aptos2019/colored_images/Moderate/5327f88a1919.png,2,Moderate
/home/neon-cultivator/us/diabetic-retinopathy-detection/data/external/aptos2019/colored_images/Mild/5347b4c8e9b3.png,1,Mild
/home/neon-cultivator/us/diabetic-retinopathy-detection/data/external/aptos2019/colored_images/No_DR/535682537302.png,0,No_DR
/home/neon-cultivator/us/diabetic-retinopathy-detection/data/external/aptos2019/colored_images/Mild/53704c80f0d8.png,1,Mild
/home/neon-cultivator/us/diabetic-retinopathy-detection/data/external/aptos2019/colored_images/Severe/537e50fdf22e.png,3,Severe
/home/neon-cultivator/us/diabetic-retinopathy-detection/data/external/aptos2019/colored_images/No_DR/537e5c578f40.png,0,No_DR
/home/neon-cultivator/us/diabetic-retinopathy-detection/data/external/aptos2019/colored_images/Mild/53f6c1c65c04.png,1,Mild
/home/neon-cultivator/us/diabetic-retinopathy-detection/data/external/aptos2019/colored_images/No_DR/54038e56131d.png,0,No_DR
/home/neon-cultivator/us/diabetic-retinopathy-detection/data/external/aptos2019/colored_images/Moderate/541db13517e2.png,2,Moderate
/home/neon-cultivator/us/diabetic-retinopathy-detection/data/external/aptos2019/colored_images/No_DR/542964865b1e.png,0,No_DR
/home/neon-cultivator/us/diabetic-retinopathy-detection/data/external/aptos2019/colored_images/No_DR/5445255635f0.png,0,No_DR
/home/neon-cultivator/us/diabetic-retinopathy-detection/data/external/aptos2019/colored_images/Moderate/5486da4273d7.png,2,Moderate
/home/neon-cultivator/us/diabetic-retinopathy-detection/data/external/aptos2019/colored_images/No_DR/549381330191.png,0,No_DR
/home/neon-cultivator/us/diabetic-retinopathy-detection/data/external/aptos2019/colored_images/No_DR/54b322c66d01.png,0,No_DR
/home/neon-cultivator/us/diabetic-retinopathy-detection/data/external/aptos2019/colored_images/Moderate/54bbe3da103e.png,2,Moderate
/home/neon-cultivator/us/diabetic-retinopathy-detection/data/external/aptos2019/colored_images/No_DR/54bdcdecd8f3.png,0,No_DR
/home/neon-cultivator/us/diabetic-retinopathy-detection/data/external/aptos2019/colored_images/Moderate/54cab3596214.png,2,Moderate
/home/neon-cultivator/us/diabetic-retinopathy-detection/data/external/aptos2019/colored_images/Moderate/54dc6e8107cd.png,2,Moderate
/home/neon-cultivator/us/diabetic-retinopathy-detection/data/external/aptos2019/colored_images/No_DR/54f57cf26126.png,0,No_DR
/home/neon-cultivator/us/diabetic-retinopathy-detection/data/external/aptos2019/colored_images/Moderate/55092c0071eb.png,2,Moderate
/home/neon-cultivator/us/diabetic-retinopathy-detection/data/external/aptos2019/colored_images/Mild/5548a7961a3e.png,1,Mild
/home/neon-cultivator/us/diabetic-retinopathy-detection/data/external/aptos2019/colored_images/No_DR/55968f0e63c4.png,0,No_DR
/home/neon-cultivator/us/diabetic-retinopathy-detection/data/external/aptos2019/colored_images/Mild/55eac26bd383.png,1,Mild
/home/neon-cultivator/us/diabetic-retinopathy-detection/data/external/aptos2019/colored_images/Proliferate_DR/55eb405ec71e.png,4,Proliferative_DR
/home/neon-cultivator/us/diabetic-retinopathy-detection/data/external/aptos2019/colored_images/No_DR/55f7f018c61c.png,0,No_DR
/home/neon-cultivator/us/diabetic-retinopathy-detection/data/external/aptos2019/colored_images/Moderate/55fd453001cc.png,2,Moderate
/home/neon-cultivator/us/diabetic-retinopathy-detection/data/external/aptos2019/colored_images/Mild/5633ced07d8e.png,1,Mild
/home/neon-cultivator/us/diabetic-retinopathy-detection/data/external/aptos2019/colored_images/No_DR/565f3404f9b2.png,0,No_DR
/home/neon-cultivator/us/diabetic-retinopathy-detection/data/external/aptos2019/colored_images/Mild/5671eb95512b.png,1,Mild
/home/neon-cultivator/us/diabetic-retinopathy-detection/data/external/aptos2019/colored_images/Mild/5712e2aa73a2.png,1,Mild
/home/neon-cultivator/us/diabetic-retinopathy-detection/data/external/aptos2019/colored_images/Moderate/5723d0ec895e.png,2,Moderate
/home/neon-cultivator/us/diabetic-retinopathy-detection/data/external/aptos2019/colored_images/No_DR/5728b8aa98ef.png,0,No_DR
/home/neon-cultivator/us/diabetic-retinopathy-detection/data/external/aptos2019/colored_images/No_DR/573ea80a53be.png,0,No_DR
/home/neon-cultivator/us/diabetic-retinopathy-detection/data/external/aptos2019/colored_images/Moderate/57469423a012.png,2,Moderate
/home/neon-cultivator/us/diabetic-retinopathy-detection/data/external/aptos2019/colored_images/Moderate/57760be09c03.png,2,Moderate
/home/neon-cultivator/us/diabetic-retinopathy-detection/data/external/aptos2019/colored_images/Mild/5777ef74c9ec.png,1,Mild
/home/neon-cultivator/us/diabetic-retinopathy-detection/data/external/aptos2019/colored_images/Mild/578109578b46.png,1,Mild
/home/neon-cultivator/us/diabetic-retinopathy-detection/data/external/aptos2019/colored_images/No_DR/57a5e4274275.png,0,No_DR
/home/neon-cultivator/us/diabetic-retinopathy-detection/data/external/aptos2019/colored_images/No_DR/57a710de68a4.png,0,No_DR
/home/neon-cultivator/us/diabetic-retinopathy-detection/data/external/aptos2019/colored_images/Moderate/57ce57a8cfb0.png,2,Moderate
/home/neon-cultivator/us/diabetic-retinopathy-detection/data/external/aptos2019/colored_images/No_DR/57db4781e7ec.png,0,No_DR
/home/neon-cultivator/us/diabetic-retinopathy-detection/data/external/aptos2019/colored_images/No_DR/57f5ad4b5b29.png,0,No_DR
/home/neon-cultivator/us/diabetic-retinopathy-detection/data/external/aptos2019/colored_images/Moderate/57f933d3d7c7.png,2,Moderate
/home/neon-cultivator/us/diabetic-retinopathy-detection/data/external/aptos2019/colored_images/No_DR/5814cbd2e9bf.png,0,No_DR
/home/neon-cultivator/us/diabetic-retinopathy-detection/data/external/aptos2019/colored_images/Mild/58184d6fd087.png,1,Mild
/home/neon-cultivator/us/diabetic-retinopathy-detection/data/external/aptos2019/colored_images/Mild/582115961a3d.png,1,Mild
/home/neon-cultivator/us/diabetic-retinopathy-detection/data/external/aptos2019/colored_images/Moderate/582f739b8f62.png,2,Moderate
/home/neon-cultivator/us/diabetic-retinopathy-detection/data/external/aptos2019/colored_images/Mild/587146a55885.png,1,Mild
/home/neon-cultivator/us/diabetic-retinopathy-detection/data/external/aptos2019/colored_images/Mild/5879285f9d8d.png,1,Mild
/home/neon-cultivator/us/diabetic-retinopathy-detection/data/external/aptos2019/colored_images/No_DR/5889a0c75cac.png,0,No_DR
/home/neon-cultivator/us/diabetic-retinopathy-detection/data/external/aptos2019/colored_images/No_DR/58a9e0d7f7af.png,0,No_DR
/home/neon-cultivator/us/diabetic-retinopathy-detection/data/external/aptos2019/colored_images/Proliferate_DR/58b866484a05.png,4,Proliferative_DR
/home/neon-cultivator/us/diabetic-retinopathy-detection/data/external/aptos2019/colored_images/Mild/58ccba7eec9c.png,1,Mild
/home/neon-cultivator/us/diabetic-retinopathy-detection/data/external/aptos2019/colored_images/No_DR/58eb3809f456.png,0,No_DR
/home/neon-cultivator/us/diabetic-retinopathy-detection/data/external/aptos2019/colored_images/Moderate/5905a9b06a73.png,2,Moderate
/home/neon-cultivator/us/diabetic-retinopathy-detection/data/external/aptos2019/colored_images/Moderate/594f69b503ad.png,2,Moderate
/home/neon-cultivator/us/diabetic-retinopathy-detection/data/external/aptos2019/colored_images/No_DR/596f4fdb0004.png,0,No_DR
/home/neon-cultivator/us/diabetic-retinopathy-detection/data/external/aptos2019/colored_images/No_DR/5995321563b7.png,0,No_DR
/home/neon-cultivator/us/diabetic-retinopathy-detection/data/external/aptos2019/colored_images/No_DR/59bd19c1c5bb.png,0,No_DR
/home/neon-cultivator/us/diabetic-retinopathy-detection/data/external/aptos2019/colored_images/Mild/59e5212f7139.png,1,Mild
/home/neon-cultivator/us/diabetic-retinopathy-detection/data/external/aptos2019/colored_images/Moderate/59ee65760535.png,2,Moderate
/home/neon-cultivator/us/diabetic-retinopathy-detection/data/external/aptos2019/colored_images/Proliferate_DR/59fee5bc3479.png,4,Proliferative_DR
/home/neon-cultivator/us/diabetic-retinopathy-detection/data/external/aptos2019/colored_images/Moderate/5a03fe3ed15c.png,2,Moderate
/home/neon-cultivator/us/diabetic-retinopathy-detection/data/external/aptos2019/colored_images/Mild/5a091e8cd95c.png,1,Mild
/home/neon-cultivator/us/diabetic-retinopathy-detection/data/external/aptos2019/colored_images/No_DR/5a0fe0ee4301.png,0,No_DR
/home/neon-cultivator/us/diabetic-retinopathy-detection/data/external/aptos2019/colored_images/No_DR/5a179c123fd8.png,0,No_DR
/home/neon-cultivator/us/diabetic-retinopathy-detection/data/external/aptos2019/colored_images/No_DR/5a27b9b2a9c1.png,0,No_DR
/home/neon-cultivator/us/diabetic-retinopathy-detection/data/external/aptos2019/colored_images/Moderate/5a2c27b95c7c.png,2,Moderate
/home/neon-cultivator/us/diabetic-retinopathy-detection/data/external/aptos2019/colored_images/No_DR/5a444c32cd9a.png,0,No_DR
/home/neon-cultivator/us/diabetic-retinopathy-detection/data/external/aptos2019/colored_images/Moderate/5a5d3798c357.png,2,Moderate
/home/neon-cultivator/us/diabetic-retinopathy-detection/data/external/aptos2019/colored_images/No_DR/5a93c0f783c4.png,0,No_DR
/home/neon-cultivator/us/diabetic-retinopathy-detection/data/external/aptos2019/colored_images/No_DR/5ac7a414560e.png,0,No_DR
/home/neon-cultivator/us/diabetic-retinopathy-detection/data/external/aptos2019/colored_images/No_DR/5ad3dabeb2cd.png,0,No_DR
/home/neon-cultivator/us/diabetic-retinopathy-detection/data/external/aptos2019/colored_images/Mild/5b068765e846.png,1,Mild
/home/neon-cultivator/us/diabetic-retinopathy-detection/data/external/aptos2019/colored_images/Mild/5b0e53f53ef3.png,1,Mild
/home/neon-cultivator/us/diabetic-retinopathy-detection/data/external/aptos2019/colored_images/Moderate/5b301a6d1ac7.png,2,Moderate
/home/neon-cultivator/us/diabetic-retinopathy-detection/data/external/aptos2019/colored_images/No_DR/5b32ece9c627.png,0,No_DR
/home/neon-cultivator/us/diabetic-retinopathy-detection/data/external/aptos2019/colored_images/No_DR/5b3d41626ec5.png,0,No_DR
/home/neon-cultivator/us/diabetic-retinopathy-detection/data/external/aptos2019/colored_images/Severe/5b3e7197ac1c.png,3,Severe
/home/neon-cultivator/us/diabetic-retinopathy-detection/data/external/aptos2019/colored_images/Proliferate_DR/5b5b80a3edee.png,4,Proliferative_DR
/home/neon-cultivator/us/diabetic-retinopathy-detection/data/external/aptos2019/colored_images/Moderate/5b644a403e1f.png,2,Moderate
/home/neon-cultivator/us/diabetic-retinopathy-detection/data/external/aptos2019/colored_images/Mild/5b72ff04333d.png,1,Mild
/home/neon-cultivator/us/diabetic-retinopathy-detection/data/external/aptos2019/colored_images/Proliferate_DR/5b76117c4bcb.png,4,Proliferative_DR
/home/neon-cultivator/us/diabetic-retinopathy-detection/data/external/aptos2019/colored_images/Mild/5b804948e35f.png,1,Mild
/home/neon-cultivator/us/diabetic-retinopathy-detection/data/external/aptos2019/colored_images/No_DR/5b994ff78547.png,0,No_DR
/home/neon-cultivator/us/diabetic-retinopathy-detection/data/external/aptos2019/colored_images/No_DR/5ba156a35ff2.png,0,No_DR
/home/neon-cultivator/us/diabetic-retinopathy-detection/data/external/aptos2019/colored_images/Proliferate_DR/5bda2ed09e62.png,4,Proliferative_DR
/home/neon-cultivator/us/diabetic-retinopathy-detection/data/external/aptos2019/colored_images/Proliferate_DR/5c7ab966a3ee.png,4,Proliferative_DR
/home/neon-cultivator/us/diabetic-retinopathy-detection/data/external/aptos2019/colored_images/No_DR/5c817060c0ed.png,0,No_DR
/home/neon-cultivator/us/diabetic-retinopathy-detection/data/external/aptos2019/colored_images/No_DR/5c85d22bd0de.png,0,No_DR
/home/neon-cultivator/us/diabetic-retinopathy-detection/data/external/aptos2019/colored_images/Mild/5cab3ef4b31c.png,1,Mild
/home/neon-cultivator/us/diabetic-retinopathy-detection/data/external/aptos2019/colored_images/Moderate/5cc6dea19614.png,2,Moderate
/home/neon-cultivator/us/diabetic-retinopathy-detection/data/external/aptos2019/colored_images/Moderate/5cde55f745af.png,2,Moderate
/home/neon-cultivator/us/diabetic-retinopathy-detection/data/external/aptos2019/colored_images/No_DR/5ce5eeaf757a.png,0,No_DR
/home/neon-cultivator/us/diabetic-retinopathy-detection/data/external/aptos2019/colored_images/Moderate/5cf9127f251a.png,2,Moderate
/home/neon-cultivator/us/diabetic-retinopathy-detection/data/external/aptos2019/colored_images/Moderate/5d024177e214.png,2,Moderate
/home/neon-cultivator/us/diabetic-retinopathy-detection/data/external/aptos2019/colored_images/No_DR/5d3c8c1f57da.png,0,No_DR
/home/neon-cultivator/us/diabetic-retinopathy-detection/data/external/aptos2019/colored_images/No_DR/5d4e5fd34d91.png,0,No_DR
/home/neon-cultivator/us/diabetic-retinopathy-detection/data/external/aptos2019/colored_images/No_DR/5d5b5da5f939.png,0,No_DR
/home/neon-cultivator/us/diabetic-retinopathy-detection/data/external/aptos2019/colored_images/Proliferate_DR/5d74f98d62be.png,4,Proliferative_DR
/home/neon-cultivator/us/diabetic-retinopathy-detection/data/external/aptos2019/colored_images/No_DR/5d9c841eb245.png,0,No_DR
/home/neon-cultivator/us/diabetic-retinopathy-detection/data/external/aptos2019/colored_images/No_DR/5db2e3a4594a.png,0,No_DR
/home/neon-cultivator/us/diabetic-retinopathy-detection/data/external/aptos2019/colored_images/Moderate/5dc23e440de3.png,2,Moderate
/home/neon-cultivator/us/diabetic-retinopathy-detection/data/external/aptos2019/colored_images/Proliferate_DR/5dd2e26fc244.png,4,Proliferative_DR
/home/neon-cultivator/us/diabetic-retinopathy-detection/data/external/aptos2019/colored_images/No_DR/5de4615a5161.png,0,No_DR
/home/neon-cultivator/us/diabetic-retinopathy-detection/data/external/aptos2019/colored_images/Moderate/5e18af29d812.png,2,Moderate
/home/neon-cultivator/us/diabetic-retinopathy-detection/data/external/aptos2019/colored_images/No_DR/5e5275ddee29.png,0,No_DR
/home/neon-cultivator/us/diabetic-retinopathy-detection/data/external/aptos2019/colored_images/Moderate/5e52c9fe676f.png,2,Moderate
/home/neon-cultivator/us/diabetic-retinopathy-detection/data/external/aptos2019/colored_images/Moderate/5e7630f8438e.png,2,Moderate
/home/neon-cultivator/us/diabetic-retinopathy-detection/data/external/aptos2019/colored_images/Moderate/5e7cc6ab4ac4.png,2,Moderate
/home/neon-cultivator/us/diabetic-retinopathy-detection/data/external/aptos2019/colored_images/Proliferate_DR/5e7db41b3bee.png,4,Proliferative_DR
/home/neon-cultivator/us/diabetic-retinopathy-detection/data/external/aptos2019/colored_images/No_DR/5e97cb2b0888.png,0,No_DR
/home/neon-cultivator/us/diabetic-retinopathy-detection/data/external/aptos2019/colored_images/No_DR/5ea9e447bb62.png,0,No_DR
/home/neon-cultivator/us/diabetic-retinopathy-detection/data/external/aptos2019/colored_images/No_DR/5ead17e894ae.png,0,No_DR
/home/neon-cultivator/us/diabetic-retinopathy-detection/data/external/aptos2019/colored_images/Moderate/5eb311bcb5f9.png,2,Moderate
/home/neon-cultivator/us/diabetic-retinopathy-detection/data/external/aptos2019/colored_images/No_DR/5eb8fb1aad41.png,0,No_DR
/home/neon-cultivator/us/diabetic-retinopathy-detection/data/external/aptos2019/colored_images/Moderate/5ed6dc419e4d.png,2,Moderate
/home/neon-cultivator/us/diabetic-retinopathy-detection/data/external/aptos2019/colored_images/Mild/5efa24b03d5e.png,1,Mild
/home/neon-cultivator/us/diabetic-retinopathy-detection/data/external/aptos2019/colored_images/Severe/5f13e8a07344.png,3,Severe
/home/neon-cultivator/us/diabetic-retinopathy-detection/data/external/aptos2019/colored_images/No_DR/5f4a8c074bd5.png,0,No_DR
/home/neon-cultivator/us/diabetic-retinopathy-detection/data/external/aptos2019/colored_images/No_DR/5f51192841f7.png,0,No_DR
/home/neon-cultivator/us/diabetic-retinopathy-detection/data/external/aptos2019/colored_images/Moderate/5f70ad48a525.png,2,Moderate
/home/neon-cultivator/us/diabetic-retinopathy-detection/data/external/aptos2019/colored_images/No_DR/5fcff7280019.png,0,No_DR
/home/neon-cultivator/us/diabetic-retinopathy-detection/data/external/aptos2019/colored_images/Mild/6028a575dc27.png,1,Mild
/home/neon-cultivator/us/diabetic-retinopathy-detection/data/external/aptos2019/colored_images/No_DR/606daaf0bfc7.png,0,No_DR
/home/neon-cultivator/us/diabetic-retinopathy-detection/data/external/aptos2019/colored_images/Severe/6089fa333013.png,3,Severe
/home/neon-cultivator/us/diabetic-retinopathy-detection/data/external/aptos2019/colored_images/No_DR/609be3ca5ddf.png,0,No_DR
/home/neon-cultivator/us/diabetic-retinopathy-detection/data/external/aptos2019/colored_images/No_DR/60aa4e649abf.png,0,No_DR
/home/neon-cultivator/us/diabetic-retinopathy-detection/data/external/aptos2019/colored_images/Moderate/60e269e3e188.png,2,Moderate
/home/neon-cultivator/us/diabetic-retinopathy-detection/data/external/aptos2019/colored_images/No_DR/60edda7b4871.png,0,No_DR
/home/neon-cultivator/us/diabetic-retinopathy-detection/data/external/aptos2019/colored_images/Proliferate_DR/60f15dd68d30.png,4,Proliferative_DR
/home/neon-cultivator/us/diabetic-retinopathy-detection/data/external/aptos2019/colored_images/No_DR/6107a2e9f60e.png,0,No_DR
/home/neon-cultivator/us/diabetic-retinopathy-detection/data/external/aptos2019/colored_images/No_DR/6110ecb3bb1c.png,0,No_DR
/home/neon-cultivator/us/diabetic-retinopathy-detection/data/external/aptos2019/colored_images/Proliferate_DR/612f2df37a1d.png,4,Proliferative_DR
/home/neon-cultivator/us/diabetic-retinopathy-detection/data/external/aptos2019/colored_images/Mild/613bacb35c05.png,1,Mild
/home/neon-cultivator/us/diabetic-retinopathy-detection/data/external/aptos2019/colored_images/No_DR/6155cf375354.png,0,No_DR
/home/neon-cultivator/us/diabetic-retinopathy-detection/data/external/aptos2019/colored_images/No_DR/6180920bc224.png,0,No_DR
/home/neon-cultivator/us/diabetic-retinopathy-detection/data/external/aptos2019/colored_images/Severe/6181aa9f75f4.png,3,Severe
/home/neon-cultivator/us/diabetic-retinopathy-detection/data/external/aptos2019/colored_images/Proliferate_DR/6194e0fff071.png,4,Proliferative_DR
/home/neon-cultivator/us/diabetic-retinopathy-detection/data/external/aptos2019/colored_images/Moderate/61ac9b0dc6b9.png,2,Moderate
/home/neon-cultivator/us/diabetic-retinopathy-detection/data/external/aptos2019/colored_images/Proliferate_DR/61bbc11fe503.png,4,Proliferative_DR
/home/neon-cultivator/us/diabetic-retinopathy-detection/data/external/aptos2019/colored_images/Mild/61bbe8db6f3a.png,1,Mild
/home/neon-cultivator/us/diabetic-retinopathy-detection/data/external/aptos2019/colored_images/Moderate/61c2fbd16e38.png,2,Moderate
/home/neon-cultivator/us/diabetic-retinopathy-detection/data/external/aptos2019/colored_images/No_DR/61da799bf0aa.png,0,No_DR
/home/neon-cultivator/us/diabetic-retinopathy-detection/data/external/aptos2019/colored_images/Proliferate_DR/61e301bd3c25.png,4,Proliferative_DR
/home/neon-cultivator/us/diabetic-retinopathy-detection/data/external/aptos2019/colored_images/Proliferate_DR/61f403fdb434.png,4,Proliferative_DR
/home/neon-cultivator/us/diabetic-retinopathy-detection/data/external/aptos2019/colored_images/Proliferate_DR/62318d514160.png,4,Proliferative_DR
/home/neon-cultivator/us/diabetic-retinopathy-detection/data/external/aptos2019/colored_images/Moderate/624fb7317106.png,2,Moderate
/home/neon-cultivator/us/diabetic-retinopathy-detection/data/external/aptos2019/colored_images/Severe/6253f23229b1.png,3,Severe
/home/neon-cultivator/us/diabetic-retinopathy-detection/data/external/aptos2019/colored_images/No_DR/6294b378d09f.png,0,No_DR
/home/neon-cultivator/us/diabetic-retinopathy-detection/data/external/aptos2019/colored_images/Mild/6298468d7d75.png,1,Mild
/home/neon-cultivator/us/diabetic-retinopathy-detection/data/external/aptos2019/colored_images/Moderate/62ab144d5cee.png,2,Moderate
/home/neon-cultivator/us/diabetic-retinopathy-detection/data/external/aptos2019/colored_images/Moderate/62e6f814c8f5.png,2,Moderate
/home/neon-cultivator/us/diabetic-retinopathy-detection/data/external/aptos2019/colored_images/Moderate/62ecdc90dd42.png,2,Moderate
/home/neon-cultivator/us/diabetic-retinopathy-detection/data/external/aptos2019/colored_images/Mild/63363410389a.png,1,Mild
/home/neon-cultivator/us/diabetic-retinopathy-detection/data/external/aptos2019/colored_images/No_DR/633fe9dbaf39.png,0,No_DR
/home/neon-cultivator/us/diabetic-retinopathy-detection/data/external/aptos2019/colored_images/Moderate/6363b360aefb.png,2,Moderate
/home/neon-cultivator/us/diabetic-retinopathy-detection/data/external/aptos2019/colored_images/No_DR/639915f58a2f.png,0,No_DR
/home/neon-cultivator/us/diabetic-retinopathy-detection/data/external/aptos2019/colored_images/Proliferate_DR/63b4d030b016.png,4,Proliferative_DR
/home/neon-cultivator/us/diabetic-retinopathy-detection/data/external/aptos2019/colored_images/No_DR/63c0eafd6aa9.png,0,No_DR
/home/neon-cultivator/us/diabetic-retinopathy-detection/data/external/aptos2019/colored_images/Moderate/63c3c571b8ee.png,2,Moderate
/home/neon-cultivator/us/diabetic-retinopathy-detection/data/external/aptos2019/colored_images/No_DR/63c7b0265775.png,0,No_DR
/home/neon-cultivator/us/diabetic-retinopathy-detection/data/external/aptos2019/colored_images/Moderate/63d217b059b6.png,2,Moderate
/home/neon-cultivator/us/diabetic-retinopathy-detection/data/external/aptos2019/colored_images/No_DR/63e041a757eb.png,0,No_DR
/home/neon-cultivator/us/diabetic-retinopathy-detection/data/external/aptos2019/colored_images/Mild/64678182d8a8.png,1,Mild
/home/neon-cultivator/us/diabetic-retinopathy-detection/data/external/aptos2019/colored_images/No_DR/64ac539f58cb.png,0,No_DR
/home/neon-cultivator/us/diabetic-retinopathy-detection/data/external/aptos2019/colored_images/Proliferate_DR/64bad93fde3f.png,4,Proliferative_DR
/home/neon-cultivator/us/diabetic-retinopathy-detection/data/external/aptos2019/colored_images/No_DR/64c6c6ee0d98.png,0,No_DR
/home/neon-cultivator/us/diabetic-retinopathy-detection/data/external/aptos2019/colored_images/Mild/64eb5a79dfdd.png,1,Mild
/home/neon-cultivator/us/diabetic-retinopathy-detection/data/external/aptos2019/colored_images/Proliferate_DR/64fedbf97473.png,4,Proliferative_DR
/home/neon-cultivator/us/diabetic-retinopathy-detection/data/external/aptos2019/colored_images/No_DR/650104ede84c.png,0,No_DR
/home/neon-cultivator/us/diabetic-retinopathy-detection/data/external/aptos2019/colored_images/Moderate/653534ded339.png,2,Moderate
/home/neon-cultivator/us/diabetic-retinopathy-detection/data/external/aptos2019/colored_images/Mild/655cafb4c932.png,1,Mild
/home/neon-cultivator/us/diabetic-retinopathy-detection/data/external/aptos2019/colored_images/Moderate/657859f893d9.png,2,Moderate
/home/neon-cultivator/us/diabetic-retinopathy-detection/data/external/aptos2019/colored_images/No_DR/65a3b13ad9a0.png,0,No_DR
/home/neon-cultivator/us/diabetic-retinopathy-detection/data/external/aptos2019/colored_images/No_DR/65dda202653d.png,0,No_DR
/home/neon-cultivator/us/diabetic-retinopathy-detection/data/external/aptos2019/colored_images/Proliferate_DR/65e120143825.png,4,Proliferative_DR
/home/neon-cultivator/us/diabetic-retinopathy-detection/data/external/aptos2019/colored_images/Mild/65e51e18242b.png,1,Mild
/home/neon-cultivator/us/diabetic-retinopathy-detection/data/external/aptos2019/colored_images/Moderate/65e530ee2e79.png,2,Moderate
/home/neon-cultivator/us/diabetic-retinopathy-detection/data/external/aptos2019/colored_images/No_DR/65e6f1bd9875.png,0,No_DR
/home/neon-cultivator/us/diabetic-retinopathy-detection/data/external/aptos2019/colored_images/No_DR/65f69234c8a7.png,0,No_DR
/home/neon-cultivator/us/diabetic-retinopathy-detection/data/external/aptos2019/colored_images/Proliferate_DR/6630f8675a97.png,4,Proliferative_DR
/home/neon-cultivator/us/diabetic-retinopathy-detection/data/external/aptos2019/colored_images/No_DR/66366a90d1ef.png,0,No_DR
/home/neon-cultivator/us/diabetic-retinopathy-detection/data/external/aptos2019/colored_images/Proliferate_DR/66375b3c64db.png,4,Proliferative_DR
/home/neon-cultivator/us/diabetic-retinopathy-detection/data/external/aptos2019/colored_images/No_DR/66393d8c60ba.png,0,No_DR
/home/neon-cultivator/us/diabetic-retinopathy-detection/data/external/aptos2019/colored_images/Moderate/663a923d5398.png,2,Moderate
/home/neon-cultivator/us/diabetic-retinopathy-detection/data/external/aptos2019/colored_images/No_DR/6653ad026901.png,0,No_DR
/home/neon-cultivator/us/diabetic-retinopathy-detection/data/external/aptos2019/colored_images/Mild/665ce639a331.png,1,Mild
/home/neon-cultivator/us/diabetic-retinopathy-detection/data/external/aptos2019/colored_images/Moderate/6666c4f18396.png,2,Moderate
/home/neon-cultivator/us/diabetic-retinopathy-detection/data/external/aptos2019/colored_images/No_DR/668a319c2d23.png,0,No_DR
/home/neon-cultivator/us/diabetic-retinopathy-detection/data/external/aptos2019/colored_images/Moderate/668e853258cd.png,2,Moderate
/home/neon-cultivator/us/diabetic-retinopathy-detection/data/external/aptos2019/colored_images/Proliferate_DR/66a0bf258013.png,4,Proliferative_DR
/home/neon-cultivator/us/diabetic-retinopathy-detection/data/external/aptos2019/colored_images/Moderate/66bae1ba227f.png,2,Moderate
/home/neon-cultivator/us/diabetic-retinopathy-detection/data/external/aptos2019/colored_images/No_DR/66bfec8d6bcd.png,0,No_DR
/home/neon-cultivator/us/diabetic-retinopathy-detection/data/external/aptos2019/colored_images/Mild/66cd9c28e636.png,1,Mild
/home/neon-cultivator/us/diabetic-retinopathy-detection/data/external/aptos2019/colored_images/Moderate/66d2ca47aa44.png,2,Moderate
/home/neon-cultivator/us/diabetic-retinopathy-detection/data/external/aptos2019/colored_images/Moderate/6733544ae7a6.png,2,Moderate
/home/neon-cultivator/us/diabetic-retinopathy-detection/data/external/aptos2019/colored_images/Moderate/674057ab250c.png,2,Moderate
/home/neon-cultivator/us/diabetic-retinopathy-detection/data/external/aptos2019/colored_images/Mild/6762b2b48ea5.png,1,Mild
/home/neon-cultivator/us/diabetic-retinopathy-detection/data/external/aptos2019/colored_images/Mild/677f087cd697.png,1,Mild
/home/neon-cultivator/us/diabetic-retinopathy-detection/data/external/aptos2019/colored_images/Mild/67f5d89da548.png,1,Mild
/home/neon-cultivator/us/diabetic-retinopathy-detection/data/external/aptos2019/colored_images/Moderate/681c3c115684.png,2,Moderate
/home/neon-cultivator/us/diabetic-retinopathy-detection/data/external/aptos2019/colored_images/No_DR/682312e82ee3.png,0,No_DR
/home/neon-cultivator/us/diabetic-retinopathy-detection/data/external/aptos2019/colored_images/No_DR/683023cda6a5.png,0,No_DR
/home/neon-cultivator/us/diabetic-retinopathy-detection/data/external/aptos2019/colored_images/Mild/68332fdcaa70.png,1,Mild
/home/neon-cultivator/us/diabetic-retinopathy-detection/data/external/aptos2019/colored_images/No_DR/684dd88a0d49.png,0,No_DR
/home/neon-cultivator/us/diabetic-retinopathy-detection/data/external/aptos2019/colored_images/No_DR/6852f4531591.png,0,No_DR
/home/neon-cultivator/us/diabetic-retinopathy-detection/data/external/aptos2019/colored_images/Moderate/686ed1dbae20.png,2,Moderate
/home/neon-cultivator/us/diabetic-retinopathy-detection/data/external/aptos2019/colored_images/Severe/687759336b0d.png,3,Severe
/home/neon-cultivator/us/diabetic-retinopathy-detection/data/external/aptos2019/colored_images/Moderate/6889bc64ab09.png,2,Moderate
/home/neon-cultivator/us/diabetic-retinopathy-detection/data/external/aptos2019/colored_images/No_DR/68987fb159ab.png,0,No_DR
/home/neon-cultivator/us/diabetic-retinopathy-detection/data/external/aptos2019/colored_images/No_DR/692e946b1f85.png,0,No_DR
/home/neon-cultivator/us/diabetic-retinopathy-detection/data/external/aptos2019/colored_images/No_DR/6966abf40b8c.png,0,No_DR
/home/neon-cultivator/us/diabetic-retinopathy-detection/data/external/aptos2019/colored_images/Severe/697538183db5.png,3,Severe
/home/neon-cultivator/us/diabetic-retinopathy-detection/data/external/aptos2019/colored_images/Moderate/6987804eb464.png,2,Moderate
/home/neon-cultivator/us/diabetic-retinopathy-detection/data/external/aptos2019/colored_images/Moderate/698d6e422a80.png,2,Moderate
/home/neon-cultivator/us/diabetic-retinopathy-detection/data/external/aptos2019/colored_images/Moderate/69df7ade0575.png,2,Moderate
/home/neon-cultivator/us/diabetic-retinopathy-detection/data/external/aptos2019/colored_images/Proliferate_DR/69fff98cb32a.png,4,Proliferative_DR
/home/neon-cultivator/us/diabetic-retinopathy-detection/data/external/aptos2019/colored_images/No_DR/6a2642131e4a.png,0,No_DR
/home/neon-cultivator/us/diabetic-retinopathy-detection/data/external/aptos2019/colored_images/No_DR/6a2c3f4ef329.png,0,No_DR
/home/neon-cultivator/us/diabetic-retinopathy-detection/data/external/aptos2019/colored_images/No_DR/6a57a3db3eff.png,0,No_DR
/home/neon-cultivator/us/diabetic-retinopathy-detection/data/external/aptos2019/colored_images/No_DR/6a905a7202d2.png,0,No_DR
/home/neon-cultivator/us/diabetic-retinopathy-detection/data/external/aptos2019/colored_images/No_DR/6af071b0ac6e.png,0,No_DR
/home/neon-cultivator/us/diabetic-retinopathy-detection/data/external/aptos2019/colored_images/Mild/6b07971c3bf6.png,1,Mild
/home/neon-cultivator/us/diabetic-retinopathy-detection/data/external/aptos2019/colored_images/Severe/6b128e648646.png,3,Severe
/home/neon-cultivator/us/diabetic-retinopathy-detection/data/external/aptos2019/colored_images/Moderate/6b7cf869622a.png,2,Moderate
/home/neon-cultivator/us/diabetic-retinopathy-detection/data/external/aptos2019/colored_images/Moderate/6b869f37cdf3.png,2,Moderate
/home/neon-cultivator/us/diabetic-retinopathy-detection/data/external/aptos2019/colored_images/Severe/6baafa56895c.png,3,Severe
/home/neon-cultivator/us/diabetic-retinopathy-detection/data/external/aptos2019/colored_images/No_DR/6bb30ec3231a.png,0,No_DR
/home/neon-cultivator/us/diabetic-retinopathy-detection/data/external/aptos2019/colored_images/No_DR/6bcce181be65.png,0,No_DR
/home/neon-cultivator/us/diabetic-retinopathy-detection/data/external/aptos2019/colored_images/No_DR/6bf26b777e3a.png,0,No_DR
/home/neon-cultivator/us/diabetic-retinopathy-detection/data/external/aptos2019/colored_images/No_DR/6c00dd8bf708.png,0,No_DR
/home/neon-cultivator/us/diabetic-retinopathy-detection/data/external/aptos2019/colored_images/Proliferate_DR/6c250a30593b.png,4,Proliferative_DR
/home/neon-cultivator/us/diabetic-retinopathy-detection/data/external/aptos2019/colored_images/Moderate/6c2555a9cae4.png,2,Moderate
/home/neon-cultivator/us/diabetic-retinopathy-detection/data/external/aptos2019/colored_images/Moderate/6c315ad3d07f.png,2,Moderate
/home/neon-cultivator/us/diabetic-retinopathy-detection/data/external/aptos2019/colored_images/No_DR/6c3589d7ed8d.png,0,No_DR
/home/neon-cultivator/us/diabetic-retinopathy-detection/data/external/aptos2019/colored_images/Proliferate_DR/6c3745a222da.png,4,Proliferative_DR
/home/neon-cultivator/us/diabetic-retinopathy-detection/data/external/aptos2019/colored_images/No_DR/6c4ec95dd8ba.png,0,No_DR
/home/neon-cultivator/us/diabetic-retinopathy-detection/data/external/aptos2019/colored_images/No_DR/6c6505a0c637.png,0,No_DR
/home/neon-cultivator/us/diabetic-retinopathy-detection/data/external/aptos2019/colored_images/Mild/6c6efb6b1358.png,1,Mild
/home/neon-cultivator/us/diabetic-retinopathy-detection/data/external/aptos2019/colored_images/No_DR/6c9c902a97de.png,0,No_DR
/home/neon-cultivator/us/diabetic-retinopathy-detection/data/external/aptos2019/colored_images/No_DR/6cb96a6fb029.png,0,No_DR
/home/neon-cultivator/us/diabetic-retinopathy-detection/data/external/aptos2019/colored_images/Moderate/6cbc3dad809c.png,2,Moderate
/home/neon-cultivator/us/diabetic-retinopathy-detection/data/external/aptos2019/colored_images/No_DR/6ccfdb031184.png,0,No_DR
/home/neon-cultivator/us/diabetic-retinopathy-detection/data/external/aptos2019/colored_images/Mild/6cdd0f985270.png,1,Mild
/home/neon-cultivator/us/diabetic-retinopathy-detection/data/external/aptos2019/colored_images/No_DR/6cee2e148520.png,0,No_DR
/home/neon-cultivator/us/diabetic-retinopathy-detection/data/external/aptos2019/colored_images/Proliferate_DR/6cfb7b44ef6f.png,4,Proliferative_DR
/home/neon-cultivator/us/diabetic-retinopathy-detection/data/external/aptos2019/colored_images/Severe/6d0c0531083f.png,3,Severe
/home/neon-cultivator/us/diabetic-retinopathy-detection/data/external/aptos2019/colored_images/No_DR/6d10709053ae.png,0,No_DR
/home/neon-cultivator/us/diabetic-retinopathy-detection/data/external/aptos2019/colored_images/Proliferate_DR/6d259b5b4c76.png,4,Proliferative_DR
/home/neon-cultivator/us/diabetic-retinopathy-detection/data/external/aptos2019/colored_images/Mild/6d292ca4c9ad.png,1,Mild
/home/neon-cultivator/us/diabetic-retinopathy-detection/data/external/aptos2019/colored_images/Moderate/6d3d1fe6c32a.png,2,Moderate
/home/neon-cultivator/us/diabetic-retinopathy-detection/data/external/aptos2019/colored_images/Moderate/6d454444f17c.png,2,Moderate
/home/neon-cultivator/us/diabetic-retinopathy-detection/data/external/aptos2019/colored_images/No_DR/6d5a8362dd1e.png,0,No_DR
/home/neon-cultivator/us/diabetic-retinopathy-detection/data/external/aptos2019/colored_images/No_DR/6d6be4cfc73f.png,0,No_DR
/home/neon-cultivator/us/diabetic-retinopathy-detection/data/external/aptos2019/colored_images/No_DR/6d6fcf49e515.png,0,No_DR
/home/neon-cultivator/us/diabetic-retinopathy-detection/data/external/aptos2019/colored_images/Proliferate_DR/6d7d26025122.png,4,Proliferative_DR
/home/neon-cultivator/us/diabetic-retinopathy-detection/data/external/aptos2019/colored_images/No_DR/6d9effbcde78.png,0,No_DR
/home/neon-cultivator/us/diabetic-retinopathy-detection/data/external/aptos2019/colored_images/Proliferate_DR/6daef3e5ca22.png,4,Proliferative_DR
/home/neon-cultivator/us/diabetic-retinopathy-detection/data/external/aptos2019/colored_images/No_DR/6dc0281f11e3.png,0,No_DR
/home/neon-cultivator/us/diabetic-retinopathy-detection/data/external/aptos2019/colored_images/No_DR/6df8b7b6e837.png,0,No_DR
/home/neon-cultivator/us/diabetic-retinopathy-detection/data/external/aptos2019/colored_images/Moderate/6dfd80748e72.png,2,Moderate
/home/neon-cultivator/us/diabetic-retinopathy-detection/data/external/aptos2019/colored_images/No_DR/6e018411ba4a.png,0,No_DR
/home/neon-cultivator/us/diabetic-retinopathy-detection/data/external/aptos2019/colored_images/Moderate/6e092b306fe1.png,2,Moderate
/home/neon-cultivator/us/diabetic-retinopathy-detection/data/external/aptos2019/colored_images/No_DR/6e092caa065f.png,0,No_DR
/home/neon-cultivator/us/diabetic-retinopathy-detection/data/external/aptos2019/colored_images/No_DR/6e0f78e188ff.png,0,No_DR
/home/neon-cultivator/us/diabetic-retinopathy-detection/data/external/aptos2019/colored_images/No_DR/6e3526053de0.png,0,No_DR
/home/neon-cultivator/us/diabetic-retinopathy-detection/data/external/aptos2019/colored_images/No_DR/6e44f6d04fc9.png,0,No_DR
/home/neon-cultivator/us/diabetic-retinopathy-detection/data/external/aptos2019/colored_images/Proliferate_DR/6e73acb2cf60.png,4,Proliferative_DR
/home/neon-cultivator/us/diabetic-retinopathy-detection/data/external/aptos2019/colored_images/Severe/6e92b1c5ac8e.png,3,Severe
/home/neon-cultivator/us/diabetic-retinopathy-detection/data/external/aptos2019/colored_images/Severe/6efa36d59ada.png,3,Severe
/home/neon-cultivator/us/diabetic-retinopathy-detection/data/external/aptos2019/colored_images/Moderate/6f0463c1ff18.png,2,Moderate
/home/neon-cultivator/us/diabetic-retinopathy-detection/data/external/aptos2019/colored_images/No_DR/6f0e5848d9ce.png,0,No_DR
/home/neon-cultivator/us/diabetic-retinopathy-detection/data/external/aptos2019/colored_images/No_DR/6f3b62e5b7f5.png,0,No_DR
/home/neon-cultivator/us/diabetic-retinopathy-detection/data/external/aptos2019/colored_images/No_DR/6f460f9968c7.png,0,No_DR
/home/neon-cultivator/us/diabetic-retinopathy-detection/data/external/aptos2019/colored_images/Proliferate_DR/6f4719c6bb4b.png,4,Proliferative_DR
/home/neon-cultivator/us/diabetic-retinopathy-detection/data/external/aptos2019/colored_images/Moderate/6f4e0538d1e4.png,2,Moderate
/home/neon-cultivator/us/diabetic-retinopathy-detection/data/external/aptos2019/colored_images/No_DR/6f689fced922.png,0,No_DR
/home/neon-cultivator/us/diabetic-retinopathy-detection/data/external/aptos2019/colored_images/Proliferate_DR/6f923b60934b.png,4,Proliferative_DR
/home/neon-cultivator/us/diabetic-retinopathy-detection/data/external/aptos2019/colored_images/Severe/6fb656d506b2.png,3,Severe
/home/neon-cultivator/us/diabetic-retinopathy-detection/data/external/aptos2019/colored_images/No_DR/6fbaaf8eb67a.png,0,No_DR
/home/neon-cultivator/us/diabetic-retinopathy-detection/data/external/aptos2019/colored_images/No_DR/6fe4751a3b42.png,0,No_DR
/home/neon-cultivator/us/diabetic-retinopathy-detection/data/external/aptos2019/colored_images/No_DR/6fe67fd7f5d1.png,0,No_DR
/home/neon-cultivator/us/diabetic-retinopathy-detection/data/external/aptos2019/colored_images/Proliferate_DR/702de9dcde32.png,4,Proliferative_DR
/home/neon-cultivator/us/diabetic-retinopathy-detection/data/external/aptos2019/colored_images/No_DR/705f508d1e42.png,0,No_DR
/home/neon-cultivator/us/diabetic-retinopathy-detection/data/external/aptos2019/colored_images/Moderate/709784f7fcc2.png,2,Moderate
/home/neon-cultivator/us/diabetic-retinopathy-detection/data/external/aptos2019/colored_images/No_DR/70d0392397de.png,0,No_DR
/home/neon-cultivator/us/diabetic-retinopathy-detection/data/external/aptos2019/colored_images/Proliferate_DR/70d657f8f503.png,4,Proliferative_DR
/home/neon-cultivator/us/diabetic-retinopathy-detection/data/external/aptos2019/colored_images/Moderate/70f5caf5f305.png,2,Moderate
/home/neon-cultivator/us/diabetic-retinopathy-detection/data/external/aptos2019/colored_images/Proliferate_DR/710b05a96e0f.png,4,Proliferative_DR
/home/neon-cultivator/us/diabetic-retinopathy-detection/data/external/aptos2019/colored_images/Mild/7116128c65ab.png,1,Mild
/home/neon-cultivator/us/diabetic-retinopathy-detection/data/external/aptos2019/colored_images/Moderate/711d1480d2e3.png,2,Moderate
/home/neon-cultivator/us/diabetic-retinopathy-detection/data/external/aptos2019/colored_images/No_DR/7131bf4c9e6f.png,0,No_DR
/home/neon-cultivator/us/diabetic-retinopathy-detection/data/external/aptos2019/colored_images/No_DR/7179f85bfd6f.png,0,No_DR
/home/neon-cultivator/us/diabetic-retinopathy-detection/data/external/aptos2019/colored_images/Mild/71c1a3cdbe47.png,1,Mild
/home/neon-cultivator/us/diabetic-retinopathy-detection/data/external/aptos2019/colored_images/Moderate/71e4130bf5c8.png,2,Moderate
/home/neon-cultivator/us/diabetic-retinopathy-detection/data/external/aptos2019/colored_images/No_DR/71e43b4f8ba6.png,0,No_DR
/home/neon-cultivator/us/diabetic-retinopathy-detection/data/external/aptos2019/colored_images/Mild/71f6a6e4620a.png,1,Mild
/home/neon-cultivator/us/diabetic-retinopathy-detection/data/external/aptos2019/colored_images/No_DR/721214151233.png,0,No_DR
/home/neon-cultivator/us/diabetic-retinopathy-detection/data/external/aptos2019/colored_images/No_DR/7214fc7cbe03.png,0,No_DR
/home/neon-cultivator/us/diabetic-retinopathy-detection/data/external/aptos2019/colored_images/Moderate/7247a2c97f71.png,2,Moderate
/home/neon-cultivator/us/diabetic-retinopathy-detection/data/external/aptos2019/colored_images/Severe/72595230840c.png,3,Severe
/home/neon-cultivator/us/diabetic-retinopathy-detection/data/external/aptos2019/colored_images/No_DR/7269a1d84a57.png,0,No_DR
/home/neon-cultivator/us/diabetic-retinopathy-detection/data/external/aptos2019/colored_images/No_DR/726dff37edc0.png,0,No_DR
/home/neon-cultivator/us/diabetic-retinopathy-detection/data/external/aptos2019/colored_images/No_DR/72a867980067.png,0,No_DR
/home/neon-cultivator/us/diabetic-retinopathy-detection/data/external/aptos2019/colored_images/Proliferate_DR/72d98188648f.png,4,Proliferative_DR
/home/neon-cultivator/us/diabetic-retinopathy-detection/data/external/aptos2019/colored_images/Moderate/731b19a460ad.png,2,Moderate
/home/neon-cultivator/us/diabetic-retinopathy-detection/data/external/aptos2019/colored_images/Mild/7335a2d43ada.png,1,Mild
/home/neon-cultivator/us/diabetic-retinopathy-detection/data/external/aptos2019/colored_images/No_DR/7347bd23ba80.png,0,No_DR
/home/neon-cultivator/us/diabetic-retinopathy-detection/data/external/aptos2019/colored_images/Mild/7347f5133a6a.png,1,Mild
/home/neon-cultivator/us/diabetic-retinopathy-detection/data/external/aptos2019/colored_images/Moderate/7350c50667c5.png,2,Moderate
/home/neon-cultivator/us/diabetic-retinopathy-detection/data/external/aptos2019/colored_images/Moderate/7356dd08b0ae.png,2,Moderate
/home/neon-cultivator/us/diabetic-retinopathy-detection/data/external/aptos2019/colored_images/No_DR/735836b1ffa6.png,0,No_DR
/home/neon-cultivator/us/diabetic-retinopathy-detection/data/external/aptos2019/colored_images/No_DR/737ef6226677.png,0,No_DR
/home/neon-cultivator/us/diabetic-retinopathy-detection/data/external/aptos2019/colored_images/Mild/73881f55a3ec.png,1,Mild
/home/neon-cultivator/us/diabetic-retinopathy-detection/data/external/aptos2019/colored_images/No_DR/73a07e2ea23e.png,0,No_DR
/home/neon-cultivator/us/diabetic-retinopathy-detection/data/external/aptos2019/colored_images/No_DR/73ba798fee25.png,0,No_DR
/home/neon-cultivator/us/diabetic-retinopathy-detection/data/external/aptos2019/colored_images/No_DR/73d40ce06a67.png,0,No_DR
/home/neon-cultivator/us/diabetic-retinopathy-detection/data/external/aptos2019/colored_images/Moderate/73e83a07a16d.png,2,Moderate
/home/neon-cultivator/us/diabetic-retinopathy-detection/data/external/aptos2019/colored_images/No_DR/73ef3c3dcbe4.png,0,No_DR
/home/neon-cultivator/us/diabetic-retinopathy-detection/data/external/aptos2019/colored_images/No_DR/74211a2b6dcf.png,0,No_DR
/home/neon-cultivator/us/diabetic-retinopathy-detection/data/external/aptos2019/colored_images/Mild/7427dedafccf.png,1,Mild
/home/neon-cultivator/us/diabetic-retinopathy-detection/data/external/aptos2019/colored_images/No_DR/7435e9a3e36e.png,0,No_DR
/home/neon-cultivator/us/diabetic-retinopathy-detection/data/external/aptos2019/colored_images/Moderate/7455e2b5fc57.png,2,Moderate
/home/neon-cultivator/us/diabetic-retinopathy-detection/data/external/aptos2019/colored_images/No_DR/74898f372d2b.png,0,No_DR
/home/neon-cultivator/us/diabetic-retinopathy-detection/data/external/aptos2019/colored_images/Severe/74eee788edee.png,3,Severe
/home/neon-cultivator/us/diabetic-retinopathy-detection/data/external/aptos2019/colored_images/No_DR/7526c59c36d3.png,0,No_DR
/home/neon-cultivator/us/diabetic-retinopathy-detection/data/external/aptos2019/colored_images/No_DR/7526cf435753.png,0,No_DR
/home/neon-cultivator/us/diabetic-retinopathy-detection/data/external/aptos2019/colored_images/Proliferate_DR/753b14c27c83.png,4,Proliferative_DR
/home/neon-cultivator/us/diabetic-retinopathy-detection/data/external/aptos2019/colored_images/No_DR/7569ac24762e.png,0,No_DR
/home/neon-cultivator/us/diabetic-retinopathy-detection/data/external/aptos2019/colored_images/Mild/756b0d6488bb.png,1,Mild
/home/neon-cultivator/us/diabetic-retinopathy-detection/data/external/aptos2019/colored_images/No_DR/757e39293591.png,0,No_DR
/home/neon-cultivator/us/diabetic-retinopathy-detection/data/external/aptos2019/colored_images/No_DR/75a4343b12f9.png,0,No_DR
/home/neon-cultivator/us/diabetic-retinopathy-detection/data/external/aptos2019/colored_images/Moderate/75a7bc945b7d.png,2,Moderate
/home/neon-cultivator/us/diabetic-retinopathy-detection/data/external/aptos2019/colored_images/No_DR/75c180e04f65.png,0,No_DR
/home/neon-cultivator/us/diabetic-retinopathy-detection/data/external/aptos2019/colored_images/No_DR/75ed83dbccce.png,0,No_DR
/home/neon-cultivator/us/diabetic-retinopathy-detection/data/external/aptos2019/colored_images/No_DR/76095c338728.png,0,No_DR
/home/neon-cultivator/us/diabetic-retinopathy-detection/data/external/aptos2019/colored_images/Moderate/760b6f4c6d82.png,2,Moderate
/home/neon-cultivator/us/diabetic-retinopathy-detection/data/external/aptos2019/colored_images/Severe/762d6e5d5068.png,3,Severe
/home/neon-cultivator/us/diabetic-retinopathy-detection/data/external/aptos2019/colored_images/No_DR/76516f828d88.png,0,No_DR
/home/neon-cultivator/us/diabetic-retinopathy-detection/data/external/aptos2019/colored_images/Moderate/7663aba8d762.png,2,Moderate
/home/neon-cultivator/us/diabetic-retinopathy-detection/data/external/aptos2019/colored_images/Mild/76be29bb30b2.png,1,Mild
/home/neon-cultivator/us/diabetic-retinopathy-detection/data/external/aptos2019/colored_images/No_DR/76cab26493f1.png,0,No_DR
/home/neon-cultivator/us/diabetic-retinopathy-detection/data/external/aptos2019/colored_images/Mild/76e589911303.png,1,Mild
/home/neon-cultivator/us/diabetic-retinopathy-detection/data/external/aptos2019/colored_images/No_DR/76e5b50f95a7.png,0,No_DR
/home/neon-cultivator/us/diabetic-retinopathy-detection/data/external/aptos2019/colored_images/No_DR/76f3473df8a6.png,0,No_DR
/home/neon-cultivator/us/diabetic-retinopathy-detection/data/external/aptos2019/colored_images/Moderate/7743f4e04a6d.png,2,Moderate
/home/neon-cultivator/us/diabetic-retinopathy-detection/data/external/aptos2019/colored_images/Moderate/77543f66a84a.png,2,Moderate
/home/neon-cultivator/us/diabetic-retinopathy-detection/data/external/aptos2019/colored_images/No_DR/77a1f1398fdb.png,0,No_DR
/home/neon-cultivator/us/diabetic-retinopathy-detection/data/external/aptos2019/colored_images/No_DR/77acc2cafee1.png,0,No_DR
/home/neon-cultivator/us/diabetic-retinopathy-detection/data/external/aptos2019/colored_images/Moderate/77baa08a1345.png,2,Moderate
/home/neon-cultivator/us/diabetic-retinopathy-detection/data/external/aptos2019/colored_images/Moderate/77e7c7a160c8.png,2,Moderate
/home/neon-cultivator/us/diabetic-retinopathy-detection/data/external/aptos2019/colored_images/Moderate/77f69c7ff324.png,2,Moderate
/home/neon-cultivator/us/diabetic-retinopathy-detection/data/external/aptos2019/colored_images/No_DR/780be525036d.png,0,No_DR
/home/neon-cultivator/us/diabetic-retinopathy-detection/data/external/aptos2019/colored_images/No_DR/780f9c237c56.png,0,No_DR
/home/neon-cultivator/us/diabetic-retinopathy-detection/data/external/aptos2019/colored_images/No_DR/780f9daaa24b.png,0,No_DR
/home/neon-cultivator/us/diabetic-retinopathy-detection/data/external/aptos2019/colored_images/No_DR/7828dd083cdc.png,0,No_DR
/home/neon-cultivator/us/diabetic-retinopathy-detection/data/external/aptos2019/colored_images/No_DR/7831ce1d895e.png,0,No_DR
/home/neon-cultivator/us/diabetic-retinopathy-detection/data/external/aptos2019/colored_images/No_DR/784d6d302f98.png,0,No_DR
/home/neon-cultivator/us/diabetic-retinopathy-detection/data/external/aptos2019/colored_images/Proliferate_DR/785777558f05.png,4,Proliferative_DR
/home/neon-cultivator/us/diabetic-retinopathy-detection/data/external/aptos2019/colored_images/Moderate/7877be80901c.png,2,Moderate
/home/neon-cultivator/us/diabetic-retinopathy-detection/data/external/aptos2019/colored_images/Severe/788ddb0b70b7.png,3,Severe
/home/neon-cultivator/us/diabetic-retinopathy-detection/data/external/aptos2019/colored_images/No_DR/789f0ec1eab8.png,0,No_DR
/home/neon-cultivator/us/diabetic-retinopathy-detection/data/external/aptos2019/colored_images/Moderate/78a577c3e0bf.png,2,Moderate
/home/neon-cultivator/us/diabetic-retinopathy-detection/data/external/aptos2019/colored_images/Proliferate_DR/78b3f819dcc5.png,4,Proliferative_DR
/home/neon-cultivator/us/diabetic-retinopathy-detection/data/external/aptos2019/colored_images/Mild/78bcdffb8785.png,1,Mild
/home/neon-cultivator/us/diabetic-retinopathy-detection/data/external/aptos2019/colored_images/Moderate/78d53c82a23e.png,2,Moderate
/home/neon-cultivator/us/diabetic-retinopathy-detection/data/external/aptos2019/colored_images/Moderate/79059d0592c4.png,2,Moderate
/home/neon-cultivator/us/diabetic-retinopathy-detection/data/external/aptos2019/colored_images/Moderate/79540be95177.png,2,Moderate
/home/neon-cultivator/us/diabetic-retinopathy-detection/data/external/aptos2019/colored_images/Proliferate_DR/79d44db3da2d.png,4,Proliferative_DR
/home/neon-cultivator/us/diabetic-retinopathy-detection/data/external/aptos2019/colored_images/Moderate/7a0cff4c24b2.png,2,Moderate
/home/neon-cultivator/us/diabetic-retinopathy-detection/data/external/aptos2019/colored_images/No_DR/7a12f49e29df.png,0,No_DR
/home/neon-cultivator/us/diabetic-retinopathy-detection/data/external/aptos2019/colored_images/Proliferate_DR/7a238a1d3cf3.png,4,Proliferative_DR
/home/neon-cultivator/us/diabetic-retinopathy-detection/data/external/aptos2019/colored_images/No_DR/7a39c91416e2.png,0,No_DR
/home/neon-cultivator/us/diabetic-retinopathy-detection/data/external/aptos2019/colored_images/Mild/7a3ea1779b13.png,1,Mild
/home/neon-cultivator/us/diabetic-retinopathy-detection/data/external/aptos2019/colored_images/No_DR/7a42443ed106.png,0,No_DR
/home/neon-cultivator/us/diabetic-retinopathy-detection/data/external/aptos2019/colored_images/No_DR/7a46cfa69bae.png,0,No_DR
/home/neon-cultivator/us/diabetic-retinopathy-detection/data/external/aptos2019/colored_images/No_DR/7a6495a39d87.png,0,No_DR
/home/neon-cultivator/us/diabetic-retinopathy-detection/data/external/aptos2019/colored_images/Severe/7a6e384a0846.png,3,Severe
/home/neon-cultivator/us/diabetic-retinopathy-detection/data/external/aptos2019/colored_images/No_DR/7a9f45fdf29b.png,0,No_DR
/home/neon-cultivator/us/diabetic-retinopathy-detection/data/external/aptos2019/colored_images/No_DR/7aabd768abff.png,0,No_DR
/home/neon-cultivator/us/diabetic-retinopathy-detection/data/external/aptos2019/colored_images/No_DR/7ad0c4975890.png,0,No_DR
/home/neon-cultivator/us/diabetic-retinopathy-detection/data/external/aptos2019/colored_images/No_DR/7adfb8fc0621.png,0,No_DR
/home/neon-cultivator/us/diabetic-retinopathy-detection/data/external/aptos2019/colored_images/Mild/7ae69d22075a.png,1,Mild
/home/neon-cultivator/us/diabetic-retinopathy-detection/data/external/aptos2019/colored_images/No_DR/7af4d8704032.png,0,No_DR
/home/neon-cultivator/us/diabetic-retinopathy-detection/data/external/aptos2019/colored_images/Proliferate_DR/7b211d8bd249.png,4,Proliferative_DR
/home/neon-cultivator/us/diabetic-retinopathy-detection/data/external/aptos2019/colored_images/Severe/7b29e3783919.png,3,Severe
/home/neon-cultivator/us/diabetic-retinopathy-detection/data/external/aptos2019/colored_images/Severe/7b49041cbf17.png,3,Severe
/home/neon-cultivator/us/diabetic-retinopathy-detection/data/external/aptos2019/colored_images/No_DR/7b691d9ced34.png,0,No_DR
/home/neon-cultivator/us/diabetic-retinopathy-detection/data/external/aptos2019/colored_images/No_DR/7b87b0015282.png,0,No_DR
/home/neon-cultivator/us/diabetic-retinopathy-detection/data/external/aptos2019/colored_images/Moderate/7b8c78b41c0d.png,2,Moderate
/home/neon-cultivator/us/diabetic-retinopathy-detection/data/external/aptos2019/colored_images/No_DR/7b9d519cbd66.png,0,No_DR
/home/neon-cultivator/us/diabetic-retinopathy-detection/data/external/aptos2019/colored_images/No_DR/7ba6b23c4b46.png,0,No_DR
/home/neon-cultivator/us/diabetic-retinopathy-detection/data/external/aptos2019/colored_images/No_DR/7bc00e58d419.png,0,No_DR
/home/neon-cultivator/us/diabetic-retinopathy-detection/data/external/aptos2019/colored_images/Moderate/7bc2e0fa3f72.png,2,Moderate
/home/neon-cultivator/us/diabetic-retinopathy-detection/data/external/aptos2019/colored_images/No_DR/7c2e852171c0.png,0,No_DR
/home/neon-cultivator/us/diabetic-retinopathy-detection/data/external/aptos2019/colored_images/Moderate/7c2f820a6425.png,2,Moderate
/home/neon-cultivator/us/diabetic-retinopathy-detection/data/external/aptos2019/colored_images/Moderate/7c52fe73e748.png,2,Moderate
/home/neon-cultivator/us/diabetic-retinopathy-detection/data/external/aptos2019/colored_images/Proliferate_DR/7cc4b7aabe04.png,4,Proliferative_DR
/home/neon-cultivator/us/diabetic-retinopathy-detection/data/external/aptos2019/colored_images/Mild/7ccb267fd394.png,1,Mild
/home/neon-cultivator/us/diabetic-retinopathy-detection/data/external/aptos2019/colored_images/No_DR/7ccf9d25dc48.png,0,No_DR
/home/neon-cultivator/us/diabetic-retinopathy-detection/data/external/aptos2019/colored_images/Moderate/7d1b40fdbd86.png,2,Moderate
/home/neon-cultivator/us/diabetic-retinopathy-detection/data/external/aptos2019/colored_images/Moderate/7d1da90d3ca9.png,2,Moderate
/home/neon-cultivator/us/diabetic-retinopathy-detection/data/external/aptos2019/colored_images/No_DR/7d48f8cdfb69.png,0,No_DR
/home/neon-cultivator/us/diabetic-retinopathy-detection/data/external/aptos2019/colored_images/Proliferate_DR/7d626a7ffe76.png,4,Proliferative_DR
/home/neon-cultivator/us/diabetic-retinopathy-detection/data/external/aptos2019/colored_images/No_DR/7ddcfcea7369.png,0,No_DR
/home/neon-cultivator/us/diabetic-retinopathy-detection/data/external/aptos2019/colored_images/Moderate/7dee6bf8b9c1.png,2,Moderate
/home/neon-cultivator/us/diabetic-retinopathy-detection/data/external/aptos2019/colored_images/Proliferate_DR/7e0598cc88a0.png,4,Proliferative_DR
/home/neon-cultivator/us/diabetic-retinopathy-detection/data/external/aptos2019/colored_images/Moderate/7e6e90a93aa5.png,2,Moderate
/home/neon-cultivator/us/diabetic-retinopathy-detection/data/external/aptos2019/colored_images/No_DR/7e77b61e1639.png,0,No_DR
/home/neon-cultivator/us/diabetic-retinopathy-detection/data/external/aptos2019/colored_images/No_DR/7e9081e95bf6.png,0,No_DR
/home/neon-cultivator/us/diabetic-retinopathy-detection/data/external/aptos2019/colored_images/Moderate/7e9458de5707.png,2,Moderate
/home/neon-cultivator/us/diabetic-retinopathy-detection/data/external/aptos2019/colored_images/No_DR/7e980424868e.png,0,No_DR
/home/neon-cultivator/us/diabetic-retinopathy-detection/data/external/aptos2019/colored_images/Mild/7ea756985353.png,1,Mild
/home/neon-cultivator/us/diabetic-retinopathy-detection/data/external/aptos2019/colored_images/No_DR/7ed4128b2a4e.png,0,No_DR
/home/neon-cultivator/us/diabetic-retinopathy-detection/data/external/aptos2019/colored_images/No_DR/7eeb191ad06b.png,0,No_DR
/home/neon-cultivator/us/diabetic-retinopathy-detection/data/external/aptos2019/colored_images/No_DR/7eee3d1f1268.png,0,No_DR
/home/neon-cultivator/us/diabetic-retinopathy-detection/data/external/aptos2019/colored_images/Mild/7ef5ff774a48.png,1,Mild
/home/neon-cultivator/us/diabetic-retinopathy-detection/data/external/aptos2019/colored_images/Proliferate_DR/7efc91af4ae6.png,4,Proliferative_DR
/home/neon-cultivator/us/diabetic-retinopathy-detection/data/external/aptos2019/colored_images/No_DR/7f0ffeb0a333.png,0,No_DR
/home/neon-cultivator/us/diabetic-retinopathy-detection/data/external/aptos2019/colored_images/No_DR/7f1f3269f546.png,0,No_DR
/home/neon-cultivator/us/diabetic-retinopathy-detection/data/external/aptos2019/colored_images/No_DR/7f2cce721e19.png,0,No_DR
/home/neon-cultivator/us/diabetic-retinopathy-detection/data/external/aptos2019/colored_images/No_DR/7f39c36469b5.png,0,No_DR
/home/neon-cultivator/us/diabetic-retinopathy-detection/data/external/aptos2019/colored_images/No_DR/7f43becd3e83.png,0,No_DR
/home/neon-cultivator/us/diabetic-retinopathy-detection/data/external/aptos2019/colored_images/Mild/7f60f2a083d3.png,1,Mild
/home/neon-cultivator/us/diabetic-retinopathy-detection/data/external/aptos2019/colored_images/No_DR/7f6690fa390a.png,0,No_DR
/home/neon-cultivator/us/diabetic-retinopathy-detection/data/external/aptos2019/colored_images/Moderate/7f6ce40f306b.png,2,Moderate
/home/neon-cultivator/us/diabetic-retinopathy-detection/data/external/aptos2019/colored_images/Moderate/7f84284598f5.png,2,Moderate
/home/neon-cultivator/us/diabetic-retinopathy-detection/data/external/aptos2019/colored_images/No_DR/7fc3a8bb40de.png,0,No_DR
/home/neon-cultivator/us/diabetic-retinopathy-detection/data/external/aptos2019/colored_images/No_DR/7fdb177b8f7d.png,0,No_DR
/home/neon-cultivator/us/diabetic-retinopathy-detection/data/external/aptos2019/colored_images/No_DR/7fe7309d0b4f.png,0,No_DR
/home/neon-cultivator/us/diabetic-retinopathy-detection/data/external/aptos2019/colored_images/Moderate/8000a6b97a84.png,2,Moderate
/home/neon-cultivator/us/diabetic-retinopathy-detection/data/external/aptos2019/colored_images/No_DR/8010c931321f.png,0,No_DR
/home/neon-cultivator/us/diabetic-retinopathy-detection/data/external/aptos2019/colored_images/Moderate/803120c5d287.png,2,Moderate
/home/neon-cultivator/us/diabetic-retinopathy-detection/data/external/aptos2019/colored_images/Moderate/807135cbc438.png,2,Moderate
/home/neon-cultivator/us/diabetic-retinopathy-detection/data/external/aptos2019/colored_images/Proliferate_DR/80964d8e0863.png,4,Proliferative_DR
/home/neon-cultivator/us/diabetic-retinopathy-detection/data/external/aptos2019/colored_images/Mild/80a02014b418.png,1,Mild
/home/neon-cultivator/us/diabetic-retinopathy-detection/data/external/aptos2019/colored_images/No_DR/80b5697f2a5e.png,0,No_DR
/home/neon-cultivator/us/diabetic-retinopathy-detection/data/external/aptos2019/colored_images/Moderate/80b5a9519aec.png,2,Moderate
/home/neon-cultivator/us/diabetic-retinopathy-detection/data/external/aptos2019/colored_images/Severe/80ca40196225.png,3,Severe
/home/neon-cultivator/us/diabetic-retinopathy-detection/data/external/aptos2019/colored_images/Mild/80d24897669f.png,1,Mild
/home/neon-cultivator/us/diabetic-retinopathy-detection/data/external/aptos2019/colored_images/No_DR/80e6e425f966.png,0,No_DR
/home/neon-cultivator/us/diabetic-retinopathy-detection/data/external/aptos2019/colored_images/Severe/80e7cc0a0649.png,3,Severe
/home/neon-cultivator/us/diabetic-retinopathy-detection/data/external/aptos2019/colored_images/No_DR/80f6b30ece8c.png,0,No_DR
/home/neon-cultivator/us/diabetic-retinopathy-detection/data/external/aptos2019/colored_images/Severe/810d3779abd9.png,3,Severe
/home/neon-cultivator/us/diabetic-retinopathy-detection/data/external/aptos2019/colored_images/Mild/8114d6a160df.png,1,Mild
/home/neon-cultivator/us/diabetic-retinopathy-detection/data/external/aptos2019/colored_images/Moderate/812d5adafaf2.png,2,Moderate
/home/neon-cultivator/us/diabetic-retinopathy-detection/data/external/aptos2019/colored_images/No_DR/8185ce1cdcef.png,0,No_DR
/home/neon-cultivator/us/diabetic-retinopathy-detection/data/external/aptos2019/colored_images/No_DR/81914ceb4e74.png,0,No_DR
/home/neon-cultivator/us/diabetic-retinopathy-detection/data/external/aptos2019/colored_images/No_DR/8191ae701985.png,0,No_DR
/home/neon-cultivator/us/diabetic-retinopathy-detection/data/external/aptos2019/colored_images/No_DR/81d79d53ed7b.png,0,No_DR
/home/neon-cultivator/us/diabetic-retinopathy-detection/data/external/aptos2019/colored_images/Severe/8201cab8322d.png,3,Severe
/home/neon-cultivator/us/diabetic-retinopathy-detection/data/external/aptos2019/colored_images/No_DR/82088c6734e6.png,0,No_DR
/home/neon-cultivator/us/diabetic-retinopathy-detection/data/external/aptos2019/colored_images/Mild/821789e9053f.png,1,Mild
/home/neon-cultivator/us/diabetic-retinopathy-detection/data/external/aptos2019/colored_images/No_DR/8241e43408a8.png,0,No_DR
/home/neon-cultivator/us/diabetic-retinopathy-detection/data/external/aptos2019/colored_images/Mild/8273fdb4405e.png,1,Mild
/home/neon-cultivator/us/diabetic-retinopathy-detection/data/external/aptos2019/colored_images/Moderate/82910bba4753.png,2,Moderate
/home/neon-cultivator/us/diabetic-retinopathy-detection/data/external/aptos2019/colored_images/Mild/82ac8463fadd.png,1,Mild
/home/neon-cultivator/us/diabetic-retinopathy-detection/data/external/aptos2019/colored_images/Proliferate_DR/82bb8a01935f.png,4,Proliferative_DR
/home/neon-cultivator/us/diabetic-retinopathy-detection/data/external/aptos2019/colored_images/No_DR/82d364726a58.png,0,No_DR
/home/neon-cultivator/us/diabetic-retinopathy-detection/data/external/aptos2019/colored_images/No_DR/82e5bc01f8a4.png,0,No_DR
/home/neon-cultivator/us/diabetic-retinopathy-detection/data/external/aptos2019/colored_images/No_DR/83038ca49b6d.png,0,No_DR
/home/neon-cultivator/us/diabetic-retinopathy-detection/data/external/aptos2019/colored_images/No_DR/8329e80c10ac.png,0,No_DR
/home/neon-cultivator/us/diabetic-retinopathy-detection/data/external/aptos2019/colored_images/No_DR/83517eaeccb9.png,0,No_DR
/home/neon-cultivator/us/diabetic-retinopathy-detection/data/external/aptos2019/colored_images/No_DR/837acf120946.png,0,No_DR
/home/neon-cultivator/us/diabetic-retinopathy-detection/data/external/aptos2019/colored_images/No_DR/838b3e4d0bb4.png,0,No_DR
/home/neon-cultivator/us/diabetic-retinopathy-detection/data/external/aptos2019/colored_images/Proliferate_DR/838c87c63422.png,4,Proliferative_DR
/home/neon-cultivator/us/diabetic-retinopathy-detection/data/external/aptos2019/colored_images/No_DR/83a63c4a3e4a.png,0,No_DR
/home/neon-cultivator/us/diabetic-retinopathy-detection/data/external/aptos2019/colored_images/Moderate/83d6e40c869f.png,2,Moderate
/home/neon-cultivator/us/diabetic-retinopathy-detection/data/external/aptos2019/colored_images/Mild/83e529e95b0e.png,1,Mild
/home/neon-cultivator/us/diabetic-retinopathy-detection/data/external/aptos2019/colored_images/No_DR/83fda7c0500b.png,0,No_DR
/home/neon-cultivator/us/diabetic-retinopathy-detection/data/external/aptos2019/colored_images/No_DR/840a06a9c690.png,0,No_DR
/home/neon-cultivator/us/diabetic-retinopathy-detection/data/external/aptos2019/colored_images/No_DR/8433a032b96c.png,0,No_DR
/home/neon-cultivator/us/diabetic-retinopathy-detection/data/external/aptos2019/colored_images/No_DR/8448af27ba07.png,0,No_DR
/home/neon-cultivator/us/diabetic-retinopathy-detection/data/external/aptos2019/colored_images/No_DR/847b04287c9c.png,0,No_DR
/home/neon-cultivator/us/diabetic-retinopathy-detection/data/external/aptos2019/colored_images/No_DR/848e66b9e199.png,0,No_DR
/home/neon-cultivator/us/diabetic-retinopathy-detection/data/external/aptos2019/colored_images/Mild/849a91e9ab28.png,1,Mild
/home/neon-cultivator/us/diabetic-retinopathy-detection/data/external/aptos2019/colored_images/Mild/84a72e15b23c.png,1,Mild
/home/neon-cultivator/us/diabetic-retinopathy-detection/data/external/aptos2019/colored_images/No_DR/84b472c49cfa.png,0,No_DR
/home/neon-cultivator/us/diabetic-retinopathy-detection/data/external/aptos2019/colored_images/No_DR/84b4da14bc23.png,0,No_DR
/home/neon-cultivator/us/diabetic-retinopathy-detection/data/external/aptos2019/colored_images/No_DR/84b88e8d3bca.png,0,No_DR
/home/neon-cultivator/us/diabetic-retinopathy-detection/data/external/aptos2019/colored_images/Proliferate_DR/84c663f39632.png,4,Proliferative_DR
/home/neon-cultivator/us/diabetic-retinopathy-detection/data/external/aptos2019/colored_images/Moderate/8543a801dce0.png,2,Moderate
/home/neon-cultivator/us/diabetic-retinopathy-detection/data/external/aptos2019/colored_images/No_DR/8564b7aa3c1a.png,0,No_DR
/home/neon-cultivator/us/diabetic-retinopathy-detection/data/external/aptos2019/colored_images/Proliferate_DR/857230f64a2e.png,4,Proliferative_DR
/home/neon-cultivator/us/diabetic-retinopathy-detection/data/external/aptos2019/colored_images/Proliferate_DR/8596a24a14bd.png,4,Proliferative_DR
/home/neon-cultivator/us/diabetic-retinopathy-detection/data/external/aptos2019/colored_images/Proliferate_DR/85cbb84ac8e0.png,4,Proliferative_DR
/home/neon-cultivator/us/diabetic-retinopathy-detection/data/external/aptos2019/colored_images/Moderate/85cc6d636898.png,2,Moderate
/home/neon-cultivator/us/diabetic-retinopathy-detection/data/external/aptos2019/colored_images/No_DR/85f99e7e4052.png,0,No_DR
/home/neon-cultivator/us/diabetic-retinopathy-detection/data/external/aptos2019/colored_images/No_DR/8660e1864665.png,0,No_DR
/home/neon-cultivator/us/diabetic-retinopathy-detection/data/external/aptos2019/colored_images/Moderate/86722fcd802c.png,2,Moderate
/home/neon-cultivator/us/diabetic-retinopathy-detection/data/external/aptos2019/colored_images/Mild/8676427e4625.png,1,Mild
/home/neon-cultivator/us/diabetic-retinopathy-detection/data/external/aptos2019/colored_images/Severe/8688f3d0fcaf.png,3,Severe
/home/neon-cultivator/us/diabetic-retinopathy-detection/data/external/aptos2019/colored_images/No_DR/8693ab1fd2be.png,0,No_DR
/home/neon-cultivator/us/diabetic-retinopathy-detection/data/external/aptos2019/colored_images/Moderate/869bbd3170cc.png,2,Moderate
/home/neon-cultivator/us/diabetic-retinopathy-detection/data/external/aptos2019/colored_images/No_DR/86d58f850a0c.png,0,No_DR
/home/neon-cultivator/us/diabetic-retinopathy-detection/data/external/aptos2019/colored_images/Severe/86d6808f0609.png,3,Severe
/home/neon-cultivator/us/diabetic-retinopathy-detection/data/external/aptos2019/colored_images/Moderate/86e7f98f73f1.png,2,Moderate
/home/neon-cultivator/us/diabetic-retinopathy-detection/data/external/aptos2019/colored_images/Moderate/86fbac86ed3e.png,2,Moderate
/home/neon-cultivator/us/diabetic-retinopathy-detection/data/external/aptos2019/colored_images/No_DR/870f433e8f37.png,0,No_DR
/home/neon-cultivator/us/diabetic-retinopathy-detection/data/external/aptos2019/colored_images/No_DR/870fbe6eaa68.png,0,No_DR
/home/neon-cultivator/us/diabetic-retinopathy-detection/data/external/aptos2019/colored_images/Mild/8714d17bb6da.png,1,Mild
/home/neon-cultivator/us/diabetic-retinopathy-detection/data/external/aptos2019/colored_images/No_DR/87295c5fa1cc.png,0,No_DR
/home/neon-cultivator/us/diabetic-retinopathy-detection/data/external/aptos2019/colored_images/Proliferate_DR/873dcc0b468f.png,4,Proliferative_DR
/home/neon-cultivator/us/diabetic-retinopathy-detection/data/external/aptos2019/colored_images/Moderate/873fe0404d6e.png,2,Moderate
/home/neon-cultivator/us/diabetic-retinopathy-detection/data/external/aptos2019/colored_images/No_DR/874f8c1929f6.png,0,No_DR
/home/neon-cultivator/us/diabetic-retinopathy-detection/data/external/aptos2019/colored_images/Proliferate_DR/875a2fc5fe23.png,4,Proliferative_DR
/home/neon-cultivator/us/diabetic-retinopathy-detection/data/external/aptos2019/colored_images/No_DR/875d2ffcbf47.png,0,No_DR
/home/neon-cultivator/us/diabetic-retinopathy-detection/data/external/aptos2019/colored_images/Proliferate_DR/87774aafe068.png,4,Proliferative_DR
/home/neon-cultivator/us/diabetic-retinopathy-detection/data/external/aptos2019/colored_images/Proliferate_DR/8785b71238d8.png,4,Proliferative_DR
/home/neon-cultivator/us/diabetic-retinopathy-detection/data/external/aptos2019/colored_images/No_DR/878e356c8fc9.png,0,No_DR
/home/neon-cultivator/us/diabetic-retinopathy-detection/data/external/aptos2019/colored_images/Moderate/879744b9dc65.png,2,Moderate
/home/neon-cultivator/us/diabetic-retinopathy-detection/data/external/aptos2019/colored_images/No_DR/87b671c6d4c5.png,0,No_DR
/home/neon-cultivator/us/diabetic-retinopathy-detection/data/external/aptos2019/colored_images/No_DR/87d46b1cc4e9.png,0,No_DR
/home/neon-cultivator/us/diabetic-retinopathy-detection/data/external/aptos2019/colored_images/No_DR/881ec6186e68.png,0,No_DR
/home/neon-cultivator/us/diabetic-retinopathy-detection/data/external/aptos2019/colored_images/No_DR/883c6a184f16.png,0,No_DR
/home/neon-cultivator/us/diabetic-retinopathy-detection/data/external/aptos2019/colored_images/No_DR/8846b09384a4.png,0,No_DR
/home/neon-cultivator/us/diabetic-retinopathy-detection/data/external/aptos2019/colored_images/Moderate/8871e6a26596.png,2,Moderate
/home/neon-cultivator/us/diabetic-retinopathy-detection/data/external/aptos2019/colored_images/Proliferate_DR/887c26fc0e1f.png,4,Proliferative_DR
/home/neon-cultivator/us/diabetic-retinopathy-detection/data/external/aptos2019/colored_images/No_DR/88e4399d207c.png,0,No_DR
/home/neon-cultivator/us/diabetic-retinopathy-detection/data/external/aptos2019/colored_images/No_DR/891329021e12.png,0,No_DR
/home/neon-cultivator/us/diabetic-retinopathy-detection/data/external/aptos2019/colored_images/Moderate/891392c9683c.png,2,Moderate
/home/neon-cultivator/us/diabetic-retinopathy-detection/data/external/aptos2019/colored_images/Severe/8958a4d17b7e.png,3,Severe
/home/neon-cultivator/us/diabetic-retinopathy-detection/data/external/aptos2019/colored_images/No_DR/895fe2bfc5b6.png,0,No_DR
/home/neon-cultivator/us/diabetic-retinopathy-detection/data/external/aptos2019/colored_images/No_DR/896ad584a841.png,0,No_DR
/home/neon-cultivator/us/diabetic-retinopathy-detection/data/external/aptos2019/colored_images/No_DR/898f0bc8acfa.png,0,No_DR
/home/neon-cultivator/us/diabetic-retinopathy-detection/data/external/aptos2019/colored_images/Moderate/89b044cbaf85.png,2,Moderate
/home/neon-cultivator/us/diabetic-retinopathy-detection/data/external/aptos2019/colored_images/Moderate/89b725411cee.png,2,Moderate
/home/neon-cultivator/us/diabetic-retinopathy-detection/data/external/aptos2019/colored_images/Moderate/89d2a7403a06.png,2,Moderate
/home/neon-cultivator/us/diabetic-retinopathy-detection/data/external/aptos2019/colored_images/Mild/89d9c071a56f.png,1,Mild
/home/neon-cultivator/us/diabetic-retinopathy-detection/data/external/aptos2019/colored_images/Mild/89ed6a0dd53f.png,1,Mild
/home/neon-cultivator/us/diabetic-retinopathy-detection/data/external/aptos2019/colored_images/Moderate/89fc080f7e83.png,2,Moderate
/home/neon-cultivator/us/diabetic-retinopathy-detection/data/external/aptos2019/colored_images/Mild/8a01daa423f7.png,1,Mild
/home/neon-cultivator/us/diabetic-retinopathy-detection/data/external/aptos2019/colored_images/Severe/8a234d68b27e.png,3,Severe
/home/neon-cultivator/us/diabetic-retinopathy-detection/data/external/aptos2019/colored_images/No_DR/8a3eb86ae4bd.png,0,No_DR
/home/neon-cultivator/us/diabetic-retinopathy-detection/data/external/aptos2019/colored_images/No_DR/8a482c024fc2.png,0,No_DR
/home/neon-cultivator/us/diabetic-retinopathy-detection/data/external/aptos2019/colored_images/Moderate/8a67f1efa315.png,2,Moderate
/home/neon-cultivator/us/diabetic-retinopathy-detection/data/external/aptos2019/colored_images/No_DR/8a7765e785fb.png,0,No_DR
/home/neon-cultivator/us/diabetic-retinopathy-detection/data/external/aptos2019/colored_images/No_DR/8a81f62320d6.png,0,No_DR
/home/neon-cultivator/us/diabetic-retinopathy-detection/data/external/aptos2019/colored_images/No_DR/8a8a251770cd.png,0,No_DR
/home/neon-cultivator/us/diabetic-retinopathy-detection/data/external/aptos2019/colored_images/Severe/8a9bef2fbd4e.png,3,Severe
/home/neon-cultivator/us/diabetic-retinopathy-detection/data/external/aptos2019/colored_images/Moderate/8aab201c0691.png,2,Moderate
/home/neon-cultivator/us/diabetic-retinopathy-detection/data/external/aptos2019/colored_images/No_DR/8ab3faa3701f.png,0,No_DR
/home/neon-cultivator/us/diabetic-retinopathy-detection/data/external/aptos2019/colored_images/Proliferate_DR/8ac0c44bbf24.png,4,Proliferative_DR
/home/neon-cultivator/us/diabetic-retinopathy-detection/data/external/aptos2019/colored_images/No_DR/8acdf12f412a.png,0,No_DR
/home/neon-cultivator/us/diabetic-retinopathy-detection/data/external/aptos2019/colored_images/Proliferate_DR/8ae049175db6.png,4,Proliferative_DR
/home/neon-cultivator/us/diabetic-retinopathy-detection/data/external/aptos2019/colored_images/No_DR/8af50c9d0a86.png,0,No_DR
/home/neon-cultivator/us/diabetic-retinopathy-detection/data/external/aptos2019/colored_images/Proliferate_DR/8af6a4e5396f.png,4,Proliferative_DR
/home/neon-cultivator/us/diabetic-retinopathy-detection/data/external/aptos2019/colored_images/Moderate/8b26d3cd61e8.png,2,Moderate
/home/neon-cultivator/us/diabetic-retinopathy-detection/data/external/aptos2019/colored_images/Severe/8b76c3c5cb3e.png,3,Severe
/home/neon-cultivator/us/diabetic-retinopathy-detection/data/external/aptos2019/colored_images/No_DR/8b8fe3fc8950.png,0,No_DR
/home/neon-cultivator/us/diabetic-retinopathy-detection/data/external/aptos2019/colored_images/Proliferate_DR/8bad12d70368.png,4,Proliferative_DR
/home/neon-cultivator/us/diabetic-retinopathy-detection/data/external/aptos2019/colored_images/Mild/8bbd7835e9aa.png,1,Mild
/home/neon-cultivator/us/diabetic-retinopathy-detection/data/external/aptos2019/colored_images/Mild/8bc6716c2238.png,1,Mild
/home/neon-cultivator/us/diabetic-retinopathy-detection/data/external/aptos2019/colored_images/Moderate/8bdb891661a8.png,2,Moderate
/home/neon-cultivator/us/diabetic-retinopathy-detection/data/external/aptos2019/colored_images/No_DR/8be6629a6039.png,0,No_DR
/home/neon-cultivator/us/diabetic-retinopathy-detection/data/external/aptos2019/colored_images/Proliferate_DR/8bed09514c3b.png,4,Proliferative_DR
/home/neon-cultivator/us/diabetic-retinopathy-detection/data/external/aptos2019/colored_images/No_DR/8bf05909e1e1.png,0,No_DR
/home/neon-cultivator/us/diabetic-retinopathy-detection/data/external/aptos2019/colored_images/Severe/8c0d05233238.png,3,Severe
/home/neon-cultivator/us/diabetic-retinopathy-detection/data/external/aptos2019/colored_images/No_DR/8c29a76fa08c.png,0,No_DR
/home/neon-cultivator/us/diabetic-retinopathy-detection/data/external/aptos2019/colored_images/Mild/8c2f0f04e1ed.png,1,Mild
/home/neon-cultivator/us/diabetic-retinopathy-detection/data/external/aptos2019/colored_images/No_DR/8c4ceddeb1c6.png,0,No_DR
/home/neon-cultivator/us/diabetic-retinopathy-detection/data/external/aptos2019/colored_images/Proliferate_DR/8c7c26c52a6c.png,4,Proliferative_DR
/home/neon-cultivator/us/diabetic-retinopathy-detection/data/external/aptos2019/colored_images/No_DR/8c84e96d9b01.png,0,No_DR
/home/neon-cultivator/us/diabetic-retinopathy-detection/data/external/aptos2019/colored_images/Moderate/8c87bd748996.png,2,Moderate
/home/neon-cultivator/us/diabetic-retinopathy-detection/data/external/aptos2019/colored_images/No_DR/8ceff4c4c860.png,0,No_DR
/home/neon-cultivator/us/diabetic-retinopathy-detection/data/external/aptos2019/colored_images/Moderate/8d3d67661620.png,2,Moderate
/home/neon-cultivator/us/diabetic-retinopathy-detection/data/external/aptos2019/colored_images/No_DR/8d4d14a4ab07.png,0,No_DR
/home/neon-cultivator/us/diabetic-retinopathy-detection/data/external/aptos2019/colored_images/No_DR/8d4ff745a409.png,0,No_DR
/home/neon-cultivator/us/diabetic-retinopathy-detection/data/external/aptos2019/colored_images/Moderate/8d62ba9cb22a.png,2,Moderate
/home/neon-cultivator/us/diabetic-retinopathy-detection/data/external/aptos2019/colored_images/Proliferate_DR/8d8aca52c07b.png,4,Proliferative_DR
/home/neon-cultivator/us/diabetic-retinopathy-detection/data/external/aptos2019/colored_images/No_DR/8d9516ea3587.png,0,No_DR
/home/neon-cultivator/us/diabetic-retinopathy-detection/data/external/aptos2019/colored_images/No_DR/8dafa62f9322.png,0,No_DR
/home/neon-cultivator/us/diabetic-retinopathy-detection/data/external/aptos2019/colored_images/Proliferate_DR/8db2ce991101.png,4,Proliferative_DR
/home/neon-cultivator/us/diabetic-retinopathy-detection/data/external/aptos2019/colored_images/Moderate/8dba09a4e5ed.png,2,Moderate
/home/neon-cultivator/us/diabetic-retinopathy-detection/data/external/aptos2019/colored_images/Mild/8dc22e65c06f.png,1,Mild
/home/neon-cultivator/us/diabetic-retinopathy-detection/data/external/aptos2019/colored_images/Moderate/8dfa629ca74e.png,2,Moderate
/home/neon-cultivator/us/diabetic-retinopathy-detection/data/external/aptos2019/colored_images/No_DR/8e2a3978c244.png,0,No_DR
/home/neon-cultivator/us/diabetic-retinopathy-detection/data/external/aptos2019/colored_images/Moderate/8e3b79e1f1f7.png,2,Moderate
/home/neon-cultivator/us/diabetic-retinopathy-detection/data/external/aptos2019/colored_images/No_DR/8e67f2d7e0ee.png,0,No_DR
/home/neon-cultivator/us/diabetic-retinopathy-detection/data/external/aptos2019/colored_images/No_DR/8e6df9eedcd8.png,0,No_DR
/home/neon-cultivator/us/diabetic-retinopathy-detection/data/external/aptos2019/colored_images/No_DR/8e76054f0831.png,0,No_DR
/home/neon-cultivator/us/diabetic-retinopathy-detection/data/external/aptos2019/colored_images/No_DR/8e7981855125.png,0,No_DR
/home/neon-cultivator/us/diabetic-retinopathy-detection/data/external/aptos2019/colored_images/No_DR/8ed586c43023.png,0,No_DR
/home/neon-cultivator/us/diabetic-retinopathy-detection/data/external/aptos2019/colored_images/No_DR/8ee50c26fc13.png,0,No_DR
/home/neon-cultivator/us/diabetic-retinopathy-detection/data/external/aptos2019/colored_images/Mild/8f2996b8d855.png,1,Mild
/home/neon-cultivator/us/diabetic-retinopathy-detection/data/external/aptos2019/colored_images/Proliferate_DR/8f318a978844.png,4,Proliferative_DR
/home/neon-cultivator/us/diabetic-retinopathy-detection/data/external/aptos2019/colored_images/No_DR/8f9819752ca0.png,0,No_DR
/home/neon-cultivator/us/diabetic-retinopathy-detection/data/external/aptos2019/colored_images/No_DR/8fbb2ca39911.png,0,No_DR
/home/neon-cultivator/us/diabetic-retinopathy-detection/data/external/aptos2019/colored_images/Mild/8fc09fecd22f.png,1,Mild
/home/neon-cultivator/us/diabetic-retinopathy-detection/data/external/aptos2019/colored_images/Proliferate_DR/8fd7ad26e691.png,4,Proliferative_DR
/home/neon-cultivator/us/diabetic-retinopathy-detection/data/external/aptos2019/colored_images/Moderate/8ff2733f6aef.png,2,Moderate
/home/neon-cultivator/us/diabetic-retinopathy-detection/data/external/aptos2019/colored_images/Mild/8ff863f8874f.png,1,Mild
/home/neon-cultivator/us/diabetic-retinopathy-detection/data/external/aptos2019/colored_images/No_DR/8ffa608170d3.png,0,No_DR
/home/neon-cultivator/us/diabetic-retinopathy-detection/data/external/aptos2019/colored_images/No_DR/901a3552fe26.png,0,No_DR
/home/neon-cultivator/us/diabetic-retinopathy-detection/data/external/aptos2019/colored_images/No_DR/902dc5a91a3f.png,0,No_DR
/home/neon-cultivator/us/diabetic-retinopathy-detection/data/external/aptos2019/colored_images/No_DR/9039cbfcbb2f.png,0,No_DR
/home/neon-cultivator/us/diabetic-retinopathy-detection/data/external/aptos2019/colored_images/No_DR/904b03ad5594.png,0,No_DR
/home/neon-cultivator/us/diabetic-retinopathy-detection/data/external/aptos2019/colored_images/No_DR/906d02fb822d.png,0,No_DR
/home/neon-cultivator/us/diabetic-retinopathy-detection/data/external/aptos2019/colored_images/Moderate/907aaff827e5.png,2,Moderate
/home/neon-cultivator/us/diabetic-retinopathy-detection/data/external/aptos2019/colored_images/No_DR/9095d43fb132.png,0,No_DR
/home/neon-cultivator/us/diabetic-retinopathy-detection/data/external/aptos2019/colored_images/No_DR/90a786abe58e.png,0,No_DR
/home/neon-cultivator/us/diabetic-retinopathy-detection/data/external/aptos2019/colored_images/No_DR/90a9a41eec6d.png,0,No_DR
/home/neon-cultivator/us/diabetic-retinopathy-detection/data/external/aptos2019/colored_images/Severe/90b8bf342032.png,3,Severe
/home/neon-cultivator/us/diabetic-retinopathy-detection/data/external/aptos2019/colored_images/No_DR/90bde2ff8953.png,0,No_DR
/home/neon-cultivator/us/diabetic-retinopathy-detection/data/external/aptos2019/colored_images/Mild/90c982cc2d96.png,1,Mild
/home/neon-cultivator/us/diabetic-retinopathy-detection/data/external/aptos2019/colored_images/No_DR/9122b31414d3.png,0,No_DR
/home/neon-cultivator/us/diabetic-retinopathy-detection/data/external/aptos2019/colored_images/No_DR/912fbe06407e.png,0,No_DR
/home/neon-cultivator/us/diabetic-retinopathy-detection/data/external/aptos2019/colored_images/Severe/913490237ad4.png,3,Severe
/home/neon-cultivator/us/diabetic-retinopathy-detection/data/external/aptos2019/colored_images/Moderate/913b1890ed1e.png,2,Moderate
/home/neon-cultivator/us/diabetic-retinopathy-detection/data/external/aptos2019/colored_images/No_DR/916915f01e17.png,0,No_DR
/home/neon-cultivator/us/diabetic-retinopathy-detection/data/external/aptos2019/colored_images/Severe/916ec976ff30.png,3,Severe
/home/neon-cultivator/us/diabetic-retinopathy-detection/data/external/aptos2019/colored_images/Moderate/917f76f360b6.png,2,Moderate
/home/neon-cultivator/us/diabetic-retinopathy-detection/data/external/aptos2019/colored_images/Moderate/91a88d3b0358.png,2,Moderate
/home/neon-cultivator/us/diabetic-retinopathy-detection/data/external/aptos2019/colored_images/No_DR/91b7a4179ecf.png,0,No_DR
/home/neon-cultivator/us/diabetic-retinopathy-detection/data/external/aptos2019/colored_images/Severe/91cf56d3d1af.png,3,Severe
/home/neon-cultivator/us/diabetic-retinopathy-detection/data/external/aptos2019/colored_images/Moderate/91e2c2890c9f.png,2,Moderate
/home/neon-cultivator/us/diabetic-retinopathy-detection/data/external/aptos2019/colored_images/No_DR/91e82fe4e434.png,0,No_DR
/home/neon-cultivator/us/diabetic-retinopathy-detection/data/external/aptos2019/colored_images/No_DR/91f3c4c1e72b.png,0,No_DR
/home/neon-cultivator/us/diabetic-retinopathy-detection/data/external/aptos2019/colored_images/No_DR/922586d86cd8.png,0,No_DR
/home/neon-cultivator/us/diabetic-retinopathy-detection/data/external/aptos2019/colored_images/No_DR/9232dc06cfdc.png,0,No_DR
/home/neon-cultivator/us/diabetic-retinopathy-detection/data/external/aptos2019/colored_images/No_DR/92587e494d51.png,0,No_DR
/home/neon-cultivator/us/diabetic-retinopathy-detection/data/external/aptos2019/colored_images/No_DR/92889b863ae6.png,0,No_DR
/home/neon-cultivator/us/diabetic-retinopathy-detection/data/external/aptos2019/colored_images/Moderate/929cd3867815.png,2,Moderate
/home/neon-cultivator/us/diabetic-retinopathy-detection/data/external/aptos2019/colored_images/Moderate/92d8a7c8e718.png,2,Moderate
/home/neon-cultivator/us/diabetic-retinopathy-detection/data/external/aptos2019/colored_images/Mild/92d9e9f08709.png,1,Mild
/home/neon-cultivator/us/diabetic-retinopathy-detection/data/external/aptos2019/colored_images/No_DR/92e3d608fd3c.png,0,No_DR
/home/neon-cultivator/us/diabetic-retinopathy-detection/data/external/aptos2019/colored_images/Moderate/92f313287a29.png,2,Moderate
/home/neon-cultivator/us/diabetic-retinopathy-detection/data/external/aptos2019/colored_images/No_DR/92fcf50b3562.png,0,No_DR
/home/neon-cultivator/us/diabetic-retinopathy-detection/data/external/aptos2019/colored_images/No_DR/930fee99213a.png,0,No_DR
/home/neon-cultivator/us/diabetic-retinopathy-detection/data/external/aptos2019/colored_images/Moderate/932181b93b2f.png,2,Moderate
/home/neon-cultivator/us/diabetic-retinopathy-detection/data/external/aptos2019/colored_images/No_DR/934104859e68.png,0,No_DR
/home/neon-cultivator/us/diabetic-retinopathy-detection/data/external/aptos2019/colored_images/No_DR/93421787f520.png,0,No_DR
/home/neon-cultivator/us/diabetic-retinopathy-detection/data/external/aptos2019/colored_images/Mild/93be637084a2.png,1,Mild
/home/neon-cultivator/us/diabetic-retinopathy-detection/data/external/aptos2019/colored_images/No_DR/93d6d20a5ee3.png,0,No_DR
/home/neon-cultivator/us/diabetic-retinopathy-detection/data/external/aptos2019/colored_images/No_DR/94076a9fb9b5.png,0,No_DR
/home/neon-cultivator/us/diabetic-retinopathy-detection/data/external/aptos2019/colored_images/Mild/94111ed3d276.png,1,Mild
/home/neon-cultivator/us/diabetic-retinopathy-detection/data/external/aptos2019/colored_images/No_DR/94145d1f42cf.png,0,No_DR
/home/neon-cultivator/us/diabetic-retinopathy-detection/data/external/aptos2019/colored_images/No_DR/941d874c8afb.png,0,No_DR
/home/neon-cultivator/us/diabetic-retinopathy-detection/data/external/aptos2019/colored_images/Mild/944a233fbf8e.png,1,Mild
/home/neon-cultivator/us/diabetic-retinopathy-detection/data/external/aptos2019/colored_images/No_DR/946545473380.png,0,No_DR
/home/neon-cultivator/us/diabetic-retinopathy-detection/data/external/aptos2019/colored_images/No_DR/949710bead24.png,0,No_DR
/home/neon-cultivator/us/diabetic-retinopathy-detection/data/external/aptos2019/colored_images/Moderate/94a67ec0714f.png,2,Moderate
/home/neon-cultivator/us/diabetic-retinopathy-detection/data/external/aptos2019/colored_images/No_DR/94b9ccc73bb9.png,0,No_DR
/home/neon-cultivator/us/diabetic-retinopathy-detection/data/external/aptos2019/colored_images/Moderate/94dcb491143f.png,2,Moderate
/home/neon-cultivator/us/diabetic-retinopathy-detection/data/external/aptos2019/colored_images/No_DR/94f9ecf4b8d2.png,0,No_DR
/home/neon-cultivator/us/diabetic-retinopathy-detection/data/external/aptos2019/colored_images/No_DR/9519a590985d.png,0,No_DR
/home/neon-cultivator/us/diabetic-retinopathy-detection/data/external/aptos2019/colored_images/No_DR/956765d5f46d.png,0,No_DR
/home/neon-cultivator/us/diabetic-retinopathy-detection/data/external/aptos2019/colored_images/Moderate/9568eb7e9c08.png,2,Moderate
/home/neon-cultivator/us/diabetic-retinopathy-detection/data/external/aptos2019/colored_images/Mild/95a4cc805c7b.png,1,Mild
/home/neon-cultivator/us/diabetic-retinopathy-detection/data/external/aptos2019/colored_images/Proliferate_DR/95e732e043a1.png,4,Proliferative_DR
/home/neon-cultivator/us/diabetic-retinopathy-detection/data/external/aptos2019/colored_images/Moderate/962cf85e4f6d.png,2,Moderate
/home/neon-cultivator/us/diabetic-retinopathy-detection/data/external/aptos2019/colored_images/No_DR/966c07831334.png,0,No_DR
/home/neon-cultivator/us/diabetic-retinopathy-detection/data/external/aptos2019/colored_images/No_DR/96793edb1003.png,0,No_DR
/home/neon-cultivator/us/diabetic-retinopathy-detection/data/external/aptos2019/colored_images/No_DR/9688c6ef5dc5.png,0,No_DR
/home/neon-cultivator/us/diabetic-retinopathy-detection/data/external/aptos2019/colored_images/No_DR/969f92a390db.png,0,No_DR
/home/neon-cultivator/us/diabetic-retinopathy-detection/data/external/aptos2019/colored_images/Mild/96a9706b8534.png,1,Mild
/home/neon-cultivator/us/diabetic-retinopathy-detection/data/external/aptos2019/colored_images/No_DR/96b5474ae604.png,0,No_DR
/home/neon-cultivator/us/diabetic-retinopathy-detection/data/external/aptos2019/colored_images/Moderate/96c3e3db68bc.png,2,Moderate
/home/neon-cultivator/us/diabetic-retinopathy-detection/data/external/aptos2019/colored_images/No_DR/96c699221180.png,0,No_DR
/home/neon-cultivator/us/diabetic-retinopathy-detection/data/external/aptos2019/colored_images/No_DR/96ce10a1dbd7.png,0,No_DR
/home/neon-cultivator/us/diabetic-retinopathy-detection/data/external/aptos2019/colored_images/Moderate/96d48b073f18.png,2,Moderate
/home/neon-cultivator/us/diabetic-retinopathy-detection/data/external/aptos2019/colored_images/No_DR/973b0facfa9b.png,0,No_DR
/home/neon-cultivator/us/diabetic-retinopathy-detection/data/external/aptos2019/colored_images/Moderate/975252e325e3.png,2,Moderate
/home/neon-cultivator/us/diabetic-retinopathy-detection/data/external/aptos2019/colored_images/Mild/977e1ca77653.png,1,Mild
/home/neon-cultivator/us/diabetic-retinopathy-detection/data/external/aptos2019/colored_images/Mild/9782c0489eca.png,1,Mild
/home/neon-cultivator/us/diabetic-retinopathy-detection/data/external/aptos2019/colored_images/Moderate/9785805af1b8.png,2,Moderate
/home/neon-cultivator/us/diabetic-retinopathy-detection/data/external/aptos2019/colored_images/No_DR/97a235367f9d.png,0,No_DR
/home/neon-cultivator/us/diabetic-retinopathy-detection/data/external/aptos2019/colored_images/No_DR/97c6cb55866d.png,0,No_DR
/home/neon-cultivator/us/diabetic-retinopathy-detection/data/external/aptos2019/colored_images/No_DR/97f290d31813.png,0,No_DR
/home/neon-cultivator/us/diabetic-retinopathy-detection/data/external/aptos2019/colored_images/No_DR/97fdee242fea.png,0,No_DR
/home/neon-cultivator/us/diabetic-retinopathy-detection/data/external/aptos2019/colored_images/No_DR/98277aeb96a7.png,0,No_DR
/home/neon-cultivator/us/diabetic-retinopathy-detection/data/external/aptos2019/colored_images/No_DR/983c98354e9c.png,0,No_DR
/home/neon-cultivator/us/diabetic-retinopathy-detection/data/external/aptos2019/colored_images/Severe/9878db94d9f3.png,3,Severe
/home/neon-cultivator/us/diabetic-retinopathy-detection/data/external/aptos2019/colored_images/Moderate/98f48850ebce.png,2,Moderate
/home/neon-cultivator/us/diabetic-retinopathy-detection/data/external/aptos2019/colored_images/Moderate/98f7136d2e7a.png,2,Moderate
/home/neon-cultivator/us/diabetic-retinopathy-detection/data/external/aptos2019/colored_images/Mild/98fbe56dcc2c.png,1,Mild
/home/neon-cultivator/us/diabetic-retinopathy-detection/data/external/aptos2019/colored_images/Moderate/9904939ab83d.png,2,Moderate
/home/neon-cultivator/us/diabetic-retinopathy-detection/data/external/aptos2019/colored_images/No_DR/9910c827e2fe.png,0,No_DR
/home/neon-cultivator/us/diabetic-retinopathy-detection/data/external/aptos2019/colored_images/Mild/99132193eaa0.png,1,Mild
/home/neon-cultivator/us/diabetic-retinopathy-detection/data/external/aptos2019/colored_images/No_DR/99240ee00485.png,0,No_DR
/home/neon-cultivator/us/diabetic-retinopathy-detection/data/external/aptos2019/colored_images/No_DR/992599744a23.png,0,No_DR
/home/neon-cultivator/us/diabetic-retinopathy-detection/data/external/aptos2019/colored_images/No_DR/992b9a07b25f.png,0,No_DR
/home/neon-cultivator/us/diabetic-retinopathy-detection/data/external/aptos2019/colored_images/Severe/996f57c86ba5.png,3,Severe
/home/neon-cultivator/us/diabetic-retinopathy-detection/data/external/aptos2019/colored_images/No_DR/996f9bba4ef0.png,0,No_DR
/home/neon-cultivator/us/diabetic-retinopathy-detection/data/external/aptos2019/colored_images/No_DR/9985375d709f.png,0,No_DR
/home/neon-cultivator/us/diabetic-retinopathy-detection/data/external/aptos2019/colored_images/Mild/99ecdb41d5e7.png,1,Mild
/home/neon-cultivator/us/diabetic-retinopathy-detection/data/external/aptos2019/colored_images/No_DR/9a1029536d78.png,0,No_DR
/home/neon-cultivator/us/diabetic-retinopathy-detection/data/external/aptos2019/colored_images/Mild/9a3109657ac1.png,1,Mild
/home/neon-cultivator/us/diabetic-retinopathy-detection/data/external/aptos2019/colored_images/No_DR/9a326446c431.png,0,No_DR
/home/neon-cultivator/us/diabetic-retinopathy-detection/data/external/aptos2019/colored_images/Moderate/9a3c03a5ad0f.png,2,Moderate
/home/neon-cultivator/us/diabetic-retinopathy-detection/data/external/aptos2019/colored_images/Proliferate_DR/9a496b1e20f9.png,4,Proliferative_DR
/home/neon-cultivator/us/diabetic-retinopathy-detection/data/external/aptos2019/colored_images/Moderate/9a4f370d341b.png,2,Moderate
/home/neon-cultivator/us/diabetic-retinopathy-detection/data/external/aptos2019/colored_images/Moderate/9a78c6a7b1c2.png,2,Moderate
/home/neon-cultivator/us/diabetic-retinopathy-detection/data/external/aptos2019/colored_images/Moderate/9a7bd084395e.png,2,Moderate
/home/neon-cultivator/us/diabetic-retinopathy-detection/data/external/aptos2019/colored_images/Moderate/9a9b21215c55.png,2,Moderate
/home/neon-cultivator/us/diabetic-retinopathy-detection/data/external/aptos2019/colored_images/No_DR/9ac41b9a809e.png,0,No_DR
/home/neon-cultivator/us/diabetic-retinopathy-detection/data/external/aptos2019/colored_images/Moderate/9ad92f1c1542.png,2,Moderate
/home/neon-cultivator/us/diabetic-retinopathy-detection/data/external/aptos2019/colored_images/No_DR/9ae54843c69a.png,0,No_DR
/home/neon-cultivator/us/diabetic-retinopathy-detection/data/external/aptos2019/colored_images/Severe/9b093fe95d6b.png,3,Severe
/home/neon-cultivator/us/diabetic-retinopathy-detection/data/external/aptos2019/colored_images/Moderate/9b0eb9f41da4.png,2,Moderate
/home/neon-cultivator/us/diabetic-retinopathy-detection/data/external/aptos2019/colored_images/Moderate/9b32e8ef0ca0.png,2,Moderate
/home/neon-cultivator/us/diabetic-retinopathy-detection/data/external/aptos2019/colored_images/Moderate/9b418ce42c13.png,2,Moderate
/home/neon-cultivator/us/diabetic-retinopathy-detection/data/external/aptos2019/colored_images/No_DR/9b4fc15df3c8.png,0,No_DR
/home/neon-cultivator/us/diabetic-retinopathy-detection/data/external/aptos2019/colored_images/No_DR/9b57e43b44e7.png,0,No_DR
/home/neon-cultivator/us/diabetic-retinopathy-detection/data/external/aptos2019/colored_images/No_DR/9b70f84400af.png,0,No_DR
/home/neon-cultivator/us/diabetic-retinopathy-detection/data/external/aptos2019/colored_images/Moderate/9b95d6203406.png,2,Moderate
/home/neon-cultivator/us/diabetic-retinopathy-detection/data/external/aptos2019/colored_images/No_DR/9ba469af2980.png,0,No_DR
/home/neon-cultivator/us/diabetic-retinopathy-detection/data/external/aptos2019/colored_images/Severe/9bafbbd152d2.png,3,Severe
/home/neon-cultivator/us/diabetic-retinopathy-detection/data/external/aptos2019/colored_images/No_DR/9bbb6c455913.png,0,No_DR
/home/neon-cultivator/us/diabetic-retinopathy-detection/data/external/aptos2019/colored_images/No_DR/9bd008aab548.png,0,No_DR
/home/neon-cultivator/us/diabetic-retinopathy-detection/data/external/aptos2019/colored_images/No_DR/9be71d6d7e59.png,0,No_DR
/home/neon-cultivator/us/diabetic-retinopathy-detection/data/external/aptos2019/colored_images/Moderate/9c088d2d1559.png,2,Moderate
/home/neon-cultivator/us/diabetic-retinopathy-detection/data/external/aptos2019/colored_images/No_DR/9c14ce27cbfc.png,0,No_DR
/home/neon-cultivator/us/diabetic-retinopathy-detection/data/external/aptos2019/colored_images/Moderate/9c5dd3612f0c.png,2,Moderate
/home/neon-cultivator/us/diabetic-retinopathy-detection/data/external/aptos2019/colored_images/Proliferate_DR/9c72ed6befa0.png,4,Proliferative_DR
/home/neon-cultivator/us/diabetic-retinopathy-detection/data/external/aptos2019/colored_images/Proliferate_DR/9cc6b1f9bcbd.png,4,Proliferative_DR
/home/neon-cultivator/us/diabetic-retinopathy-detection/data/external/aptos2019/colored_images/Moderate/9cedf5c7016b.png,2,Moderate
/home/neon-cultivator/us/diabetic-retinopathy-detection/data/external/aptos2019/colored_images/No_DR/9cf7c1349673.png,0,No_DR
/home/neon-cultivator/us/diabetic-retinopathy-detection/data/external/aptos2019/colored_images/No_DR/9d62478042b6.png,0,No_DR
/home/neon-cultivator/us/diabetic-retinopathy-detection/data/external/aptos2019/colored_images/Moderate/9d74428188bb.png,2,Moderate
/home/neon-cultivator/us/diabetic-retinopathy-detection/data/external/aptos2019/colored_images/Moderate/9d98a0b585f2.png,2,Moderate
/home/neon-cultivator/us/diabetic-retinopathy-detection/data/external/aptos2019/colored_images/Moderate/9da74370835a.png,2,Moderate
/home/neon-cultivator/us/diabetic-retinopathy-detection/data/external/aptos2019/colored_images/Moderate/9dab2e6ba44b.png,2,Moderate
/home/neon-cultivator/us/diabetic-retinopathy-detection/data/external/aptos2019/colored_images/No_DR/9de9421f17e3.png,0,No_DR
/home/neon-cultivator/us/diabetic-retinopathy-detection/data/external/aptos2019/colored_images/Moderate/9df31421cdd2.png,2,Moderate
/home/neon-cultivator/us/diabetic-retinopathy-detection/data/external/aptos2019/colored_images/No_DR/9e2058917304.png,0,No_DR
/home/neon-cultivator/us/diabetic-retinopathy-detection/data/external/aptos2019/colored_images/No_DR/9e2a8135f471.png,0,No_DR
/home/neon-cultivator/us/diabetic-retinopathy-detection/data/external/aptos2019/colored_images/Proliferate_DR/9e3510963315.png,4,Proliferative_DR
/home/neon-cultivator/us/diabetic-retinopathy-detection/data/external/aptos2019/colored_images/No_DR/9e5737f771c3.png,0,No_DR
/home/neon-cultivator/us/diabetic-retinopathy-detection/data/external/aptos2019/colored_images/Moderate/9e5ec293267c.png,2,Moderate
/home/neon-cultivator/us/diabetic-retinopathy-detection/data/external/aptos2019/colored_images/No_DR/9e7a63b2fc6a.png,0,No_DR
/home/neon-cultivator/us/diabetic-retinopathy-detection/data/external/aptos2019/colored_images/Mild/9eaf735cf01f.png,1,Mild
/home/neon-cultivator/us/diabetic-retinopathy-detection/data/external/aptos2019/colored_images/No_DR/9ed6c2b25767.png,0,No_DR
/home/neon-cultivator/us/diabetic-retinopathy-detection/data/external/aptos2019/colored_images/Moderate/9f1efb799b7b.png,2,Moderate
/home/neon-cultivator/us/diabetic-retinopathy-detection/data/external/aptos2019/colored_images/No_DR/9f285b3e57ed.png,0,No_DR
/home/neon-cultivator/us/diabetic-retinopathy-detection/data/external/aptos2019/colored_images/Severe/9f37c98b8187.png,3,Severe
/home/neon-cultivator/us/diabetic-retinopathy-detection/data/external/aptos2019/colored_images/Moderate/9f436886e056.png,2,Moderate
/home/neon-cultivator/us/diabetic-retinopathy-detection/data/external/aptos2019/colored_images/Moderate/9f5a8665cf2e.png,2,Moderate
/home/neon-cultivator/us/diabetic-retinopathy-detection/data/external/aptos2019/colored_images/No_DR/9f8112c710be.png,0,No_DR
/home/neon-cultivator/us/diabetic-retinopathy-detection/data/external/aptos2019/colored_images/No_DR/9f935fb38440.png,0,No_DR
/home/neon-cultivator/us/diabetic-retinopathy-detection/data/external/aptos2019/colored_images/No_DR/9fa02dfb5553.png,0,No_DR
/home/neon-cultivator/us/diabetic-retinopathy-detection/data/external/aptos2019/colored_images/Moderate/9faad91b6578.png,2,Moderate
/home/neon-cultivator/us/diabetic-retinopathy-detection/data/external/aptos2019/colored_images/Proliferate_DR/9fab29e69a6b.png,4,Proliferative_DR
/home/neon-cultivator/us/diabetic-retinopathy-detection/data/external/aptos2019/colored_images/Mild/a00b4cb250a7.png,1,Mild
/home/neon-cultivator/us/diabetic-retinopathy-detection/data/external/aptos2019/colored_images/Mild/a01024054596.png,1,Mild
/home/neon-cultivator/us/diabetic-retinopathy-detection/data/external/aptos2019/colored_images/Moderate/a01c590c444f.png,2,Moderate
/home/neon-cultivator/us/diabetic-retinopathy-detection/data/external/aptos2019/colored_images/Moderate/a0267206d51e.png,2,Moderate
/home/neon-cultivator/us/diabetic-retinopathy-detection/data/external/aptos2019/colored_images/No_DR/a02dfd67a925.png,0,No_DR
/home/neon-cultivator/us/diabetic-retinopathy-detection/data/external/aptos2019/colored_images/Moderate/a04fb36db784.png,2,Moderate
/home/neon-cultivator/us/diabetic-retinopathy-detection/data/external/aptos2019/colored_images/No_DR/a06a63d866b2.png,0,No_DR
/home/neon-cultivator/us/diabetic-retinopathy-detection/data/external/aptos2019/colored_images/Moderate/a06e41bd2634.png,2,Moderate
/home/neon-cultivator/us/diabetic-retinopathy-detection/data/external/aptos2019/colored_images/No_DR/a06e5ac695ce.png,0,No_DR
/home/neon-cultivator/us/diabetic-retinopathy-detection/data/external/aptos2019/colored_images/No_DR/a07d571bf7ba.png,0,No_DR
/home/neon-cultivator/us/diabetic-retinopathy-detection/data/external/aptos2019/colored_images/No_DR/a07d9a5045cb.png,0,No_DR
/home/neon-cultivator/us/diabetic-retinopathy-detection/data/external/aptos2019/colored_images/No_DR/a08a0133754a.png,0,No_DR
/home/neon-cultivator/us/diabetic-retinopathy-detection/data/external/aptos2019/colored_images/Moderate/a0a0cd8af5a6.png,2,Moderate
/home/neon-cultivator/us/diabetic-retinopathy-detection/data/external/aptos2019/colored_images/No_DR/a0adbe677508.png,0,No_DR
/home/neon-cultivator/us/diabetic-retinopathy-detection/data/external/aptos2019/colored_images/No_DR/a0b7ad98df57.png,0,No_DR
/home/neon-cultivator/us/diabetic-retinopathy-detection/data/external/aptos2019/colored_images/Proliferate_DR/a0cd7bffdaa0.png,4,Proliferative_DR
/home/neon-cultivator/us/diabetic-retinopathy-detection/data/external/aptos2019/colored_images/Moderate/a0d04a19cf40.png,2,Moderate
/home/neon-cultivator/us/diabetic-retinopathy-detection/data/external/aptos2019/colored_images/No_DR/a0fd94e2ad76.png,0,No_DR
/home/neon-cultivator/us/diabetic-retinopathy-detection/data/external/aptos2019/colored_images/Proliferate_DR/a11bf2edd470.png,4,Proliferative_DR
/home/neon-cultivator/us/diabetic-retinopathy-detection/data/external/aptos2019/colored_images/No_DR/a11c62cb3f86.png,0,No_DR
/home/neon-cultivator/us/diabetic-retinopathy-detection/data/external/aptos2019/colored_images/Severe/a14bbd9a583e.png,3,Severe
/home/neon-cultivator/us/diabetic-retinopathy-detection/data/external/aptos2019/colored_images/Moderate/a150ff5dfe07.png,2,Moderate
/home/neon-cultivator/us/diabetic-retinopathy-detection/data/external/aptos2019/colored_images/Moderate/a15470303941.png,2,Moderate
/home/neon-cultivator/us/diabetic-retinopathy-detection/data/external/aptos2019/colored_images/No_DR/a188c60b93fb.png,0,No_DR
/home/neon-cultivator/us/diabetic-retinopathy-detection/data/external/aptos2019/colored_images/Mild/a19ecd0a706e.png,1,Mild
/home/neon-cultivator/us/diabetic-retinopathy-detection/data/external/aptos2019/colored_images/No_DR/a1b28bcbce00.png,0,No_DR
/home/neon-cultivator/us/diabetic-retinopathy-detection/data/external/aptos2019/colored_images/No_DR/a1e236fbc863.png,0,No_DR
/home/neon-cultivator/us/diabetic-retinopathy-detection/data/external/aptos2019/colored_images/No_DR/a1edf0e66592.png,0,No_DR
/home/neon-cultivator/us/diabetic-retinopathy-detection/data/external/aptos2019/colored_images/No_DR/a1faeb4d5f10.png,0,No_DR
/home/neon-cultivator/us/diabetic-retinopathy-detection/data/external/aptos2019/colored_images/Moderate/a21b37719f9b.png,2,Moderate
/home/neon-cultivator/us/diabetic-retinopathy-detection/data/external/aptos2019/colored_images/No_DR/a247961a5cd9.png,0,No_DR
/home/neon-cultivator/us/diabetic-retinopathy-detection/data/external/aptos2019/colored_images/Mild/a2696f444ecb.png,1,Mild
/home/neon-cultivator/us/diabetic-retinopathy-detection/data/external/aptos2019/colored_images/No_DR/a26f50218b84.png,0,No_DR
/home/neon-cultivator/us/diabetic-retinopathy-detection/data/external/aptos2019/colored_images/No_DR/a2811f512c1c.png,0,No_DR
/home/neon-cultivator/us/diabetic-retinopathy-detection/data/external/aptos2019/colored_images/Moderate/a2ad3da4c7d6.png,2,Moderate
/home/neon-cultivator/us/diabetic-retinopathy-detection/data/external/aptos2019/colored_images/No_DR/a2b97d98f130.png,0,No_DR
/home/neon-cultivator/us/diabetic-retinopathy-detection/data/external/aptos2019/colored_images/No_DR/a2b995b81692.png,0,No_DR
/home/neon-cultivator/us/diabetic-retinopathy-detection/data/external/aptos2019/colored_images/Moderate/a2d349f567a6.png,2,Moderate
/home/neon-cultivator/us/diabetic-retinopathy-detection/data/external/aptos2019/colored_images/Proliferate_DR/a2ddabee14e9.png,4,Proliferative_DR
/home/neon-cultivator/us/diabetic-retinopathy-detection/data/external/aptos2019/colored_images/No_DR/a30a143a53a3.png,0,No_DR
/home/neon-cultivator/us/diabetic-retinopathy-detection/data/external/aptos2019/colored_images/No_DR/a3132c8828e4.png,0,No_DR
/home/neon-cultivator/us/diabetic-retinopathy-detection/data/external/aptos2019/colored_images/Mild/a32886cb31ab.png,1,Mild
/home/neon-cultivator/us/diabetic-retinopathy-detection/data/external/aptos2019/colored_images/Proliferate_DR/a32b5ce3d48a.png,4,Proliferative_DR
/home/neon-cultivator/us/diabetic-retinopathy-detection/data/external/aptos2019/colored_images/Moderate/a3475dc3ac80.png,2,Moderate
/home/neon-cultivator/us/diabetic-retinopathy-detection/data/external/aptos2019/colored_images/Moderate/a3706ce27869.png,2,Moderate
/home/neon-cultivator/us/diabetic-retinopathy-detection/data/external/aptos2019/colored_images/Moderate/a3802934bad7.png,2,Moderate
/home/neon-cultivator/us/diabetic-retinopathy-detection/data/external/aptos2019/colored_images/Moderate/a386ec9aabde.png,2,Moderate
/home/neon-cultivator/us/diabetic-retinopathy-detection/data/external/aptos2019/colored_images/Mild/a3ad6c2db6f1.png,1,Mild
/home/neon-cultivator/us/diabetic-retinopathy-detection/data/external/aptos2019/colored_images/No_DR/a3bd2e034614.png,0,No_DR
/home/neon-cultivator/us/diabetic-retinopathy-detection/data/external/aptos2019/colored_images/Mild/a3d2a0c4cd17.png,1,Mild
/home/neon-cultivator/us/diabetic-retinopathy-detection/data/external/aptos2019/colored_images/Proliferate_DR/a3fcf42ff56d.png,4,Proliferative_DR
/home/neon-cultivator/us/diabetic-retinopathy-detection/data/external/aptos2019/colored_images/No_DR/a419fcb2dfb5.png,0,No_DR
/home/neon-cultivator/us/diabetic-retinopathy-detection/data/external/aptos2019/colored_images/Moderate/a4359815f152.png,2,Moderate
/home/neon-cultivator/us/diabetic-retinopathy-detection/data/external/aptos2019/colored_images/No_DR/a44345b27804.png,0,No_DR
/home/neon-cultivator/us/diabetic-retinopathy-detection/data/external/aptos2019/colored_images/Mild/a443c4fd489c.png,1,Mild
/home/neon-cultivator/us/diabetic-retinopathy-detection/data/external/aptos2019/colored_images/No_DR/a45c30da0c72.png,0,No_DR
/home/neon-cultivator/us/diabetic-retinopathy-detection/data/external/aptos2019/colored_images/Moderate/a45d77edf8d9.png,2,Moderate
/home/neon-cultivator/us/diabetic-retinopathy-detection/data/external/aptos2019/colored_images/Moderate/a47878630dc2.png,2,Moderate
/home/neon-cultivator/us/diabetic-retinopathy-detection/data/external/aptos2019/colored_images/Moderate/a49b0b4484ea.png,2,Moderate
/home/neon-cultivator/us/diabetic-retinopathy-detection/data/external/aptos2019/colored_images/Moderate/a4d41c495666.png,2,Moderate
/home/neon-cultivator/us/diabetic-retinopathy-detection/data/external/aptos2019/colored_images/Severe/a4d4b69f7404.png,3,Severe
/home/neon-cultivator/us/diabetic-retinopathy-detection/data/external/aptos2019/colored_images/Moderate/a505981d1cab.png,2,Moderate
/home/neon-cultivator/us/diabetic-retinopathy-detection/data/external/aptos2019/colored_images/No_DR/a528be013a04.png,0,No_DR
/home/neon-cultivator/us/diabetic-retinopathy-detection/data/external/aptos2019/colored_images/No_DR/a53d6d2472a6.png,0,No_DR
/home/neon-cultivator/us/diabetic-retinopathy-detection/data/external/aptos2019/colored_images/Moderate/a56729de89e9.png,2,Moderate
/home/neon-cultivator/us/diabetic-retinopathy-detection/data/external/aptos2019/colored_images/Mild/a5a2a7003d60.png,1,Mild
/home/neon-cultivator/us/diabetic-retinopathy-detection/data/external/aptos2019/colored_images/Proliferate_DR/a5c9a8c726b2.png,4,Proliferative_DR
/home/neon-cultivator/us/diabetic-retinopathy-detection/data/external/aptos2019/colored_images/Moderate/a62ea0043aa7.png,2,Moderate
/home/neon-cultivator/us/diabetic-retinopathy-detection/data/external/aptos2019/colored_images/No_DR/a6356a3c5d11.png,0,No_DR
/home/neon-cultivator/us/diabetic-retinopathy-detection/data/external/aptos2019/colored_images/Moderate/a64273801bde.png,2,Moderate
/home/neon-cultivator/us/diabetic-retinopathy-detection/data/external/aptos2019/colored_images/No_DR/a654b25124c3.png,0,No_DR
/home/neon-cultivator/us/diabetic-retinopathy-detection/data/external/aptos2019/colored_images/Moderate/a664d2055886.png,2,Moderate
/home/neon-cultivator/us/diabetic-retinopathy-detection/data/external/aptos2019/colored_images/Moderate/a66c3165876f.png,2,Moderate
/home/neon-cultivator/us/diabetic-retinopathy-detection/data/external/aptos2019/colored_images/No_DR/a673193cd5a9.png,0,No_DR
/home/neon-cultivator/us/diabetic-retinopathy-detection/data/external/aptos2019/colored_images/No_DR/a6731dd737af.png,0,No_DR
/home/neon-cultivator/us/diabetic-retinopathy-detection/data/external/aptos2019/colored_images/Moderate/a6c9e96a10d7.png,2,Moderate
/home/neon-cultivator/us/diabetic-retinopathy-detection/data/external/aptos2019/colored_images/Proliferate_DR/a6d45de20e4d.png,4,Proliferative_DR
/home/neon-cultivator/us/diabetic-retinopathy-detection/data/external/aptos2019/colored_images/No_DR/a70d0f12a641.png,0,No_DR
/home/neon-cultivator/us/diabetic-retinopathy-detection/data/external/aptos2019/colored_images/No_DR/a73c3d516c59.png,0,No_DR
/home/neon-cultivator/us/diabetic-retinopathy-detection/data/external/aptos2019/colored_images/No_DR/a73d012c4c38.png,0,No_DR
/home/neon-cultivator/us/diabetic-retinopathy-detection/data/external/aptos2019/colored_images/No_DR/a76132e79688.png,0,No_DR
/home/neon-cultivator/us/diabetic-retinopathy-detection/data/external/aptos2019/colored_images/No_DR/a7673ac44509.png,0,No_DR
/home/neon-cultivator/us/diabetic-retinopathy-detection/data/external/aptos2019/colored_images/Proliferate_DR/a76b69e443ce.png,4,Proliferative_DR
/home/neon-cultivator/us/diabetic-retinopathy-detection/data/external/aptos2019/colored_images/Mild/a77dbec966d4.png,1,Mild
/home/neon-cultivator/us/diabetic-retinopathy-detection/data/external/aptos2019/colored_images/No_DR/a77eb914b383.png,0,No_DR
/home/neon-cultivator/us/diabetic-retinopathy-detection/data/external/aptos2019/colored_images/Moderate/a790a3b36390.png,2,Moderate
/home/neon-cultivator/us/diabetic-retinopathy-detection/data/external/aptos2019/colored_images/No_DR/a7b03e58a6e1.png,0,No_DR
/home/neon-cultivator/us/diabetic-retinopathy-detection/data/external/aptos2019/colored_images/No_DR/a7c10ca6c117.png,0,No_DR
/home/neon-cultivator/us/diabetic-retinopathy-detection/data/external/aptos2019/colored_images/Mild/a7ec056502e7.png,1,Mild
/home/neon-cultivator/us/diabetic-retinopathy-detection/data/external/aptos2019/colored_images/Severe/a80dab8eddf4.png,3,Severe
/home/neon-cultivator/us/diabetic-retinopathy-detection/data/external/aptos2019/colored_images/Proliferate_DR/a81b06f50612.png,4,Proliferative_DR
/home/neon-cultivator/us/diabetic-retinopathy-detection/data/external/aptos2019/colored_images/No_DR/a8263d248523.png,0,No_DR
/home/neon-cultivator/us/diabetic-retinopathy-detection/data/external/aptos2019/colored_images/No_DR/a82a12ad3fb1.png,0,No_DR
/home/neon-cultivator/us/diabetic-retinopathy-detection/data/external/aptos2019/colored_images/No_DR/a86128b601a7.png,0,No_DR
/home/neon-cultivator/us/diabetic-retinopathy-detection/data/external/aptos2019/colored_images/Moderate/a8652b2de23f.png,2,Moderate
/home/neon-cultivator/us/diabetic-retinopathy-detection/data/external/aptos2019/colored_images/Moderate/a86c6283fd78.png,2,Moderate
/home/neon-cultivator/us/diabetic-retinopathy-detection/data/external/aptos2019/colored_images/No_DR/a88365134c3c.png,0,No_DR
/home/neon-cultivator/us/diabetic-retinopathy-detection/data/external/aptos2019/colored_images/No_DR/a8b3c0961d42.png,0,No_DR
/home/neon-cultivator/us/diabetic-retinopathy-detection/data/external/aptos2019/colored_images/No_DR/a8b637abd96b.png,0,No_DR
/home/neon-cultivator/us/diabetic-retinopathy-detection/data/external/aptos2019/colored_images/Mild/a8c950a99107.png,1,Mild
/home/neon-cultivator/us/diabetic-retinopathy-detection/data/external/aptos2019/colored_images/No_DR/a8c9fcdbc0be.png,0,No_DR
/home/neon-cultivator/us/diabetic-retinopathy-detection/data/external/aptos2019/colored_images/No_DR/a8dea22ef903.png,0,No_DR
/home/neon-cultivator/us/diabetic-retinopathy-detection/data/external/aptos2019/colored_images/Moderate/a8e08e7fe016.png,2,Moderate
/home/neon-cultivator/us/diabetic-retinopathy-detection/data/external/aptos2019/colored_images/Moderate/a8eb35b3bcd2.png,2,Moderate
/home/neon-cultivator/us/diabetic-retinopathy-detection/data/external/aptos2019/colored_images/No_DR/a95d9d61ddd4.png,0,No_DR
/home/neon-cultivator/us/diabetic-retinopathy-detection/data/external/aptos2019/colored_images/No_DR/a963ac561580.png,0,No_DR
/home/neon-cultivator/us/diabetic-retinopathy-detection/data/external/aptos2019/colored_images/No_DR/a9a3225cf4b5.png,0,No_DR
/home/neon-cultivator/us/diabetic-retinopathy-detection/data/external/aptos2019/colored_images/No_DR/a9bc2f892cb3.png,0,No_DR
/home/neon-cultivator/us/diabetic-retinopathy-detection/data/external/aptos2019/colored_images/Moderate/a9c7b83caf81.png,2,Moderate
/home/neon-cultivator/us/diabetic-retinopathy-detection/data/external/aptos2019/colored_images/Moderate/a9d0c900b6a9.png,2,Moderate
/home/neon-cultivator/us/diabetic-retinopathy-detection/data/external/aptos2019/colored_images/No_DR/a9dc80cba9a4.png,0,No_DR
/home/neon-cultivator/us/diabetic-retinopathy-detection/data/external/aptos2019/colored_images/Moderate/aa0afc41ed19.png,2,Moderate
/home/neon-cultivator/us/diabetic-retinopathy-detection/data/external/aptos2019/colored_images/No_DR/aa10a4b2e709.png,0,No_DR
/home/neon-cultivator/us/diabetic-retinopathy-detection/data/external/aptos2019/colored_images/No_DR/aa4407aab872.png,0,No_DR
/home/neon-cultivator/us/diabetic-retinopathy-detection/data/external/aptos2019/colored_images/Moderate/aa5ce75edcf5.png,2,Moderate
/home/neon-cultivator/us/diabetic-retinopathy-detection/data/external/aptos2019/colored_images/No_DR/aa60813e1a8d.png,0,No_DR
/home/neon-cultivator/us/diabetic-retinopathy-detection/data/external/aptos2019/colored_images/Proliferate_DR/aa6673241154.png,4,Proliferative_DR
/home/neon-cultivator/us/diabetic-retinopathy-detection/data/external/aptos2019/colored_images/Moderate/aa841de1ee82.png,2,Moderate
/home/neon-cultivator/us/diabetic-retinopathy-detection/data/external/aptos2019/colored_images/No_DR/aa8a1e814811.png,0,No_DR
/home/neon-cultivator/us/diabetic-retinopathy-detection/data/external/aptos2019/colored_images/No_DR/aa94cc4bfd84.png,0,No_DR
/home/neon-cultivator/us/diabetic-retinopathy-detection/data/external/aptos2019/colored_images/Moderate/aa9b8f05f4bf.png,2,Moderate
/home/neon-cultivator/us/diabetic-retinopathy-detection/data/external/aptos2019/colored_images/Moderate/aa9cfe639ef1.png,2,Moderate
/home/neon-cultivator/us/diabetic-retinopathy-detection/data/external/aptos2019/colored_images/Moderate/aad0c0ee9268.png,2,Moderate
/home/neon-cultivator/us/diabetic-retinopathy-detection/data/external/aptos2019/colored_images/No_DR/aafe980edd0c.png,0,No_DR
/home/neon-cultivator/us/diabetic-retinopathy-detection/data/external/aptos2019/colored_images/Proliferate_DR/ab1c20a94f3f.png,4,Proliferative_DR
/home/neon-cultivator/us/diabetic-retinopathy-detection/data/external/aptos2019/colored_images/No_DR/ab32db41c409.png,0,No_DR
/home/neon-cultivator/us/diabetic-retinopathy-detection/data/external/aptos2019/colored_images/No_DR/ab686895533e.png,0,No_DR
/home/neon-cultivator/us/diabetic-retinopathy-detection/data/external/aptos2019/colored_images/No_DR/ab724603ee93.png,0,No_DR
/home/neon-cultivator/us/diabetic-retinopathy-detection/data/external/aptos2019/colored_images/No_DR/ab78a66dee6a.png,0,No_DR
/home/neon-cultivator/us/diabetic-retinopathy-detection/data/external/aptos2019/colored_images/No_DR/ab7991df166b.png,0,No_DR
/home/neon-cultivator/us/diabetic-retinopathy-detection/data/external/aptos2019/colored_images/Severe/aba3063c5413.png,3,Severe
/home/neon-cultivator/us/diabetic-retinopathy-detection/data/external/aptos2019/colored_images/Mild/ababe19ed448.png,1,Mild
/home/neon-cultivator/us/diabetic-retinopathy-detection/data/external/aptos2019/colored_images/No_DR/abbb8791785e.png,0,No_DR
/home/neon-cultivator/us/diabetic-retinopathy-detection/data/external/aptos2019/colored_images/Mild/abdb365cacbc.png,1,Mild
/home/neon-cultivator/us/diabetic-retinopathy-detection/data/external/aptos2019/colored_images/Moderate/abf09c44d5f4.png,2,Moderate
/home/neon-cultivator/us/diabetic-retinopathy-detection/data/external/aptos2019/colored_images/No_DR/ac0a48ccbf70.png,0,No_DR
/home/neon-cultivator/us/diabetic-retinopathy-detection/data/external/aptos2019/colored_images/Moderate/ac5b5dddf91b.png,2,Moderate
/home/neon-cultivator/us/diabetic-retinopathy-detection/data/external/aptos2019/colored_images/Moderate/ac720570dd0f.png,2,Moderate
/home/neon-cultivator/us/diabetic-retinopathy-detection/data/external/aptos2019/colored_images/No_DR/ac81fc200162.png,0,No_DR
/home/neon-cultivator/us/diabetic-retinopathy-detection/data/external/aptos2019/colored_images/Moderate/aca88f566228.png,2,Moderate
/home/neon-cultivator/us/diabetic-retinopathy-detection/data/external/aptos2019/colored_images/No_DR/ace287a5c991.png,0,No_DR
/home/neon-cultivator/us/diabetic-retinopathy-detection/data/external/aptos2019/colored_images/No_DR/acf976efd7ce.png,0,No_DR
/home/neon-cultivator/us/diabetic-retinopathy-detection/data/external/aptos2019/colored_images/No_DR/ad12cde115ab.png,0,No_DR
/home/neon-cultivator/us/diabetic-retinopathy-detection/data/external/aptos2019/colored_images/Mild/ad1f7445b1a8.png,1,Mild
/home/neon-cultivator/us/diabetic-retinopathy-detection/data/external/aptos2019/colored_images/Severe/ad2f0b9d059c.png,3,Severe
/home/neon-cultivator/us/diabetic-retinopathy-detection/data/external/aptos2019/colored_images/No_DR/ad312ca98202.png,0,No_DR
/home/neon-cultivator/us/diabetic-retinopathy-detection/data/external/aptos2019/colored_images/Mild/ad3fc5076852.png,1,Mild
/home/neon-cultivator/us/diabetic-retinopathy-detection/data/external/aptos2019/colored_images/Moderate/ad570b850a4f.png,2,Moderate
/home/neon-cultivator/us/diabetic-retinopathy-detection/data/external/aptos2019/colored_images/No_DR/ad93d88c87ea.png,0,No_DR
/home/neon-cultivator/us/diabetic-retinopathy-detection/data/external/aptos2019/colored_images/Severe/adb56cecafaf.png,3,Severe
/home/neon-cultivator/us/diabetic-retinopathy-detection/data/external/aptos2019/colored_images/Moderate/add1d681d712.png,2,Moderate
/home/neon-cultivator/us/diabetic-retinopathy-detection/data/external/aptos2019/colored_images/No_DR/addf66a50f42.png,0,No_DR
/home/neon-cultivator/us/diabetic-retinopathy-detection/data/external/aptos2019/colored_images/Moderate/ae1344610ebe.png,2,Moderate
/home/neon-cultivator/us/diabetic-retinopathy-detection/data/external/aptos2019/colored_images/No_DR/ae20112e7a1e.png,0,No_DR
/home/neon-cultivator/us/diabetic-retinopathy-detection/data/external/aptos2019/colored_images/No_DR/ae49cc60f251.png,0,No_DR
/home/neon-cultivator/us/diabetic-retinopathy-detection/data/external/aptos2019/colored_images/No_DR/ae57c8630249.png,0,No_DR
/home/neon-cultivator/us/diabetic-retinopathy-detection/data/external/aptos2019/colored_images/No_DR/ae58ccb5905e.png,0,No_DR
/home/neon-cultivator/us/diabetic-retinopathy-detection/data/external/aptos2019/colored_images/No_DR/ae5d31979f19.png,0,No_DR
/home/neon-cultivator/us/diabetic-retinopathy-detection/data/external/aptos2019/colored_images/No_DR/ae61e19fb766.png,0,No_DR
/home/neon-cultivator/us/diabetic-retinopathy-detection/data/external/aptos2019/colored_images/Moderate/ae8424cdb029.png,2,Moderate
/home/neon-cultivator/us/diabetic-retinopathy-detection/data/external/aptos2019/colored_images/Mild/ae8472f8d310.png,1,Mild
/home/neon-cultivator/us/diabetic-retinopathy-detection/data/external/aptos2019/colored_images/No_DR/ae94ce412de9.png,0,No_DR
/home/neon-cultivator/us/diabetic-retinopathy-detection/data/external/aptos2019/colored_images/Severe/aea59ebec445.png,3,Severe
/home/neon-cultivator/us/diabetic-retinopathy-detection/data/external/aptos2019/colored_images/No_DR/aeccef0bdc26.png,0,No_DR
/home/neon-cultivator/us/diabetic-retinopathy-detection/data/external/aptos2019/colored_images/Moderate/aed4e743c230.png,2,Moderate
/home/neon-cultivator/us/diabetic-retinopathy-detection/data/external/aptos2019/colored_images/Moderate/aef9016557ca.png,2,Moderate
/home/neon-cultivator/us/diabetic-retinopathy-detection/data/external/aptos2019/colored_images/Mild/af133a85ea0c.png,1,Mild
/home/neon-cultivator/us/diabetic-retinopathy-detection/data/external/aptos2019/colored_images/Severe/af3b0115aad1.png,3,Severe
/home/neon-cultivator/us/diabetic-retinopathy-detection/data/external/aptos2019/colored_images/No_DR/af5a0bc4e1fa.png,0,No_DR
/home/neon-cultivator/us/diabetic-retinopathy-detection/data/external/aptos2019/colored_images/No_DR/af6a1508cd95.png,0,No_DR
/home/neon-cultivator/us/diabetic-retinopathy-detection/data/external/aptos2019/colored_images/Moderate/af831c158744.png,2,Moderate
/home/neon-cultivator/us/diabetic-retinopathy-detection/data/external/aptos2019/colored_images/Moderate/af8aa32beee4.png,2,Moderate
/home/neon-cultivator/us/diabetic-retinopathy-detection/data/external/aptos2019/colored_images/No_DR/afc345cc9145.png,0,No_DR
/home/neon-cultivator/us/diabetic-retinopathy-detection/data/external/aptos2019/colored_images/No_DR/afc744fad65e.png,0,No_DR
/home/neon-cultivator/us/diabetic-retinopathy-detection/data/external/aptos2019/colored_images/Severe/b019a49787c1.png,3,Severe
/home/neon-cultivator/us/diabetic-retinopathy-detection/data/external/aptos2019/colored_images/Moderate/b033ab4fb723.png,2,Moderate
/home/neon-cultivator/us/diabetic-retinopathy-detection/data/external/aptos2019/colored_images/Moderate/b06dabab4f09.png,2,Moderate
/home/neon-cultivator/us/diabetic-retinopathy-detection/data/external/aptos2019/colored_images/Mild/b07bc463b718.png,1,Mild
/home/neon-cultivator/us/diabetic-retinopathy-detection/data/external/aptos2019/colored_images/No_DR/b085caa513a8.png,0,No_DR
/home/neon-cultivator/us/diabetic-retinopathy-detection/data/external/aptos2019/colored_images/No_DR/b086c7cd3868.png,0,No_DR
/home/neon-cultivator/us/diabetic-retinopathy-detection/data/external/aptos2019/colored_images/No_DR/b09101adb478.png,0,No_DR
/home/neon-cultivator/us/diabetic-retinopathy-detection/data/external/aptos2019/colored_images/No_DR/b0acd3593310.png,0,No_DR
/home/neon-cultivator/us/diabetic-retinopathy-detection/data/external/aptos2019/colored_images/No_DR/b0b3b16fc305.png,0,No_DR
/home/neon-cultivator/us/diabetic-retinopathy-detection/data/external/aptos2019/colored_images/No_DR/b0c9a492e068.png,0,No_DR
/home/neon-cultivator/us/diabetic-retinopathy-detection/data/external/aptos2019/colored_images/Moderate/b0d6417bad3e.png,2,Moderate
/home/neon-cultivator/us/diabetic-retinopathy-detection/data/external/aptos2019/colored_images/Moderate/b0eeae01b8ab.png,2,Moderate
/home/neon-cultivator/us/diabetic-retinopathy-detection/data/external/aptos2019/colored_images/No_DR/b0f0fa677d5f.png,0,No_DR
/home/neon-cultivator/us/diabetic-retinopathy-detection/data/external/aptos2019/colored_images/No_DR/b0f8613305a3.png,0,No_DR
/home/neon-cultivator/us/diabetic-retinopathy-detection/data/external/aptos2019/colored_images/Mild/b1197f2cc9b3.png,1,Mild
/home/neon-cultivator/us/diabetic-retinopathy-detection/data/external/aptos2019/colored_images/No_DR/b11dcdcbc8c8.png,0,No_DR
/home/neon-cultivator/us/diabetic-retinopathy-detection/data/external/aptos2019/colored_images/Moderate/b13d72ceea26.png,2,Moderate
/home/neon-cultivator/us/diabetic-retinopathy-detection/data/external/aptos2019/colored_images/Mild/b17f0b81dab3.png,1,Mild
/home/neon-cultivator/us/diabetic-retinopathy-detection/data/external/aptos2019/colored_images/Severe/b191ba0a2b12.png,3,Severe
/home/neon-cultivator/us/diabetic-retinopathy-detection/data/external/aptos2019/colored_images/Proliferate_DR/b1b3e7d0a5f3.png,4,Proliferative_DR
/home/neon-cultivator/us/diabetic-retinopathy-detection/data/external/aptos2019/colored_images/Moderate/b1f4122fd36a.png,2,Moderate
/home/neon-cultivator/us/diabetic-retinopathy-detection/data/external/aptos2019/colored_images/No_DR/b200c23b299b.png,0,No_DR
/home/neon-cultivator/us/diabetic-retinopathy-detection/data/external/aptos2019/colored_images/Mild/b22354b5f94b.png,1,Mild
/home/neon-cultivator/us/diabetic-retinopathy-detection/data/external/aptos2019/colored_images/No_DR/b22cc1bf0b8a.png,0,No_DR
/home/neon-cultivator/us/diabetic-retinopathy-detection/data/external/aptos2019/colored_images/Moderate/b2748ac28fc1.png,2,Moderate
/home/neon-cultivator/us/diabetic-retinopathy-detection/data/external/aptos2019/colored_images/No_DR/b294927b14b0.png,0,No_DR
/home/neon-cultivator/us/diabetic-retinopathy-detection/data/external/aptos2019/colored_images/Moderate/b2aaa81cc8f0.png,2,Moderate
/home/neon-cultivator/us/diabetic-retinopathy-detection/data/external/aptos2019/colored_images/Severe/b2ffa3e18559.png,3,Severe
/home/neon-cultivator/us/diabetic-retinopathy-detection/data/external/aptos2019/colored_images/Severe/b310bd564329.png,3,Severe
/home/neon-cultivator/us/diabetic-retinopathy-detection/data/external/aptos2019/colored_images/No_DR/b351ae99413a.png,0,No_DR
/home/neon-cultivator/us/diabetic-retinopathy-detection/data/external/aptos2019/colored_images/No_DR/b35cad8fe2d7.png,0,No_DR
/home/neon-cultivator/us/diabetic-retinopathy-detection/data/external/aptos2019/colored_images/Proliferate_DR/b37aae3c8fe1.png,4,Proliferative_DR
/home/neon-cultivator/us/diabetic-retinopathy-detection/data/external/aptos2019/colored_images/Proliferate_DR/b3819a805dca.png,4,Proliferative_DR
/home/neon-cultivator/us/diabetic-retinopathy-detection/data/external/aptos2019/colored_images/No_DR/b3a994760537.png,0,No_DR
/home/neon-cultivator/us/diabetic-retinopathy-detection/data/external/aptos2019/colored_images/Moderate/b3c0c3330278.png,2,Moderate
/home/neon-cultivator/us/diabetic-retinopathy-detection/data/external/aptos2019/colored_images/Moderate/b3d12069e1c5.png,2,Moderate
/home/neon-cultivator/us/diabetic-retinopathy-detection/data/external/aptos2019/colored_images/Severe/b3d135bd3bb5.png,3,Severe
/home/neon-cultivator/us/diabetic-retinopathy-detection/data/external/aptos2019/colored_images/No_DR/b3f31c371e59.png,0,No_DR
/home/neon-cultivator/us/diabetic-retinopathy-detection/data/external/aptos2019/colored_images/No_DR/b43440c6ebe4.png,0,No_DR
/home/neon-cultivator/us/diabetic-retinopathy-detection/data/external/aptos2019/colored_images/No_DR/b46b09a45f39.png,0,No_DR
/home/neon-cultivator/us/diabetic-retinopathy-detection/data/external/aptos2019/colored_images/Moderate/b498b84d383f.png,2,Moderate
/home/neon-cultivator/us/diabetic-retinopathy-detection/data/external/aptos2019/colored_images/Proliferate_DR/b49b2fac2514.png,4,Proliferative_DR
/home/neon-cultivator/us/diabetic-retinopathy-detection/data/external/aptos2019/colored_images/No_DR/b4b04d81acbb.png,0,No_DR
/home/neon-cultivator/us/diabetic-retinopathy-detection/data/external/aptos2019/colored_images/No_DR/b4e15102cd7a.png,0,No_DR
/home/neon-cultivator/us/diabetic-retinopathy-detection/data/external/aptos2019/colored_images/Mild/b4f41b5bf0ef.png,1,Mild
/home/neon-cultivator/us/diabetic-retinopathy-detection/data/external/aptos2019/colored_images/No_DR/b5204c0decc7.png,0,No_DR
/home/neon-cultivator/us/diabetic-retinopathy-detection/data/external/aptos2019/colored_images/No_DR/b549af91bd30.png,0,No_DR
/home/neon-cultivator/us/diabetic-retinopathy-detection/data/external/aptos2019/colored_images/No_DR/b553e7909535.png,0,No_DR
/home/neon-cultivator/us/diabetic-retinopathy-detection/data/external/aptos2019/colored_images/Mild/b56340f472d2.png,1,Mild
/home/neon-cultivator/us/diabetic-retinopathy-detection/data/external/aptos2019/colored_images/Moderate/b574d229ec4c.png,2,Moderate
/home/neon-cultivator/us/diabetic-retinopathy-detection/data/external/aptos2019/colored_images/Mild/b576c5269ad1.png,1,Mild
/home/neon-cultivator/us/diabetic-retinopathy-detection/data/external/aptos2019/colored_images/Severe/b5834ee64541.png,3,Severe
/home/neon-cultivator/us/diabetic-retinopathy-detection/data/external/aptos2019/colored_images/No_DR/b5b913358b32.png,0,No_DR
/home/neon-cultivator/us/diabetic-retinopathy-detection/data/external/aptos2019/colored_images/Moderate/b5c80d0ed0ff.png,2,Moderate
/home/neon-cultivator/us/diabetic-retinopathy-detection/data/external/aptos2019/colored_images/Moderate/b60dbf9f0744.png,2,Moderate
/home/neon-cultivator/us/diabetic-retinopathy-detection/data/external/aptos2019/colored_images/Moderate/b6304c545f95.png,2,Moderate
/home/neon-cultivator/us/diabetic-retinopathy-detection/data/external/aptos2019/colored_images/Mild/b640e3bdff75.png,1,Mild
/home/neon-cultivator/us/diabetic-retinopathy-detection/data/external/aptos2019/colored_images/Moderate/b665041e1633.png,2,Moderate
/home/neon-cultivator/us/diabetic-retinopathy-detection/data/external/aptos2019/colored_images/No_DR/b66f23ffa730.png,0,No_DR
/home/neon-cultivator/us/diabetic-retinopathy-detection/data/external/aptos2019/colored_images/No_DR/b67ae80f7eba.png,0,No_DR
/home/neon-cultivator/us/diabetic-retinopathy-detection/data/external/aptos2019/colored_images/No_DR/b69c224edd6e.png,0,No_DR
/home/neon-cultivator/us/diabetic-retinopathy-detection/data/external/aptos2019/colored_images/Mild/b6a0e348a01e.png,1,Mild
/home/neon-cultivator/us/diabetic-retinopathy-detection/data/external/aptos2019/colored_images/Severe/b6bfe9db60e5.png,3,Severe
/home/neon-cultivator/us/diabetic-retinopathy-detection/data/external/aptos2019/colored_images/No_DR/b6fd109b1bc9.png,0,No_DR
/home/neon-cultivator/us/diabetic-retinopathy-detection/data/external/aptos2019/colored_images/No_DR/b70e7c26f51e.png,0,No_DR
/home/neon-cultivator/us/diabetic-retinopathy-detection/data/external/aptos2019/colored_images/Mild/b7278b4f2448.png,1,Mild
/home/neon-cultivator/us/diabetic-retinopathy-detection/data/external/aptos2019/colored_images/No_DR/b72a86d61959.png,0,No_DR
/home/neon-cultivator/us/diabetic-retinopathy-detection/data/external/aptos2019/colored_images/Moderate/b746a6681ba9.png,2,Moderate
/home/neon-cultivator/us/diabetic-retinopathy-detection/data/external/aptos2019/colored_images/Moderate/b762c29cf2f3.png,2,Moderate
/home/neon-cultivator/us/diabetic-retinopathy-detection/data/external/aptos2019/colored_images/No_DR/b77b88926843.png,0,No_DR
/home/neon-cultivator/us/diabetic-retinopathy-detection/data/external/aptos2019/colored_images/Proliferate_DR/b77b8a1f09f1.png,4,Proliferative_DR
/home/neon-cultivator/us/diabetic-retinopathy-detection/data/external/aptos2019/colored_images/No_DR/b7a1bb106051.png,0,No_DR
/home/neon-cultivator/us/diabetic-retinopathy-detection/data/external/aptos2019/colored_images/No_DR/b7aca95b97b9.png,0,No_DR
/home/neon-cultivator/us/diabetic-retinopathy-detection/data/external/aptos2019/colored_images/No_DR/b7bd4a6627b6.png,0,No_DR
/home/neon-cultivator/us/diabetic-retinopathy-detection/data/external/aptos2019/colored_images/No_DR/b7ce561a7328.png,0,No_DR
/home/neon-cultivator/us/diabetic-retinopathy-detection/data/external/aptos2019/colored_images/No_DR/b7f0bc7d399e.png,0,No_DR
/home/neon-cultivator/us/diabetic-retinopathy-detection/data/external/aptos2019/colored_images/Moderate/b82d5f1f1145.png,2,Moderate
/home/neon-cultivator/us/diabetic-retinopathy-detection/data/external/aptos2019/colored_images/No_DR/b82dfa63a75f.png,0,No_DR
/home/neon-cultivator/us/diabetic-retinopathy-detection/data/external/aptos2019/colored_images/No_DR/b835b6e31a59.png,0,No_DR
/home/neon-cultivator/us/diabetic-retinopathy-detection/data/external/aptos2019/colored_images/No_DR/b86fb2d5be1a.png,0,No_DR
/home/neon-cultivator/us/diabetic-retinopathy-detection/data/external/aptos2019/colored_images/Proliferate_DR/b87f9c59748b.png,4,Proliferative_DR
/home/neon-cultivator/us/diabetic-retinopathy-detection/data/external/aptos2019/colored_images/Moderate/b89938407ee6.png,2,Moderate
/home/neon-cultivator/us/diabetic-retinopathy-detection/data/external/aptos2019/colored_images/Moderate/b8ac328009e0.png,2,Moderate
/home/neon-cultivator/us/diabetic-retinopathy-detection/data/external/aptos2019/colored_images/No_DR/b8dab47a260e.png,0,No_DR
/home/neon-cultivator/us/diabetic-retinopathy-detection/data/external/aptos2019/colored_images/No_DR/b8e20c076b03.png,0,No_DR
/home/neon-cultivator/us/diabetic-retinopathy-detection/data/external/aptos2019/colored_images/No_DR/b8e9a8f4617d.png,0,No_DR
/home/neon-cultivator/us/diabetic-retinopathy-detection/data/external/aptos2019/colored_images/Moderate/b8f1b30877db.png,2,Moderate
/home/neon-cultivator/us/diabetic-retinopathy-detection/data/external/aptos2019/colored_images/Moderate/b8fb9f55cd6d.png,2,Moderate
/home/neon-cultivator/us/diabetic-retinopathy-detection/data/external/aptos2019/colored_images/Proliferate_DR/b90bc89ce8d8.png,4,Proliferative_DR
/home/neon-cultivator/us/diabetic-retinopathy-detection/data/external/aptos2019/colored_images/Moderate/b9127e38d9b9.png,2,Moderate
/home/neon-cultivator/us/diabetic-retinopathy-detection/data/external/aptos2019/colored_images/Mild/b94c58d063bf.png,1,Mild
/home/neon-cultivator/us/diabetic-retinopathy-detection/data/external/aptos2019/colored_images/No_DR/b9519abce0c1.png,0,No_DR
/home/neon-cultivator/us/diabetic-retinopathy-detection/data/external/aptos2019/colored_images/Severe/b960142a8de7.png,3,Severe
/home/neon-cultivator/us/diabetic-retinopathy-detection/data/external/aptos2019/colored_images/No_DR/b963a11638f2.png,0,No_DR
/home/neon-cultivator/us/diabetic-retinopathy-detection/data/external/aptos2019/colored_images/Proliferate_DR/b96b518596b3.png,4,Proliferative_DR
/home/neon-cultivator/us/diabetic-retinopathy-detection/data/external/aptos2019/colored_images/Moderate/b98f77098b9d.png,2,Moderate
/home/neon-cultivator/us/diabetic-retinopathy-detection/data/external/aptos2019/colored_images/Proliferate_DR/b99afe7137fb.png,4,Proliferative_DR
/home/neon-cultivator/us/diabetic-retinopathy-detection/data/external/aptos2019/colored_images/Moderate/b99c825b93c5.png,2,Moderate
/home/neon-cultivator/us/diabetic-retinopathy-detection/data/external/aptos2019/colored_images/Moderate/b9b6ee2b9453.png,2,Moderate
/home/neon-cultivator/us/diabetic-retinopathy-detection/data/external/aptos2019/colored_images/Mild/b9b99dad668d.png,1,Mild
/home/neon-cultivator/us/diabetic-retinopathy-detection/data/external/aptos2019/colored_images/No_DR/b9c7c5182075.png,0,No_DR
/home/neon-cultivator/us/diabetic-retinopathy-detection/data/external/aptos2019/colored_images/No_DR/b9d0b83d70c3.png,0,No_DR
/home/neon-cultivator/us/diabetic-retinopathy-detection/data/external/aptos2019/colored_images/No_DR/b9fe7da14a32.png,0,No_DR
/home/neon-cultivator/us/diabetic-retinopathy-detection/data/external/aptos2019/colored_images/No_DR/ba0107fb1bfd.png,0,No_DR
/home/neon-cultivator/us/diabetic-retinopathy-detection/data/external/aptos2019/colored_images/Proliferate_DR/ba08cee68c71.png,4,Proliferative_DR
/home/neon-cultivator/us/diabetic-retinopathy-detection/data/external/aptos2019/colored_images/No_DR/ba2ea9182090.png,0,No_DR
/home/neon-cultivator/us/diabetic-retinopathy-detection/data/external/aptos2019/colored_images/Proliferate_DR/ba4d2c4b3039.png,4,Proliferative_DR
/home/neon-cultivator/us/diabetic-retinopathy-detection/data/external/aptos2019/colored_images/No_DR/ba4e62c11cc0.png,0,No_DR
/home/neon-cultivator/us/diabetic-retinopathy-detection/data/external/aptos2019/colored_images/Proliferate_DR/ba735b286d62.png,4,Proliferative_DR
/home/neon-cultivator/us/diabetic-retinopathy-detection/data/external/aptos2019/colored_images/No_DR/bac1744955c2.png,0,No_DR
/home/neon-cultivator/us/diabetic-retinopathy-detection/data/external/aptos2019/colored_images/No_DR/bacfa2b8e706.png,0,No_DR
/home/neon-cultivator/us/diabetic-retinopathy-detection/data/external/aptos2019/colored_images/Mild/bacfb1029f6b.png,1,Mild
/home/neon-cultivator/us/diabetic-retinopathy-detection/data/external/aptos2019/colored_images/No_DR/bb08949dd70a.png,0,No_DR
/home/neon-cultivator/us/diabetic-retinopathy-detection/data/external/aptos2019/colored_images/Mild/bb11db08584a.png,1,Mild
/home/neon-cultivator/us/diabetic-retinopathy-detection/data/external/aptos2019/colored_images/No_DR/bb2f89488ecd.png,0,No_DR
/home/neon-cultivator/us/diabetic-retinopathy-detection/data/external/aptos2019/colored_images/Mild/bb45257258cc.png,1,Mild
/home/neon-cultivator/us/diabetic-retinopathy-detection/data/external/aptos2019/colored_images/No_DR/bb752b179751.png,0,No_DR
/home/neon-cultivator/us/diabetic-retinopathy-detection/data/external/aptos2019/colored_images/Mild/bb783d8e496f.png,1,Mild
/home/neon-cultivator/us/diabetic-retinopathy-detection/data/external/aptos2019/colored_images/Severe/bb7e0a2544cd.png,3,Severe
/home/neon-cultivator/us/diabetic-retinopathy-detection/data/external/aptos2019/colored_images/Mild/bb9a3d835a94.png,1,Mild
/home/neon-cultivator/us/diabetic-retinopathy-detection/data/external/aptos2019/colored_images/Proliferate_DR/bba38f2294a3.png,4,Proliferative_DR
/home/neon-cultivator/us/diabetic-retinopathy-detection/data/external/aptos2019/colored_images/Moderate/bc23f74e14dd.png,2,Moderate
/home/neon-cultivator/us/diabetic-retinopathy-detection/data/external/aptos2019/colored_images/Proliferate_DR/bc34ed91c9bc.png,4,Proliferative_DR
/home/neon-cultivator/us/diabetic-retinopathy-detection/data/external/aptos2019/colored_images/Mild/bc73ce76ec43.png,1,Mild
/home/neon-cultivator/us/diabetic-retinopathy-detection/data/external/aptos2019/colored_images/No_DR/bc92a61a1f9c.png,0,No_DR
/home/neon-cultivator/us/diabetic-retinopathy-detection/data/external/aptos2019/colored_images/Moderate/bca2bdc15fc5.png,2,Moderate
/home/neon-cultivator/us/diabetic-retinopathy-detection/data/external/aptos2019/colored_images/No_DR/bcb0498ed2c1.png,0,No_DR
/home/neon-cultivator/us/diabetic-retinopathy-detection/data/external/aptos2019/colored_images/Moderate/bcc762618e7d.png,2,Moderate
/home/neon-cultivator/us/diabetic-retinopathy-detection/data/external/aptos2019/colored_images/Proliferate_DR/bcd503c726ba.png,4,Proliferative_DR
/home/neon-cultivator/us/diabetic-retinopathy-detection/data/external/aptos2019/colored_images/Moderate/bcdc8db5423b.png,2,Moderate
/home/neon-cultivator/us/diabetic-retinopathy-detection/data/external/aptos2019/colored_images/Mild/bd269a1f0e4d.png,1,Mild
/home/neon-cultivator/us/diabetic-retinopathy-detection/data/external/aptos2019/colored_images/No_DR/bd500a73beae.png,0,No_DR
/home/neon-cultivator/us/diabetic-retinopathy-detection/data/external/aptos2019/colored_images/Moderate/bda7ff3b1562.png,2,Moderate
/home/neon-cultivator/us/diabetic-retinopathy-detection/data/external/aptos2019/colored_images/No_DR/bda91b76095b.png,0,No_DR
/home/neon-cultivator/us/diabetic-retinopathy-detection/data/external/aptos2019/colored_images/Moderate/bdb98063fe84.png,2,Moderate
/home/neon-cultivator/us/diabetic-retinopathy-detection/data/external/aptos2019/colored_images/No_DR/bde1063a5dd7.png,0,No_DR
/home/neon-cultivator/us/diabetic-retinopathy-detection/data/external/aptos2019/colored_images/No_DR/bdf47b9f10c4.png,0,No_DR
/home/neon-cultivator/us/diabetic-retinopathy-detection/data/external/aptos2019/colored_images/No_DR/be197b663520.png,0,No_DR
/home/neon-cultivator/us/diabetic-retinopathy-detection/data/external/aptos2019/colored_images/Moderate/be21d8b60e2a.png,2,Moderate
/home/neon-cultivator/us/diabetic-retinopathy-detection/data/external/aptos2019/colored_images/No_DR/be521870a0ea.png,0,No_DR
/home/neon-cultivator/us/diabetic-retinopathy-detection/data/external/aptos2019/colored_images/Moderate/be68322c7223.png,2,Moderate
/home/neon-cultivator/us/diabetic-retinopathy-detection/data/external/aptos2019/colored_images/Moderate/be7bc89f5fec.png,2,Moderate
/home/neon-cultivator/us/diabetic-retinopathy-detection/data/external/aptos2019/colored_images/No_DR/be8697eb2078.png,0,No_DR
/home/neon-cultivator/us/diabetic-retinopathy-detection/data/external/aptos2019/colored_images/No_DR/beb00fa6e7c9.png,0,No_DR
/home/neon-cultivator/us/diabetic-retinopathy-detection/data/external/aptos2019/colored_images/No_DR/beb2ad14fd2d.png,0,No_DR
/home/neon-cultivator/us/diabetic-retinopathy-detection/data/external/aptos2019/colored_images/Mild/bebb3f167654.png,1,Mild
/home/neon-cultivator/us/diabetic-retinopathy-detection/data/external/aptos2019/colored_images/No_DR/bebfbd907cac.png,0,No_DR
/home/neon-cultivator/us/diabetic-retinopathy-detection/data/external/aptos2019/colored_images/Severe/bec0acd539b2.png,3,Severe
/home/neon-cultivator/us/diabetic-retinopathy-detection/data/external/aptos2019/colored_images/No_DR/beeca5f14618.png,0,No_DR
/home/neon-cultivator/us/diabetic-retinopathy-detection/data/external/aptos2019/colored_images/Mild/bf18ff30a8f6.png,1,Mild
/home/neon-cultivator/us/diabetic-retinopathy-detection/data/external/aptos2019/colored_images/Moderate/bf1b7e21e774.png,2,Moderate
/home/neon-cultivator/us/diabetic-retinopathy-detection/data/external/aptos2019/colored_images/No_DR/bf6cbccacf39.png,0,No_DR
/home/neon-cultivator/us/diabetic-retinopathy-detection/data/external/aptos2019/colored_images/Moderate/bf7047dc683c.png,2,Moderate
/home/neon-cultivator/us/diabetic-retinopathy-detection/data/external/aptos2019/colored_images/No_DR/bf7221a016b5.png,0,No_DR
/home/neon-cultivator/us/diabetic-retinopathy-detection/data/external/aptos2019/colored_images/No_DR/bf7b4eae7ad0.png,0,No_DR
/home/neon-cultivator/us/diabetic-retinopathy-detection/data/external/aptos2019/colored_images/Severe/bf8092e4001d.png,3,Severe
/home/neon-cultivator/us/diabetic-retinopathy-detection/data/external/aptos2019/colored_images/No_DR/bf811911acf9.png,0,No_DR
/home/neon-cultivator/us/diabetic-retinopathy-detection/data/external/aptos2019/colored_images/No_DR/bf87aedf2489.png,0,No_DR
/home/neon-cultivator/us/diabetic-retinopathy-detection/data/external/aptos2019/colored_images/No_DR/bfa30ebf63a8.png,0,No_DR
/home/neon-cultivator/us/diabetic-retinopathy-detection/data/external/aptos2019/colored_images/No_DR/bfb578c0e8d8.png,0,No_DR
/home/neon-cultivator/us/diabetic-retinopathy-detection/data/external/aptos2019/colored_images/Moderate/bfda2fd0533a.png,2,Moderate
/home/neon-cultivator/us/diabetic-retinopathy-detection/data/external/aptos2019/colored_images/Proliferate_DR/bfdee9be1f1d.png,4,Proliferative_DR
/home/neon-cultivator/us/diabetic-retinopathy-detection/data/external/aptos2019/colored_images/No_DR/bff51afc76d4.png,0,No_DR
/home/neon-cultivator/us/diabetic-retinopathy-detection/data/external/aptos2019/colored_images/Proliferate_DR/c01eae4b4939.png,4,Proliferative_DR
/home/neon-cultivator/us/diabetic-retinopathy-detection/data/external/aptos2019/colored_images/No_DR/c06024f05a16.png,0,No_DR
/home/neon-cultivator/us/diabetic-retinopathy-detection/data/external/aptos2019/colored_images/No_DR/c096131ad065.png,0,No_DR
/home/neon-cultivator/us/diabetic-retinopathy-detection/data/external/aptos2019/colored_images/Mild/c0968d41eb93.png,1,Mild
/home/neon-cultivator/us/diabetic-retinopathy-detection/data/external/aptos2019/colored_images/Severe/c0a0828e01b4.png,3,Severe
/home/neon-cultivator/us/diabetic-retinopathy-detection/data/external/aptos2019/colored_images/Mild/c0e15e8e2b46.png,1,Mild
/home/neon-cultivator/us/diabetic-retinopathy-detection/data/external/aptos2019/colored_images/Mild/c0f15fe3b4b7.png,1,Mild
/home/neon-cultivator/us/diabetic-retinopathy-detection/data/external/aptos2019/colored_images/Mild/c102db7634d8.png,1,Mild
/home/neon-cultivator/us/diabetic-retinopathy-detection/data/external/aptos2019/colored_images/No_DR/c1437a7a52c9.png,0,No_DR
/home/neon-cultivator/us/diabetic-retinopathy-detection/data/external/aptos2019/colored_images/Proliferate_DR/c1799a6f5c65.png,4,Proliferative_DR
/home/neon-cultivator/us/diabetic-retinopathy-detection/data/external/aptos2019/colored_images/No_DR/c1819db0aece.png,0,No_DR
/home/neon-cultivator/us/diabetic-retinopathy-detection/data/external/aptos2019/colored_images/Proliferate_DR/c1896142a20a.png,4,Proliferative_DR
/home/neon-cultivator/us/diabetic-retinopathy-detection/data/external/aptos2019/colored_images/No_DR/c18a006f7f1d.png,0,No_DR
/home/neon-cultivator/us/diabetic-retinopathy-detection/data/external/aptos2019/colored_images/Mild/c1e6fa1ad314.png,1,Mild
/home/neon-cultivator/us/diabetic-retinopathy-detection/data/external/aptos2019/colored_images/Mild/c1ebe785503a.png,1,Mild
/home/neon-cultivator/us/diabetic-retinopathy-detection/data/external/aptos2019/colored_images/No_DR/c24bcf7a1bc4.png,0,No_DR
/home/neon-cultivator/us/diabetic-retinopathy-detection/data/external/aptos2019/colored_images/No_DR/c25e02b39c01.png,0,No_DR
/home/neon-cultivator/us/diabetic-retinopathy-detection/data/external/aptos2019/colored_images/Moderate/c280730cc211.png,2,Moderate
/home/neon-cultivator/us/diabetic-retinopathy-detection/data/external/aptos2019/colored_images/Severe/c31651ea04c6.png,3,Severe
/home/neon-cultivator/us/diabetic-retinopathy-detection/data/external/aptos2019/colored_images/No_DR/c334f8688b77.png,0,No_DR
/home/neon-cultivator/us/diabetic-retinopathy-detection/data/external/aptos2019/colored_images/No_DR/c38dec54a9f7.png,0,No_DR
/home/neon-cultivator/us/diabetic-retinopathy-detection/data/external/aptos2019/colored_images/Moderate/c3acf47700ea.png,2,Moderate
/home/neon-cultivator/us/diabetic-retinopathy-detection/data/external/aptos2019/colored_images/No_DR/c3b15bf9b4bc.png,0,No_DR
/home/neon-cultivator/us/diabetic-retinopathy-detection/data/external/aptos2019/colored_images/Severe/c3cd0200df79.png,3,Severe
/home/neon-cultivator/us/diabetic-retinopathy-detection/data/external/aptos2019/colored_images/Proliferate_DR/c3d12a23f451.png,4,Proliferative_DR
/home/neon-cultivator/us/diabetic-retinopathy-detection/data/external/aptos2019/colored_images/Moderate/c406325360b1.png,2,Moderate
/home/neon-cultivator/us/diabetic-retinopathy-detection/data/external/aptos2019/colored_images/Mild/c40976189f22.png,1,Mild
/home/neon-cultivator/us/diabetic-retinopathy-detection/data/external/aptos2019/colored_images/No_DR/c446985355f1.png,0,No_DR
/home/neon-cultivator/us/diabetic-retinopathy-detection/data/external/aptos2019/colored_images/Moderate/c48ae5da188e.png,2,Moderate
/home/neon-cultivator/us/diabetic-retinopathy-detection/data/external/aptos2019/colored_images/Mild/c4a8f2fcf6e8.png,1,Mild
/home/neon-cultivator/us/diabetic-retinopathy-detection/data/external/aptos2019/colored_images/No_DR/c4aef0d88d1b.png,0,No_DR
/home/neon-cultivator/us/diabetic-retinopathy-detection/data/external/aptos2019/colored_images/Moderate/c4e8b1ec8893.png,2,Moderate
/home/neon-cultivator/us/diabetic-retinopathy-detection/data/external/aptos2019/colored_images/Moderate/c5431b81cbc9.png,2,Moderate
/home/neon-cultivator/us/diabetic-retinopathy-detection/data/external/aptos2019/colored_images/Moderate/c561bcd519e9.png,2,Moderate
/home/neon-cultivator/us/diabetic-retinopathy-detection/data/external/aptos2019/colored_images/Moderate/c568e5245ea5.png,2,Moderate
/home/neon-cultivator/us/diabetic-retinopathy-detection/data/external/aptos2019/colored_images/Mild/c56e65f74187.png,1,Mild
/home/neon-cultivator/us/diabetic-retinopathy-detection/data/external/aptos2019/colored_images/No_DR/c57c164bca05.png,0,No_DR
/home/neon-cultivator/us/diabetic-retinopathy-detection/data/external/aptos2019/colored_images/No_DR/c58971bcebb2.png,0,No_DR
/home/neon-cultivator/us/diabetic-retinopathy-detection/data/external/aptos2019/colored_images/No_DR/c597ef460944.png,0,No_DR
/home/neon-cultivator/us/diabetic-retinopathy-detection/data/external/aptos2019/colored_images/No_DR/c5a0e84e955d.png,0,No_DR
/home/neon-cultivator/us/diabetic-retinopathy-detection/data/external/aptos2019/colored_images/Severe/c5a9ebef1517.png,3,Severe
/home/neon-cultivator/us/diabetic-retinopathy-detection/data/external/aptos2019/colored_images/Moderate/c5ad60521f8c.png,2,Moderate
/home/neon-cultivator/us/diabetic-retinopathy-detection/data/external/aptos2019/colored_images/Severe/c5ba9e455d5e.png,3,Severe
/home/neon-cultivator/us/diabetic-retinopathy-detection/data/external/aptos2019/colored_images/No_DR/c5bec7f1e5f3.png,0,No_DR
/home/neon-cultivator/us/diabetic-retinopathy-detection/data/external/aptos2019/colored_images/Proliferate_DR/c5e238aa18be.png,4,Proliferative_DR
/home/neon-cultivator/us/diabetic-retinopathy-detection/data/external/aptos2019/colored_images/Proliferate_DR/c62585bd68fb.png,4,Proliferative_DR
/home/neon-cultivator/us/diabetic-retinopathy-detection/data/external/aptos2019/colored_images/No_DR/c64c0966b4cf.png,0,No_DR
/home/neon-cultivator/us/diabetic-retinopathy-detection/data/external/aptos2019/colored_images/Severe/c67117c6ab3b.png,3,Severe
/home/neon-cultivator/us/diabetic-retinopathy-detection/data/external/aptos2019/colored_images/No_DR/c6916bc42016.png,0,No_DR
/home/neon-cultivator/us/diabetic-retinopathy-detection/data/external/aptos2019/colored_images/Moderate/c6a2975228af.png,2,Moderate
/home/neon-cultivator/us/diabetic-retinopathy-detection/data/external/aptos2019/colored_images/Moderate/c6e1e9fbf39b.png,2,Moderate
/home/neon-cultivator/us/diabetic-retinopathy-detection/data/external/aptos2019/colored_images/No_DR/c6f5b5b5be41.png,0,No_DR
/home/neon-cultivator/us/diabetic-retinopathy-detection/data/external/aptos2019/colored_images/No_DR/c704bd669f36.png,0,No_DR
/home/neon-cultivator/us/diabetic-retinopathy-detection/data/external/aptos2019/colored_images/Mild/c739ff9580d3.png,1,Mild
/home/neon-cultivator/us/diabetic-retinopathy-detection/data/external/aptos2019/colored_images/No_DR/c755a0c4edcc.png,0,No_DR
/home/neon-cultivator/us/diabetic-retinopathy-detection/data/external/aptos2019/colored_images/Severe/c76664770c07.png,3,Severe
/home/neon-cultivator/us/diabetic-retinopathy-detection/data/external/aptos2019/colored_images/Mild/c7b622ec8104.png,1,Mild
/home/neon-cultivator/us/diabetic-retinopathy-detection/data/external/aptos2019/colored_images/Moderate/c7c0470bcf87.png,2,Moderate
/home/neon-cultivator/us/diabetic-retinopathy-detection/data/external/aptos2019/colored_images/No_DR/c7c3d363bc86.png,0,No_DR
/home/neon-cultivator/us/diabetic-retinopathy-detection/data/external/aptos2019/colored_images/No_DR/c7d0deb71576.png,0,No_DR
/home/neon-cultivator/us/diabetic-retinopathy-detection/data/external/aptos2019/colored_images/Moderate/c7e827fc7f41.png,2,Moderate
/home/neon-cultivator/us/diabetic-retinopathy-detection/data/external/aptos2019/colored_images/No_DR/c80b0f27541a.png,0,No_DR
/home/neon-cultivator/us/diabetic-retinopathy-detection/data/external/aptos2019/colored_images/No_DR/c85b79d70079.png,0,No_DR
/home/neon-cultivator/us/diabetic-retinopathy-detection/data/external/aptos2019/colored_images/Moderate/c87493ed320c.png,2,Moderate
/home/neon-cultivator/us/diabetic-retinopathy-detection/data/external/aptos2019/colored_images/Moderate/c8905b8d5cf1.png,2,Moderate
/home/neon-cultivator/us/diabetic-retinopathy-detection/data/external/aptos2019/colored_images/Mild/c8fc0df22999.png,1,Mild
/home/neon-cultivator/us/diabetic-retinopathy-detection/data/external/aptos2019/colored_images/Mild/c9485c38fdd5.png,1,Mild
/home/neon-cultivator/us/diabetic-retinopathy-detection/data/external/aptos2019/colored_images/No_DR/c94f37085d0f.png,0,No_DR
/home/neon-cultivator/us/diabetic-retinopathy-detection/data/external/aptos2019/colored_images/Mild/c96f743915b5.png,1,Mild
/home/neon-cultivator/us/diabetic-retinopathy-detection/data/external/aptos2019/colored_images/No_DR/c98f623d08d1.png,0,No_DR
/home/neon-cultivator/us/diabetic-retinopathy-detection/data/external/aptos2019/colored_images/No_DR/c9c563864ab1.png,0,No_DR
/home/neon-cultivator/us/diabetic-retinopathy-detection/data/external/aptos2019/colored_images/Moderate/c9d42d7534e0.png,2,Moderate
/home/neon-cultivator/us/diabetic-retinopathy-detection/data/external/aptos2019/colored_images/Severe/c9ea9d5eab65.png,3,Severe
/home/neon-cultivator/us/diabetic-retinopathy-detection/data/external/aptos2019/colored_images/No_DR/ca05f7e7801b.png,0,No_DR
/home/neon-cultivator/us/diabetic-retinopathy-detection/data/external/aptos2019/colored_images/Moderate/ca0f1a17c8e5.png,2,Moderate
/home/neon-cultivator/us/diabetic-retinopathy-detection/data/external/aptos2019/colored_images/Mild/ca1036496659.png,1,Mild
/home/neon-cultivator/us/diabetic-retinopathy-detection/data/external/aptos2019/colored_images/No_DR/ca2b54b95ade.png,0,No_DR
/home/neon-cultivator/us/diabetic-retinopathy-detection/data/external/aptos2019/colored_images/Mild/ca30a97e9d13.png,1,Mild
/home/neon-cultivator/us/diabetic-retinopathy-detection/data/external/aptos2019/colored_images/Moderate/ca360bec5851.png,2,Moderate
/home/neon-cultivator/us/diabetic-retinopathy-detection/data/external/aptos2019/colored_images/Mild/ca63fe4f4b52.png,1,Mild
/home/neon-cultivator/us/diabetic-retinopathy-detection/data/external/aptos2019/colored_images/Mild/ca7140ecf389.png,1,Mild
/home/neon-cultivator/us/diabetic-retinopathy-detection/data/external/aptos2019/colored_images/Moderate/ca7570c5925c.png,2,Moderate
/home/neon-cultivator/us/diabetic-retinopathy-detection/data/external/aptos2019/colored_images/Moderate/ca7f5caddf96.png,2,Moderate
/home/neon-cultivator/us/diabetic-retinopathy-detection/data/external/aptos2019/colored_images/Moderate/ca891d37a43c.png,2,Moderate
/home/neon-cultivator/us/diabetic-retinopathy-detection/data/external/aptos2019/colored_images/Mild/cab3dfa7962d.png,1,Mild
/home/neon-cultivator/us/diabetic-retinopathy-detection/data/external/aptos2019/colored_images/Moderate/cac80797770f.png,2,Moderate
/home/neon-cultivator/us/diabetic-retinopathy-detection/data/external/aptos2019/colored_images/No_DR/cad5b1a82e60.png,0,No_DR
/home/neon-cultivator/us/diabetic-retinopathy-detection/data/external/aptos2019/colored_images/No_DR/cadde4030858.png,0,No_DR
/home/neon-cultivator/us/diabetic-retinopathy-detection/data/external/aptos2019/colored_images/No_DR/cae33655ca00.png,0,No_DR
/home/neon-cultivator/us/diabetic-retinopathy-detection/data/external/aptos2019/colored_images/Mild/cae51154e1ce.png,1,Mild
/home/neon-cultivator/us/diabetic-retinopathy-detection/data/external/aptos2019/colored_images/No_DR/cb02bb47fdc5.png,0,No_DR
/home/neon-cultivator/us/diabetic-retinopathy-detection/data/external/aptos2019/colored_images/No_DR/cb0cc98d7e35.png,0,No_DR
/home/neon-cultivator/us/diabetic-retinopathy-detection/data/external/aptos2019/colored_images/No_DR/cb39761f0712.png,0,No_DR
/home/neon-cultivator/us/diabetic-retinopathy-detection/data/external/aptos2019/colored_images/Proliferate_DR/cb547e723a16.png,4,Proliferative_DR
/home/neon-cultivator/us/diabetic-retinopathy-detection/data/external/aptos2019/colored_images/Moderate/cb602182cde3.png,2,Moderate
/home/neon-cultivator/us/diabetic-retinopathy-detection/data/external/aptos2019/colored_images/Proliferate_DR/cbd0870aa933.png,4,Proliferative_DR
/home/neon-cultivator/us/diabetic-retinopathy-detection/data/external/aptos2019/colored_images/Moderate/cbf0394039f8.png,2,Moderate
/home/neon-cultivator/us/diabetic-retinopathy-detection/data/external/aptos2019/colored_images/Moderate/cc1eebed9276.png,2,Moderate
/home/neon-cultivator/us/diabetic-retinopathy-detection/data/external/aptos2019/colored_images/Proliferate_DR/cc3d2e961768.png,4,Proliferative_DR
/home/neon-cultivator/us/diabetic-retinopathy-detection/data/external/aptos2019/colored_images/No_DR/cc671a73e1cb.png,0,No_DR
/home/neon-cultivator/us/diabetic-retinopathy-detection/data/external/aptos2019/colored_images/Mild/cc9270f06b65.png,1,Mild
/home/neon-cultivator/us/diabetic-retinopathy-detection/data/external/aptos2019/colored_images/No_DR/cc964bf04dbc.png,0,No_DR
/home/neon-cultivator/us/diabetic-retinopathy-detection/data/external/aptos2019/colored_images/Moderate/cca626a0e19a.png,2,Moderate
/home/neon-cultivator/us/diabetic-retinopathy-detection/data/external/aptos2019/colored_images/No_DR/ccea49708830.png,0,No_DR
/home/neon-cultivator/us/diabetic-retinopathy-detection/data/external/aptos2019/colored_images/No_DR/cd01672507c9.png,0,No_DR
/home/neon-cultivator/us/diabetic-retinopathy-detection/data/external/aptos2019/colored_images/Moderate/cd3fd04d72f5.png,2,Moderate
/home/neon-cultivator/us/diabetic-retinopathy-detection/data/external/aptos2019/colored_images/Mild/cd45bfa07d41.png,1,Mild
/home/neon-cultivator/us/diabetic-retinopathy-detection/data/external/aptos2019/colored_images/No_DR/cd48cfab4e44.png,0,No_DR
/home/neon-cultivator/us/diabetic-retinopathy-detection/data/external/aptos2019/colored_images/No_DR/cd563556cb57.png,0,No_DR
/home/neon-cultivator/us/diabetic-retinopathy-detection/data/external/aptos2019/colored_images/Mild/cd5714db652d.png,1,Mild
/home/neon-cultivator/us/diabetic-retinopathy-detection/data/external/aptos2019/colored_images/No_DR/cd8da43e3069.png,0,No_DR
/home/neon-cultivator/us/diabetic-retinopathy-detection/data/external/aptos2019/colored_images/Proliferate_DR/cd93a472e5cd.png,4,Proliferative_DR
/home/neon-cultivator/us/diabetic-retinopathy-detection/data/external/aptos2019/colored_images/No_DR/cd941e5bc659.png,0,No_DR
/home/neon-cultivator/us/diabetic-retinopathy-detection/data/external/aptos2019/colored_images/Proliferate_DR/cd972e5639e0.png,4,Proliferative_DR
/home/neon-cultivator/us/diabetic-retinopathy-detection/data/external/aptos2019/colored_images/Moderate/cd9e2190c73f.png,2,Moderate
/home/neon-cultivator/us/diabetic-retinopathy-detection/data/external/aptos2019/colored_images/No_DR/ce754234d760.png,0,No_DR
/home/neon-cultivator/us/diabetic-retinopathy-detection/data/external/aptos2019/colored_images/Moderate/ce887b196c23.png,2,Moderate
/home/neon-cultivator/us/diabetic-retinopathy-detection/data/external/aptos2019/colored_images/Moderate/ceaa5803d780.png,2,Moderate
/home/neon-cultivator/us/diabetic-retinopathy-detection/data/external/aptos2019/colored_images/No_DR/ceb32a193eff.png,0,No_DR
/home/neon-cultivator/us/diabetic-retinopathy-detection/data/external/aptos2019/colored_images/Moderate/ceb601fe8dba.png,2,Moderate
/home/neon-cultivator/us/diabetic-retinopathy-detection/data/external/aptos2019/colored_images/No_DR/cec299c2a2d5.png,0,No_DR
/home/neon-cultivator/us/diabetic-retinopathy-detection/data/external/aptos2019/colored_images/Mild/cf0575534cec.png,1,Mild
/home/neon-cultivator/us/diabetic-retinopathy-detection/data/external/aptos2019/colored_images/Moderate/cf0824f53dd9.png,2,Moderate
/home/neon-cultivator/us/diabetic-retinopathy-detection/data/external/aptos2019/colored_images/Mild/cf603a9ef2d5.png,1,Mild
/home/neon-cultivator/us/diabetic-retinopathy-detection/data/external/aptos2019/colored_images/No_DR/cfb17a7cc8d4.png,0,No_DR
/home/neon-cultivator/us/diabetic-retinopathy-detection/data/external/aptos2019/colored_images/Mild/cfd1bd0fcbb4.png,1,Mild
/home/neon-cultivator/us/diabetic-retinopathy-detection/data/external/aptos2019/colored_images/No_DR/cfdbaef73a8b.png,0,No_DR
/home/neon-cultivator/us/diabetic-retinopathy-detection/data/external/aptos2019/colored_images/No_DR/cff262ed8f4c.png,0,No_DR
/home/neon-cultivator/us/diabetic-retinopathy-detection/data/external/aptos2019/colored_images/No_DR/d02b79fc3200.png,0,No_DR
/home/neon-cultivator/us/diabetic-retinopathy-detection/data/external/aptos2019/colored_images/Mild/d06ccd0cf4b8.png,1,Mild
/home/neon-cultivator/us/diabetic-retinopathy-detection/data/external/aptos2019/colored_images/Severe/d0ffa0425ef1.png,3,Severe
/home/neon-cultivator/us/diabetic-retinopathy-detection/data/external/aptos2019/colored_images/Moderate/d10d315f123f.png,2,Moderate
/home/neon-cultivator/us/diabetic-retinopathy-detection/data/external/aptos2019/colored_images/Moderate/d15ca3469b87.png,2,Moderate
/home/neon-cultivator/us/diabetic-retinopathy-detection/data/external/aptos2019/colored_images/No_DR/d160ebef4117.png,0,No_DR
/home/neon-cultivator/us/diabetic-retinopathy-detection/data/external/aptos2019/colored_images/Severe/d16398c971e9.png,3,Severe
/home/neon-cultivator/us/diabetic-retinopathy-detection/data/external/aptos2019/colored_images/No_DR/d16e39b9d6f0.png,0,No_DR
/home/neon-cultivator/us/diabetic-retinopathy-detection/data/external/aptos2019/colored_images/No_DR/d16e59a2b33a.png,0,No_DR
/home/neon-cultivator/us/diabetic-retinopathy-detection/data/external/aptos2019/colored_images/Moderate/d18aea8238a0.png,2,Moderate
/home/neon-cultivator/us/diabetic-retinopathy-detection/data/external/aptos2019/colored_images/Moderate/d18b1d8ac4de.png,2,Moderate
/home/neon-cultivator/us/diabetic-retinopathy-detection/data/external/aptos2019/colored_images/Moderate/d18e5b68f6d2.png,2,Moderate
/home/neon-cultivator/us/diabetic-retinopathy-detection/data/external/aptos2019/colored_images/No_DR/d18f6431ebce.png,0,No_DR
/home/neon-cultivator/us/diabetic-retinopathy-detection/data/external/aptos2019/colored_images/Proliferate_DR/d1a24527a15d.png,4,Proliferative_DR
/home/neon-cultivator/us/diabetic-retinopathy-detection/data/external/aptos2019/colored_images/No_DR/d1afdb8cf70d.png,0,No_DR
/home/neon-cultivator/us/diabetic-retinopathy-detection/data/external/aptos2019/colored_images/No_DR/d1ca85af57c9.png,0,No_DR
/home/neon-cultivator/us/diabetic-retinopathy-detection/data/external/aptos2019/colored_images/No_DR/d1cf31577a59.png,0,No_DR
/home/neon-cultivator/us/diabetic-retinopathy-detection/data/external/aptos2019/colored_images/Moderate/d1f1ea894da1.png,2,Moderate
/home/neon-cultivator/us/diabetic-retinopathy-detection/data/external/aptos2019/colored_images/Moderate/d1fb4efb117c.png,2,Moderate
/home/neon-cultivator/us/diabetic-retinopathy-detection/data/external/aptos2019/colored_images/Moderate/d25b8a8ad3c4.png,2,Moderate
/home/neon-cultivator/us/diabetic-retinopathy-detection/data/external/aptos2019/colored_images/Moderate/d264396d8d1a.png,2,Moderate
/home/neon-cultivator/us/diabetic-retinopathy-detection/data/external/aptos2019/colored_images/Proliferate_DR/d271d3a2b552.png,4,Proliferative_DR
/home/neon-cultivator/us/diabetic-retinopathy-detection/data/external/aptos2019/colored_images/No_DR/d27ac9e54901.png,0,No_DR
/home/neon-cultivator/us/diabetic-retinopathy-detection/data/external/aptos2019/colored_images/Proliferate_DR/d2901144070c.png,4,Proliferative_DR
/home/neon-cultivator/us/diabetic-retinopathy-detection/data/external/aptos2019/colored_images/Moderate/d29096bd94aa.png,2,Moderate
/home/neon-cultivator/us/diabetic-retinopathy-detection/data/external/aptos2019/colored_images/Proliferate_DR/d2c2f02bb313.png,4,Proliferative_DR
/home/neon-cultivator/us/diabetic-retinopathy-detection/data/external/aptos2019/colored_images/No_DR/d2dc86021c67.png,0,No_DR
/home/neon-cultivator/us/diabetic-retinopathy-detection/data/external/aptos2019/colored_images/No_DR/d2fb715b0c41.png,0,No_DR
/home/neon-cultivator/us/diabetic-retinopathy-detection/data/external/aptos2019/colored_images/No_DR/d332d7b8a26e.png,0,No_DR
/home/neon-cultivator/us/diabetic-retinopathy-detection/data/external/aptos2019/colored_images/Moderate/d364423ec6f9.png,2,Moderate
/home/neon-cultivator/us/diabetic-retinopathy-detection/data/external/aptos2019/colored_images/Moderate/d3be5346684b.png,2,Moderate
/home/neon-cultivator/us/diabetic-retinopathy-detection/data/external/aptos2019/colored_images/Moderate/d3d578fe433f.png,2,Moderate
/home/neon-cultivator/us/diabetic-retinopathy-detection/data/external/aptos2019/colored_images/Mild/d3de0d313d61.png,1,Mild
/home/neon-cultivator/us/diabetic-retinopathy-detection/data/external/aptos2019/colored_images/Severe/d3e884109b45.png,3,Severe
/home/neon-cultivator/us/diabetic-retinopathy-detection/data/external/aptos2019/colored_images/Moderate/d41b33fcb94f.png,2,Moderate
/home/neon-cultivator/us/diabetic-retinopathy-detection/data/external/aptos2019/colored_images/No_DR/d436c06f0490.png,0,No_DR
/home/neon-cultivator/us/diabetic-retinopathy-detection/data/external/aptos2019/colored_images/No_DR/d4583e9525dc.png,0,No_DR
/home/neon-cultivator/us/diabetic-retinopathy-detection/data/external/aptos2019/colored_images/Moderate/d473f6fafba0.png,2,Moderate
/home/neon-cultivator/us/diabetic-retinopathy-detection/data/external/aptos2019/colored_images/Proliferate_DR/d48178e4a49b.png,4,Proliferative_DR
/home/neon-cultivator/us/diabetic-retinopathy-detection/data/external/aptos2019/colored_images/Moderate/d4be0403e6ab.png,2,Moderate
/home/neon-cultivator/us/diabetic-retinopathy-detection/data/external/aptos2019/colored_images/Mild/d4f32b9c07df.png,1,Mild
/home/neon-cultivator/us/diabetic-retinopathy-detection/data/external/aptos2019/colored_images/Proliferate_DR/d51b3fe0fa1b.png,4,Proliferative_DR
/home/neon-cultivator/us/diabetic-retinopathy-detection/data/external/aptos2019/colored_images/No_DR/d51e5d7484ea.png,0,No_DR
/home/neon-cultivator/us/diabetic-retinopathy-detection/data/external/aptos2019/colored_images/No_DR/d57d1be1bbd1.png,0,No_DR
/home/neon-cultivator/us/diabetic-retinopathy-detection/data/external/aptos2019/colored_images/Moderate/d5a39339ff3d.png,2,Moderate
/home/neon-cultivator/us/diabetic-retinopathy-detection/data/external/aptos2019/colored_images/No_DR/d5ad3362424c.png,0,No_DR
/home/neon-cultivator/us/diabetic-retinopathy-detection/data/external/aptos2019/colored_images/No_DR/d5c63a8d9e94.png,0,No_DR
/home/neon-cultivator/us/diabetic-retinopathy-detection/data/external/aptos2019/colored_images/No_DR/d6130f2ec903.png,0,No_DR
/home/neon-cultivator/us/diabetic-retinopathy-detection/data/external/aptos2019/colored_images/Mild/d66ccb75ada1.png,1,Mild
/home/neon-cultivator/us/diabetic-retinopathy-detection/data/external/aptos2019/colored_images/Moderate/d67374d3fa2a.png,2,Moderate
/home/neon-cultivator/us/diabetic-retinopathy-detection/data/external/aptos2019/colored_images/No_DR/d6803e467592.png,0,No_DR
/home/neon-cultivator/us/diabetic-retinopathy-detection/data/external/aptos2019/colored_images/No_DR/d6b109c82067.png,0,No_DR
/home/neon-cultivator/us/diabetic-retinopathy-detection/data/external/aptos2019/colored_images/No_DR/d6dbb0820ea5.png,0,No_DR
/home/neon-cultivator/us/diabetic-retinopathy-detection/data/external/aptos2019/colored_images/No_DR/d6df4fe492ec.png,0,No_DR
/home/neon-cultivator/us/diabetic-retinopathy-detection/data/external/aptos2019/colored_images/No_DR/d6f36ec5564a.png,0,No_DR
/home/neon-cultivator/us/diabetic-retinopathy-detection/data/external/aptos2019/colored_images/No_DR/d6f6bdfd8011.png,0,No_DR
/home/neon-cultivator/us/diabetic-retinopathy-detection/data/external/aptos2019/colored_images/No_DR/d774692d9919.png,0,No_DR
/home/neon-cultivator/us/diabetic-retinopathy-detection/data/external/aptos2019/colored_images/No_DR/d78b7401096f.png,0,No_DR
/home/neon-cultivator/us/diabetic-retinopathy-detection/data/external/aptos2019/colored_images/No_DR/d7bc00091cfc.png,0,No_DR
/home/neon-cultivator/us/diabetic-retinopathy-detection/data/external/aptos2019/colored_images/No_DR/d7bc62d60e8c.png,0,No_DR
/home/neon-cultivator/us/diabetic-retinopathy-detection/data/external/aptos2019/colored_images/No_DR/d7e5fe5245e0.png,0,No_DR
/home/neon-cultivator/us/diabetic-retinopathy-detection/data/external/aptos2019/colored_images/Proliferate_DR/d803598dabda.png,4,Proliferative_DR
/home/neon-cultivator/us/diabetic-retinopathy-detection/data/external/aptos2019/colored_images/No_DR/d807c53c1399.png,0,No_DR
/home/neon-cultivator/us/diabetic-retinopathy-detection/data/external/aptos2019/colored_images/Moderate/d81338217fc5.png,2,Moderate
/home/neon-cultivator/us/diabetic-retinopathy-detection/data/external/aptos2019/colored_images/Moderate/d8404680bba6.png,2,Moderate
/home/neon-cultivator/us/diabetic-retinopathy-detection/data/external/aptos2019/colored_images/Mild/d85588ff2ebd.png,1,Mild
/home/neon-cultivator/us/diabetic-retinopathy-detection/data/external/aptos2019/colored_images/Mild/d85d052900b4.png,1,Mild
/home/neon-cultivator/us/diabetic-retinopathy-detection/data/external/aptos2019/colored_images/Severe/d868acdccb5b.png,3,Severe
/home/neon-cultivator/us/diabetic-retinopathy-detection/data/external/aptos2019/colored_images/No_DR/d871895742b1.png,0,No_DR
/home/neon-cultivator/us/diabetic-retinopathy-detection/data/external/aptos2019/colored_images/No_DR/d881c04f01fe.png,0,No_DR
/home/neon-cultivator/us/diabetic-retinopathy-detection/data/external/aptos2019/colored_images/No_DR/d88c4843aec3.png,0,No_DR
/home/neon-cultivator/us/diabetic-retinopathy-detection/data/external/aptos2019/colored_images/Moderate/d8cdb7d7283a.png,2,Moderate
/home/neon-cultivator/us/diabetic-retinopathy-detection/data/external/aptos2019/colored_images/Moderate/d91273efb92a.png,2,Moderate
/home/neon-cultivator/us/diabetic-retinopathy-detection/data/external/aptos2019/colored_images/No_DR/d93b61dc8f64.png,0,No_DR
/home/neon-cultivator/us/diabetic-retinopathy-detection/data/external/aptos2019/colored_images/Moderate/d952dbfb0fe4.png,2,Moderate
/home/neon-cultivator/us/diabetic-retinopathy-detection/data/external/aptos2019/colored_images/Moderate/d95959798b57.png,2,Moderate
/home/neon-cultivator/us/diabetic-retinopathy-detection/data/external/aptos2019/colored_images/Moderate/d968a983d4d2.png,2,Moderate
/home/neon-cultivator/us/diabetic-retinopathy-detection/data/external/aptos2019/colored_images/No_DR/d97911a32918.png,0,No_DR
/home/neon-cultivator/us/diabetic-retinopathy-detection/data/external/aptos2019/colored_images/Moderate/d990a3f0cbdb.png,2,Moderate
/home/neon-cultivator/us/diabetic-retinopathy-detection/data/external/aptos2019/colored_images/No_DR/d99dd99be001.png,0,No_DR
/home/neon-cultivator/us/diabetic-retinopathy-detection/data/external/aptos2019/colored_images/Moderate/d9a475dfe59a.png,2,Moderate
/home/neon-cultivator/us/diabetic-retinopathy-detection/data/external/aptos2019/colored_images/Moderate/d9bbdc33db83.png,2,Moderate
/home/neon-cultivator/us/diabetic-retinopathy-detection/data/external/aptos2019/colored_images/No_DR/d9c9b9786da3.png,0,No_DR
/home/neon-cultivator/us/diabetic-retinopathy-detection/data/external/aptos2019/colored_images/No_DR/d9d2631f043c.png,0,No_DR
/home/neon-cultivator/us/diabetic-retinopathy-detection/data/external/aptos2019/colored_images/No_DR/d9e58e4d8689.png,0,No_DR
/home/neon-cultivator/us/diabetic-retinopathy-detection/data/external/aptos2019/colored_images/No_DR/da0a83f074f3.png,0,No_DR
/home/neon-cultivator/us/diabetic-retinopathy-detection/data/external/aptos2019/colored_images/Mild/da1fb35f5df9.png,1,Mild
/home/neon-cultivator/us/diabetic-retinopathy-detection/data/external/aptos2019/colored_images/No_DR/da6389d129aa.png,0,No_DR
/home/neon-cultivator/us/diabetic-retinopathy-detection/data/external/aptos2019/colored_images/No_DR/da6bbb76d562.png,0,No_DR
/home/neon-cultivator/us/diabetic-retinopathy-detection/data/external/aptos2019/colored_images/No_DR/da9262d9f5d9.png,0,No_DR
/home/neon-cultivator/us/diabetic-retinopathy-detection/data/external/aptos2019/colored_images/No_DR/da9574d35b82.png,0,No_DR
/home/neon-cultivator/us/diabetic-retinopathy-detection/data/external/aptos2019/colored_images/No_DR/da9fe02dead3.png,0,No_DR
/home/neon-cultivator/us/diabetic-retinopathy-detection/data/external/aptos2019/colored_images/No_DR/daad7b617f21.png,0,No_DR
/home/neon-cultivator/us/diabetic-retinopathy-detection/data/external/aptos2019/colored_images/Proliferate_DR/dad71ba27a9b.png,4,Proliferative_DR
/home/neon-cultivator/us/diabetic-retinopathy-detection/data/external/aptos2019/colored_images/Moderate/daeaa5d8cf70.png,2,Moderate
/home/neon-cultivator/us/diabetic-retinopathy-detection/data/external/aptos2019/colored_images/No_DR/daff5427c9b2.png,0,No_DR
/home/neon-cultivator/us/diabetic-retinopathy-detection/data/external/aptos2019/colored_images/Moderate/db49cdf1ea64.png,2,Moderate
/home/neon-cultivator/us/diabetic-retinopathy-detection/data/external/aptos2019/colored_images/Mild/db4ed1e07aa3.png,1,Mild
/home/neon-cultivator/us/diabetic-retinopathy-detection/data/external/aptos2019/colored_images/No_DR/db52626d450c.png,0,No_DR
/home/neon-cultivator/us/diabetic-retinopathy-detection/data/external/aptos2019/colored_images/Mild/db690e2d02f8.png,1,Mild
/home/neon-cultivator/us/diabetic-retinopathy-detection/data/external/aptos2019/colored_images/Severe/dbb2c63f6f08.png,3,Severe
/home/neon-cultivator/us/diabetic-retinopathy-detection/data/external/aptos2019/colored_images/Moderate/dbee04ae6426.png,2,Moderate
/home/neon-cultivator/us/diabetic-retinopathy-detection/data/external/aptos2019/colored_images/Severe/dbfd238b3468.png,3,Severe
/home/neon-cultivator/us/diabetic-retinopathy-detection/data/external/aptos2019/colored_images/No_DR/dc0eea0b68a7.png,0,No_DR
/home/neon-cultivator/us/diabetic-retinopathy-detection/data/external/aptos2019/colored_images/Moderate/dc6fa1b38b83.png,2,Moderate
/home/neon-cultivator/us/diabetic-retinopathy-detection/data/external/aptos2019/colored_images/No_DR/dcc6c0ad5cad.png,0,No_DR
/home/neon-cultivator/us/diabetic-retinopathy-detection/data/external/aptos2019/colored_images/No_DR/dccdf750c962.png,0,No_DR
/home/neon-cultivator/us/diabetic-retinopathy-detection/data/external/aptos2019/colored_images/No_DR/dd02d60bef14.png,0,No_DR
/home/neon-cultivator/us/diabetic-retinopathy-detection/data/external/aptos2019/colored_images/Mild/dd19428c3d29.png,1,Mild
/home/neon-cultivator/us/diabetic-retinopathy-detection/data/external/aptos2019/colored_images/No_DR/dd285d9e97fe.png,0,No_DR
/home/neon-cultivator/us/diabetic-retinopathy-detection/data/external/aptos2019/colored_images/No_DR/dd3176bacfe2.png,0,No_DR
/home/neon-cultivator/us/diabetic-retinopathy-detection/data/external/aptos2019/colored_images/Severe/dd3dad6ca78f.png,3,Severe
/home/neon-cultivator/us/diabetic-retinopathy-detection/data/external/aptos2019/colored_images/Moderate/dde43aa22ae6.png,2,Moderate
/home/neon-cultivator/us/diabetic-retinopathy-detection/data/external/aptos2019/colored_images/Proliferate_DR/de16416220de.png,4,Proliferative_DR
/home/neon-cultivator/us/diabetic-retinopathy-detection/data/external/aptos2019/colored_images/No_DR/de38adaae009.png,0,No_DR
/home/neon-cultivator/us/diabetic-retinopathy-detection/data/external/aptos2019/colored_images/Moderate/de50dfa745f8.png,2,Moderate
/home/neon-cultivator/us/diabetic-retinopathy-detection/data/external/aptos2019/colored_images/No_DR/de55ed25e0e8.png,0,No_DR
/home/neon-cultivator/us/diabetic-retinopathy-detection/data/external/aptos2019/colored_images/No_DR/de57c9e9fa93.png,0,No_DR
/home/neon-cultivator/us/diabetic-retinopathy-detection/data/external/aptos2019/colored_images/No_DR/de730033c683.png,0,No_DR
/home/neon-cultivator/us/diabetic-retinopathy-detection/data/external/aptos2019/colored_images/No_DR/dea7538bb91a.png,0,No_DR
/home/neon-cultivator/us/diabetic-retinopathy-detection/data/external/aptos2019/colored_images/No_DR/dee1031a76ae.png,0,No_DR
/home/neon-cultivator/us/diabetic-retinopathy-detection/data/external/aptos2019/colored_images/No_DR/dee31065f8fe.png,0,No_DR
/home/neon-cultivator/us/diabetic-retinopathy-detection/data/external/aptos2019/colored_images/Moderate/dee687c6e88a.png,2,Moderate
/home/neon-cultivator/us/diabetic-retinopathy-detection/data/external/aptos2019/colored_images/Moderate/df3adfd6ba36.png,2,Moderate
/home/neon-cultivator/us/diabetic-retinopathy-detection/data/external/aptos2019/colored_images/Moderate/df841a0440d8.png,2,Moderate
/home/neon-cultivator/us/diabetic-retinopathy-detection/data/external/aptos2019/colored_images/No_DR/dfc7ec7db0e0.png,0,No_DR
/home/neon-cultivator/us/diabetic-retinopathy-detection/data/external/aptos2019/colored_images/No_DR/dfea19863428.png,0,No_DR
/home/neon-cultivator/us/diabetic-retinopathy-detection/data/external/aptos2019/colored_images/No_DR/e01b7bac822b.png,0,No_DR
/home/neon-cultivator/us/diabetic-retinopathy-detection/data/external/aptos2019/colored_images/No_DR/e0313be77035.png,0,No_DR
/home/neon-cultivator/us/diabetic-retinopathy-detection/data/external/aptos2019/colored_images/No_DR/e03a74e7d74f.png,0,No_DR
/home/neon-cultivator/us/diabetic-retinopathy-detection/data/external/aptos2019/colored_images/Moderate/e03e70bc8bba.png,2,Moderate
/home/neon-cultivator/us/diabetic-retinopathy-detection/data/external/aptos2019/colored_images/No_DR/e067b06fd655.png,0,No_DR
/home/neon-cultivator/us/diabetic-retinopathy-detection/data/external/aptos2019/colored_images/No_DR/e06cccc08c59.png,0,No_DR
/home/neon-cultivator/us/diabetic-retinopathy-detection/data/external/aptos2019/colored_images/Mild/e07045d7c5f7.png,1,Mild
/home/neon-cultivator/us/diabetic-retinopathy-detection/data/external/aptos2019/colored_images/Moderate/e0863b353093.png,2,Moderate
/home/neon-cultivator/us/diabetic-retinopathy-detection/data/external/aptos2019/colored_images/Severe/e0b5a982a018.png,3,Severe
/home/neon-cultivator/us/diabetic-retinopathy-detection/data/external/aptos2019/colored_images/No_DR/e0d229db881a.png,0,No_DR
/home/neon-cultivator/us/diabetic-retinopathy-detection/data/external/aptos2019/colored_images/Moderate/e10190a9d52f.png,2,Moderate
/home/neon-cultivator/us/diabetic-retinopathy-detection/data/external/aptos2019/colored_images/Moderate/e12b67835e03.png,2,Moderate
/home/neon-cultivator/us/diabetic-retinopathy-detection/data/external/aptos2019/colored_images/No_DR/e12df54e0d1e.png,0,No_DR
/home/neon-cultivator/us/diabetic-retinopathy-detection/data/external/aptos2019/colored_images/No_DR/e12f9f19d1be.png,0,No_DR
/home/neon-cultivator/us/diabetic-retinopathy-detection/data/external/aptos2019/colored_images/Severe/e13412678eff.png,3,Severe
/home/neon-cultivator/us/diabetic-retinopathy-detection/data/external/aptos2019/colored_images/Moderate/e1418d28d668.png,2,Moderate
/home/neon-cultivator/us/diabetic-retinopathy-detection/data/external/aptos2019/colored_images/Moderate/e150935f66a6.png,2,Moderate
/home/neon-cultivator/us/diabetic-retinopathy-detection/data/external/aptos2019/colored_images/Moderate/e16fc934069f.png,2,Moderate
/home/neon-cultivator/us/diabetic-retinopathy-detection/data/external/aptos2019/colored_images/Moderate/e17507a4a1f5.png,2,Moderate
/home/neon-cultivator/us/diabetic-retinopathy-detection/data/external/aptos2019/colored_images/Severe/e1900014dabf.png,3,Severe
/home/neon-cultivator/us/diabetic-retinopathy-detection/data/external/aptos2019/colored_images/Severe/e19936582c61.png,3,Severe
/home/neon-cultivator/us/diabetic-retinopathy-detection/data/external/aptos2019/colored_images/No_DR/e1ab92228e60.png,0,No_DR
/home/neon-cultivator/us/diabetic-retinopathy-detection/data/external/aptos2019/colored_images/No_DR/e1b8acb1cea1.png,0,No_DR
/home/neon-cultivator/us/diabetic-retinopathy-detection/data/external/aptos2019/colored_images/No_DR/e1dc02a3dc2a.png,0,No_DR
/home/neon-cultivator/us/diabetic-retinopathy-detection/data/external/aptos2019/colored_images/Moderate/e1e490773462.png,2,Moderate
/home/neon-cultivator/us/diabetic-retinopathy-detection/data/external/aptos2019/colored_images/Moderate/e2161692a0b4.png,2,Moderate
/home/neon-cultivator/us/diabetic-retinopathy-detection/data/external/aptos2019/colored_images/No_DR/e251bdf05b85.png,0,No_DR
/home/neon-cultivator/us/diabetic-retinopathy-detection/data/external/aptos2019/colored_images/Mild/e25ccfe38e44.png,1,Mild
/home/neon-cultivator/us/diabetic-retinopathy-detection/data/external/aptos2019/colored_images/Moderate/e265c870f9b3.png,2,Moderate
/home/neon-cultivator/us/diabetic-retinopathy-detection/data/external/aptos2019/colored_images/No_DR/e26bcae6c67b.png,0,No_DR
/home/neon-cultivator/us/diabetic-retinopathy-detection/data/external/aptos2019/colored_images/Mild/e26d8718ca58.png,1,Mild
/home/neon-cultivator/us/diabetic-retinopathy-detection/data/external/aptos2019/colored_images/No_DR/e29e54ff921e.png,0,No_DR
/home/neon-cultivator/us/diabetic-retinopathy-detection/data/external/aptos2019/colored_images/Mild/e2a233493b90.png,1,Mild
/home/neon-cultivator/us/diabetic-retinopathy-detection/data/external/aptos2019/colored_images/Moderate/e2a47a74e6e1.png,2,Moderate
/home/neon-cultivator/us/diabetic-retinopathy-detection/data/external/aptos2019/colored_images/No_DR/e2c39ed0c941.png,0,No_DR
/home/neon-cultivator/us/diabetic-retinopathy-detection/data/external/aptos2019/colored_images/No_DR/e2ec22b3d07e.png,0,No_DR
/home/neon-cultivator/us/diabetic-retinopathy-detection/data/external/aptos2019/colored_images/No_DR/e30a890600e1.png,0,No_DR
/home/neon-cultivator/us/diabetic-retinopathy-detection/data/external/aptos2019/colored_images/Moderate/e31c42a8652b.png,2,Moderate
/home/neon-cultivator/us/diabetic-retinopathy-detection/data/external/aptos2019/colored_images/Severe/e32a359be36d.png,3,Severe
/home/neon-cultivator/us/diabetic-retinopathy-detection/data/external/aptos2019/colored_images/Moderate/e34fa07bd64d.png,2,Moderate
/home/neon-cultivator/us/diabetic-retinopathy-detection/data/external/aptos2019/colored_images/Moderate/e387311a840e.png,2,Moderate
/home/neon-cultivator/us/diabetic-retinopathy-detection/data/external/aptos2019/colored_images/Mild/e38f3a65b02b.png,1,Mild
/home/neon-cultivator/us/diabetic-retinopathy-detection/data/external/aptos2019/colored_images/Proliferate_DR/e3ab63dc9a60.png,4,Proliferative_DR
/home/neon-cultivator/us/diabetic-retinopathy-detection/data/external/aptos2019/colored_images/No_DR/e3b47ed5b511.png,0,No_DR
/home/neon-cultivator/us/diabetic-retinopathy-detection/data/external/aptos2019/colored_images/No_DR/e3cd96cb094c.png,0,No_DR
/home/neon-cultivator/us/diabetic-retinopathy-detection/data/external/aptos2019/colored_images/Moderate/e3e490babc0c.png,2,Moderate
/home/neon-cultivator/us/diabetic-retinopathy-detection/data/external/aptos2019/colored_images/Proliferate_DR/e3ec668f6fad.png,4,Proliferative_DR
/home/neon-cultivator/us/diabetic-retinopathy-detection/data/external/aptos2019/colored_images/Severe/e4210e7fe587.png,3,Severe
/home/neon-cultivator/us/diabetic-retinopathy-detection/data/external/aptos2019/colored_images/No_DR/e42d9a94a66d.png,0,No_DR
/home/neon-cultivator/us/diabetic-retinopathy-detection/data/external/aptos2019/colored_images/No_DR/e47770a2e5d1.png,0,No_DR
/home/neon-cultivator/us/diabetic-retinopathy-detection/data/external/aptos2019/colored_images/No_DR/e4ae1ee6aada.png,0,No_DR
/home/neon-cultivator/us/diabetic-retinopathy-detection/data/external/aptos2019/colored_images/No_DR/e4dcca36ceb4.png,0,No_DR
/home/neon-cultivator/us/diabetic-retinopathy-detection/data/external/aptos2019/colored_images/Proliferate_DR/e4f12411fd85.png,4,Proliferative_DR
/home/neon-cultivator/us/diabetic-retinopathy-detection/data/external/aptos2019/colored_images/No_DR/e50b0174690d.png,0,No_DR
/home/neon-cultivator/us/diabetic-retinopathy-detection/data/external/aptos2019/colored_images/No_DR/e5197d77ec68.png,0,No_DR
/home/neon-cultivator/us/diabetic-retinopathy-detection/data/external/aptos2019/colored_images/Moderate/e540d2e35d15.png,2,Moderate
/home/neon-cultivator/us/diabetic-retinopathy-detection/data/external/aptos2019/colored_images/Mild/e55188915f9d.png,1,Mild
/home/neon-cultivator/us/diabetic-retinopathy-detection/data/external/aptos2019/colored_images/Mild/e580676516b0.png,1,Mild
/home/neon-cultivator/us/diabetic-retinopathy-detection/data/external/aptos2019/colored_images/No_DR/e582e56e7942.png,0,No_DR
/home/neon-cultivator/us/diabetic-retinopathy-detection/data/external/aptos2019/colored_images/No_DR/e594c19e2e1d.png,0,No_DR
/home/neon-cultivator/us/diabetic-retinopathy-detection/data/external/aptos2019/colored_images/Moderate/e599151ca14b.png,2,Moderate
/home/neon-cultivator/us/diabetic-retinopathy-detection/data/external/aptos2019/colored_images/No_DR/e59c5f345bb0.png,0,No_DR
/home/neon-cultivator/us/diabetic-retinopathy-detection/data/external/aptos2019/colored_images/No_DR/e5de79795c1d.png,0,No_DR
/home/neon-cultivator/us/diabetic-retinopathy-detection/data/external/aptos2019/colored_images/No_DR/e5f332efcbc7.png,0,No_DR
/home/neon-cultivator/us/diabetic-retinopathy-detection/data/external/aptos2019/colored_images/No_DR/e5f73f2855c0.png,0,No_DR
/home/neon-cultivator/us/diabetic-retinopathy-detection/data/external/aptos2019/colored_images/No_DR/e60e4edb3ca9.png,0,No_DR
/home/neon-cultivator/us/diabetic-retinopathy-detection/data/external/aptos2019/colored_images/Proliferate_DR/e62490b7d0e9.png,4,Proliferative_DR
/home/neon-cultivator/us/diabetic-retinopathy-detection/data/external/aptos2019/colored_images/No_DR/e632e38fd2d4.png,0,No_DR
/home/neon-cultivator/us/diabetic-retinopathy-detection/data/external/aptos2019/colored_images/Moderate/e65a2ff90494.png,2,Moderate
/home/neon-cultivator/us/diabetic-retinopathy-detection/data/external/aptos2019/colored_images/Moderate/e65f94ad9be3.png,2,Moderate
/home/neon-cultivator/us/diabetic-retinopathy-detection/data/external/aptos2019/colored_images/Moderate/e663c6627a95.png,2,Moderate
/home/neon-cultivator/us/diabetic-retinopathy-detection/data/external/aptos2019/colored_images/No_DR/e66855a5c583.png,0,No_DR
/home/neon-cultivator/us/diabetic-retinopathy-detection/data/external/aptos2019/colored_images/No_DR/e66ad813a508.png,0,No_DR
/home/neon-cultivator/us/diabetic-retinopathy-detection/data/external/aptos2019/colored_images/No_DR/e68746d426b2.png,0,No_DR
/home/neon-cultivator/us/diabetic-retinopathy-detection/data/external/aptos2019/colored_images/No_DR/e68bdd36e589.png,0,No_DR
/home/neon-cultivator/us/diabetic-retinopathy-detection/data/external/aptos2019/colored_images/No_DR/e69b48516577.png,0,No_DR
/home/neon-cultivator/us/diabetic-retinopathy-detection/data/external/aptos2019/colored_images/No_DR/e6a5e4718873.png,0,No_DR
/home/neon-cultivator/us/diabetic-retinopathy-detection/data/external/aptos2019/colored_images/No_DR/e7291472109b.png,0,No_DR
/home/neon-cultivator/us/diabetic-retinopathy-detection/data/external/aptos2019/colored_images/Moderate/e756495c11cb.png,2,Moderate
/home/neon-cultivator/us/diabetic-retinopathy-detection/data/external/aptos2019/colored_images/No_DR/e77a93c3d9a9.png,0,No_DR
/home/neon-cultivator/us/diabetic-retinopathy-detection/data/external/aptos2019/colored_images/No_DR/e79e10907295.png,0,No_DR
/home/neon-cultivator/us/diabetic-retinopathy-detection/data/external/aptos2019/colored_images/Moderate/e7a372a1c3a4.png,2,Moderate
/home/neon-cultivator/us/diabetic-retinopathy-detection/data/external/aptos2019/colored_images/No_DR/e7b5dd5bab1f.png,0,No_DR
/home/neon-cultivator/us/diabetic-retinopathy-detection/data/external/aptos2019/colored_images/Proliferate_DR/e7d2c2c3b30f.png,4,Proliferative_DR
/home/neon-cultivator/us/diabetic-retinopathy-detection/data/external/aptos2019/colored_images/Moderate/e7fc93ac5b6d.png,2,Moderate
/home/neon-cultivator/us/diabetic-retinopathy-detection/data/external/aptos2019/colored_images/Moderate/e811f39a1243.png,2,Moderate
/home/neon-cultivator/us/diabetic-retinopathy-detection/data/external/aptos2019/colored_images/No_DR/e81f4a2fbbdc.png,0,No_DR
/home/neon-cultivator/us/diabetic-retinopathy-detection/data/external/aptos2019/colored_images/Proliferate_DR/e821c1b6417a.png,4,Proliferative_DR
/home/neon-cultivator/us/diabetic-retinopathy-detection/data/external/aptos2019/colored_images/No_DR/e82232a3c28b.png,0,No_DR
/home/neon-cultivator/us/diabetic-retinopathy-detection/data/external/aptos2019/colored_images/Moderate/e83d315d8f98.png,2,Moderate
/home/neon-cultivator/us/diabetic-retinopathy-detection/data/external/aptos2019/colored_images/Moderate/e85d410d6836.png,2,Moderate
/home/neon-cultivator/us/diabetic-retinopathy-detection/data/external/aptos2019/colored_images/No_DR/e893e86dde94.png,0,No_DR
/home/neon-cultivator/us/diabetic-retinopathy-detection/data/external/aptos2019/colored_images/Severe/e8d1c6c07cf2.png,3,Severe
/home/neon-cultivator/us/diabetic-retinopathy-detection/data/external/aptos2019/colored_images/No_DR/e8ddfc9709ce.png,0,No_DR
/home/neon-cultivator/us/diabetic-retinopathy-detection/data/external/aptos2019/colored_images/No_DR/e8e44b3160e3.png,0,No_DR
/home/neon-cultivator/us/diabetic-retinopathy-detection/data/external/aptos2019/colored_images/Moderate/e9129ce55fd7.png,2,Moderate
/home/neon-cultivator/us/diabetic-retinopathy-detection/data/external/aptos2019/colored_images/Moderate/e96099b961b4.png,2,Moderate
/home/neon-cultivator/us/diabetic-retinopathy-detection/data/external/aptos2019/colored_images/No_DR/e966850247f4.png,0,No_DR
/home/neon-cultivator/us/diabetic-retinopathy-detection/data/external/aptos2019/colored_images/No_DR/e9678824215d.png,0,No_DR
/home/neon-cultivator/us/diabetic-retinopathy-detection/data/external/aptos2019/colored_images/Proliferate_DR/e9ab8413e771.png,4,Proliferative_DR
/home/neon-cultivator/us/diabetic-retinopathy-detection/data/external/aptos2019/colored_images/No_DR/e9f3c85a2a02.png,0,No_DR
/home/neon-cultivator/us/diabetic-retinopathy-detection/data/external/aptos2019/colored_images/Moderate/e9f82b5bbaf4.png,2,Moderate
/home/neon-cultivator/us/diabetic-retinopathy-detection/data/external/aptos2019/colored_images/No_DR/e9faf0296643.png,0,No_DR
/home/neon-cultivator/us/diabetic-retinopathy-detection/data/external/aptos2019/colored_images/Mild/e9ff9352ccb3.png,1,Mild
/home/neon-cultivator/us/diabetic-retinopathy-detection/data/external/aptos2019/colored_images/Moderate/ea1d045f9fea.png,2,Moderate
/home/neon-cultivator/us/diabetic-retinopathy-detection/data/external/aptos2019/colored_images/Moderate/ea4dcb055139.png,2,Moderate
/home/neon-cultivator/us/diabetic-retinopathy-detection/data/external/aptos2019/colored_images/No_DR/ea5c42a78979.png,0,No_DR
/home/neon-cultivator/us/diabetic-retinopathy-detection/data/external/aptos2019/colored_images/No_DR/ea68b58a6e8f.png,0,No_DR
/home/neon-cultivator/us/diabetic-retinopathy-detection/data/external/aptos2019/colored_images/No_DR/ea6a53e54d0f.png,0,No_DR
/home/neon-cultivator/us/diabetic-retinopathy-detection/data/external/aptos2019/colored_images/No_DR/ea7e21bab610.png,0,No_DR
/home/neon-cultivator/us/diabetic-retinopathy-detection/data/external/aptos2019/colored_images/No_DR/ea9c41e1ced0.png,0,No_DR
/home/neon-cultivator/us/diabetic-retinopathy-detection/data/external/aptos2019/colored_images/Proliferate_DR/eaa0dfbd5024.png,4,Proliferative_DR
/home/neon-cultivator/us/diabetic-retinopathy-detection/data/external/aptos2019/colored_images/No_DR/eabc7c716255.png,0,No_DR
/home/neon-cultivator/us/diabetic-retinopathy-detection/data/external/aptos2019/colored_images/Mild/ead23cc922ed.png,1,Mild
/home/neon-cultivator/us/diabetic-retinopathy-detection/data/external/aptos2019/colored_images/No_DR/eae70f527755.png,0,No_DR
/home/neon-cultivator/us/diabetic-retinopathy-detection/data/external/aptos2019/colored_images/Moderate/eae901557a84.png,2,Moderate
/home/neon-cultivator/us/diabetic-retinopathy-detection/data/external/aptos2019/colored_images/No_DR/eb050765b323.png,0,No_DR
/home/neon-cultivator/us/diabetic-retinopathy-detection/data/external/aptos2019/colored_images/No_DR/eb175669d789.png,0,No_DR
/home/neon-cultivator/us/diabetic-retinopathy-detection/data/external/aptos2019/colored_images/Moderate/eb1ad14dd281.png,2,Moderate
/home/neon-cultivator/us/diabetic-retinopathy-detection/data/external/aptos2019/colored_images/Proliferate_DR/eb1d37b71fd1.png,4,Proliferative_DR
/home/neon-cultivator/us/diabetic-retinopathy-detection/data/external/aptos2019/colored_images/Moderate/eb32a815f78c.png,2,Moderate
/home/neon-cultivator/us/diabetic-retinopathy-detection/data/external/aptos2019/colored_images/No_DR/ebd96d853918.png,0,No_DR
/home/neon-cultivator/us/diabetic-retinopathy-detection/data/external/aptos2019/colored_images/Proliferate_DR/ebe0175e530c.png,4,Proliferative_DR
/home/neon-cultivator/us/diabetic-retinopathy-detection/data/external/aptos2019/colored_images/No_DR/ec01f0862669.png,0,No_DR
/home/neon-cultivator/us/diabetic-retinopathy-detection/data/external/aptos2019/colored_images/No_DR/ec0c9f817b03.png,0,No_DR
/home/neon-cultivator/us/diabetic-retinopathy-detection/data/external/aptos2019/colored_images/No_DR/ec363f48867b.png,0,No_DR
/home/neon-cultivator/us/diabetic-retinopathy-detection/data/external/aptos2019/colored_images/Mild/ec4649213ccf.png,1,Mild
/home/neon-cultivator/us/diabetic-retinopathy-detection/data/external/aptos2019/colored_images/No_DR/ec6659926105.png,0,No_DR
/home/neon-cultivator/us/diabetic-retinopathy-detection/data/external/aptos2019/colored_images/No_DR/ecad6845f630.png,0,No_DR
/home/neon-cultivator/us/diabetic-retinopathy-detection/data/external/aptos2019/colored_images/Moderate/ed2c06fcc573.png,2,Moderate
/home/neon-cultivator/us/diabetic-retinopathy-detection/data/external/aptos2019/colored_images/No_DR/ed2c52c14493.png,0,No_DR
/home/neon-cultivator/us/diabetic-retinopathy-detection/data/external/aptos2019/colored_images/No_DR/ed2ef440d22c.png,0,No_DR
/home/neon-cultivator/us/diabetic-retinopathy-detection/data/external/aptos2019/colored_images/No_DR/ed3ce1674761.png,0,No_DR
/home/neon-cultivator/us/diabetic-retinopathy-detection/data/external/aptos2019/colored_images/No_DR/ed648b9bcd95.png,0,No_DR
/home/neon-cultivator/us/diabetic-retinopathy-detection/data/external/aptos2019/colored_images/Severe/ed6704e3b72e.png,3,Severe
/home/neon-cultivator/us/diabetic-retinopathy-detection/data/external/aptos2019/colored_images/No_DR/ed6bd9293a89.png,0,No_DR
/home/neon-cultivator/us/diabetic-retinopathy-detection/data/external/aptos2019/colored_images/No_DR/eda29a9d78f3.png,0,No_DR
/home/neon-cultivator/us/diabetic-retinopathy-detection/data/external/aptos2019/colored_images/Moderate/ee059945b08a.png,2,Moderate
/home/neon-cultivator/us/diabetic-retinopathy-detection/data/external/aptos2019/colored_images/Proliferate_DR/ee1ec90b980f.png,4,Proliferative_DR
/home/neon-cultivator/us/diabetic-retinopathy-detection/data/external/aptos2019/colored_images/Moderate/ee6e39319b39.png,2,Moderate
/home/neon-cultivator/us/diabetic-retinopathy-detection/data/external/aptos2019/colored_images/Moderate/ee74c3b177e0.png,2,Moderate
/home/neon-cultivator/us/diabetic-retinopathy-detection/data/external/aptos2019/colored_images/Mild/ee78ce914066.png,1,Mild
/home/neon-cultivator/us/diabetic-retinopathy-detection/data/external/aptos2019/colored_images/Mild/eeb231c3ef1f.png,1,Mild
/home/neon-cultivator/us/diabetic-retinopathy-detection/data/external/aptos2019/colored_images/Mild/eed4afc8ec83.png,1,Mild
/home/neon-cultivator/us/diabetic-retinopathy-detection/data/external/aptos2019/colored_images/No_DR/eedae6b28f96.png,0,No_DR
/home/neon-cultivator/us/diabetic-retinopathy-detection/data/external/aptos2019/colored_images/Proliferate_DR/ef26625121b3.png,4,Proliferative_DR
/home/neon-cultivator/us/diabetic-retinopathy-detection/data/external/aptos2019/colored_images/No_DR/ef4121e9bb67.png,0,No_DR
/home/neon-cultivator/us/diabetic-retinopathy-detection/data/external/aptos2019/colored_images/No_DR/ef48780f5d5f.png,0,No_DR
/home/neon-cultivator/us/diabetic-retinopathy-detection/data/external/aptos2019/colored_images/No_DR/ef5155990874.png,0,No_DR
/home/neon-cultivator/us/diabetic-retinopathy-detection/data/external/aptos2019/colored_images/Moderate/ef7a4ed8d5d1.png,2,Moderate
/home/neon-cultivator/us/diabetic-retinopathy-detection/data/external/aptos2019/colored_images/Mild/ef8109305128.png,1,Mild
/home/neon-cultivator/us/diabetic-retinopathy-detection/data/external/aptos2019/colored_images/No_DR/ef81cd8854cb.png,0,No_DR
/home/neon-cultivator/us/diabetic-retinopathy-detection/data/external/aptos2019/colored_images/No_DR/ef99c499d665.png,0,No_DR
/home/neon-cultivator/us/diabetic-retinopathy-detection/data/external/aptos2019/colored_images/Moderate/efff2f1a35f5.png,2,Moderate
/home/neon-cultivator/us/diabetic-retinopathy-detection/data/external/aptos2019/colored_images/No_DR/f002ce614c59.png,0,No_DR
/home/neon-cultivator/us/diabetic-retinopathy-detection/data/external/aptos2019/colored_images/Proliferate_DR/f0098e9d4aee.png,4,Proliferative_DR
/home/neon-cultivator/us/diabetic-retinopathy-detection/data/external/aptos2019/colored_images/No_DR/f02057c41256.png,0,No_DR
/home/neon-cultivator/us/diabetic-retinopathy-detection/data/external/aptos2019/colored_images/Proliferate_DR/f025f33b2c9b.png,4,Proliferative_DR
/home/neon-cultivator/us/diabetic-retinopathy-detection/data/external/aptos2019/colored_images/No_DR/f02babb3a023.png,0,No_DR
/home/neon-cultivator/us/diabetic-retinopathy-detection/data/external/aptos2019/colored_images/No_DR/f06e7a9df795.png,0,No_DR
/home/neon-cultivator/us/diabetic-retinopathy-detection/data/external/aptos2019/colored_images/Moderate/f0800723bc63.png,2,Moderate
/home/neon-cultivator/us/diabetic-retinopathy-detection/data/external/aptos2019/colored_images/Severe/f080a22008be.png,3,Severe
/home/neon-cultivator/us/diabetic-retinopathy-detection/data/external/aptos2019/colored_images/No_DR/f0860c21533b.png,0,No_DR
/home/neon-cultivator/us/diabetic-retinopathy-detection/data/external/aptos2019/colored_images/Severe/f092febbf5c0.png,3,Severe
/home/neon-cultivator/us/diabetic-retinopathy-detection/data/external/aptos2019/colored_images/Moderate/f0c0f7b5e820.png,2,Moderate
/home/neon-cultivator/us/diabetic-retinopathy-detection/data/external/aptos2019/colored_images/Mild/f0c13be90519.png,1,Mild
/home/neon-cultivator/us/diabetic-retinopathy-detection/data/external/aptos2019/colored_images/Moderate/f18abfa690ab.png,2,Moderate
/home/neon-cultivator/us/diabetic-retinopathy-detection/data/external/aptos2019/colored_images/No_DR/f1979147aad4.png,0,No_DR
/home/neon-cultivator/us/diabetic-retinopathy-detection/data/external/aptos2019/colored_images/Moderate/f1a761c68559.png,2,Moderate
/home/neon-cultivator/us/diabetic-retinopathy-detection/data/external/aptos2019/colored_images/No_DR/f1d719c97838.png,0,No_DR
/home/neon-cultivator/us/diabetic-retinopathy-detection/data/external/aptos2019/colored_images/Proliferate_DR/f1dc26c4bfa3.png,4,Proliferative_DR
/home/neon-cultivator/us/diabetic-retinopathy-detection/data/external/aptos2019/colored_images/No_DR/f233638e0e90.png,0,No_DR
/home/neon-cultivator/us/diabetic-retinopathy-detection/data/external/aptos2019/colored_images/No_DR/f252046c0fe6.png,0,No_DR
/home/neon-cultivator/us/diabetic-retinopathy-detection/data/external/aptos2019/colored_images/No_DR/f298b7d05958.png,0,No_DR
/home/neon-cultivator/us/diabetic-retinopathy-detection/data/external/aptos2019/colored_images/No_DR/f2c0b41acd05.png,0,No_DR
/home/neon-cultivator/us/diabetic-retinopathy-detection/data/external/aptos2019/colored_images/Moderate/f2ee81781411.png,2,Moderate
/home/neon-cultivator/us/diabetic-retinopathy-detection/data/external/aptos2019/colored_images/No_DR/f35d80bb1a22.png,0,No_DR
/home/neon-cultivator/us/diabetic-retinopathy-detection/data/external/aptos2019/colored_images/No_DR/f361060eda3e.png,0,No_DR
/home/neon-cultivator/us/diabetic-retinopathy-detection/data/external/aptos2019/colored_images/No_DR/f36cb007a1ef.png,0,No_DR
/home/neon-cultivator/us/diabetic-retinopathy-detection/data/external/aptos2019/colored_images/Moderate/f3a268d2726d.png,2,Moderate
/home/neon-cultivator/us/diabetic-retinopathy-detection/data/external/aptos2019/colored_images/No_DR/f3a4751af42e.png,0,No_DR
/home/neon-cultivator/us/diabetic-retinopathy-detection/data/external/aptos2019/colored_images/Moderate/f3a88d3026dc.png,2,Moderate
/home/neon-cultivator/us/diabetic-retinopathy-detection/data/external/aptos2019/colored_images/No_DR/f3b27ac2d371.png,0,No_DR
/home/neon-cultivator/us/diabetic-retinopathy-detection/data/external/aptos2019/colored_images/Moderate/f3b6b7ca1eb1.png,2,Moderate
/home/neon-cultivator/us/diabetic-retinopathy-detection/data/external/aptos2019/colored_images/No_DR/f3bb996b45ce.png,0,No_DR
/home/neon-cultivator/us/diabetic-retinopathy-detection/data/external/aptos2019/colored_images/Moderate/f45f1485c940.png,2,Moderate
/home/neon-cultivator/us/diabetic-retinopathy-detection/data/external/aptos2019/colored_images/Moderate/f460608cf4cc.png,2,Moderate
/home/neon-cultivator/us/diabetic-retinopathy-detection/data/external/aptos2019/colored_images/Mild/f481f76a6b75.png,1,Mild
/home/neon-cultivator/us/diabetic-retinopathy-detection/data/external/aptos2019/colored_images/No_DR/f4d3169b468a.png,0,No_DR
/home/neon-cultivator/us/diabetic-retinopathy-detection/data/external/aptos2019/colored_images/No_DR/f4de9620e3f2.png,0,No_DR
/home/neon-cultivator/us/diabetic-retinopathy-detection/data/external/aptos2019/colored_images/No_DR/f4e68b61f480.png,0,No_DR
/home/neon-cultivator/us/diabetic-retinopathy-detection/data/external/aptos2019/colored_images/No_DR/f4ea2a2cfbb9.png,0,No_DR
/home/neon-cultivator/us/diabetic-retinopathy-detection/data/external/aptos2019/colored_images/No_DR/f531232ecb55.png,0,No_DR
/home/neon-cultivator/us/diabetic-retinopathy-detection/data/external/aptos2019/colored_images/Mild/f55e1d2a19e4.png,1,Mild
/home/neon-cultivator/us/diabetic-retinopathy-detection/data/external/aptos2019/colored_images/Mild/f5650eb52640.png,1,Mild
/home/neon-cultivator/us/diabetic-retinopathy-detection/data/external/aptos2019/colored_images/No_DR/f56ff0440ed1.png,0,No_DR
/home/neon-cultivator/us/diabetic-retinopathy-detection/data/external/aptos2019/colored_images/No_DR/f5733f77273d.png,0,No_DR
/home/neon-cultivator/us/diabetic-retinopathy-detection/data/external/aptos2019/colored_images/Severe/f576e45d1da2.png,3,Severe
/home/neon-cultivator/us/diabetic-retinopathy-detection/data/external/aptos2019/colored_images/No_DR/f580566e27f5.png,0,No_DR
/home/neon-cultivator/us/diabetic-retinopathy-detection/data/external/aptos2019/colored_images/Moderate/f583a722434c.png,2,Moderate
/home/neon-cultivator/us/diabetic-retinopathy-detection/data/external/aptos2019/colored_images/Proliferate_DR/f58d37d48e42.png,4,Proliferative_DR
/home/neon-cultivator/us/diabetic-retinopathy-detection/data/external/aptos2019/colored_images/No_DR/f58f0b2fd718.png,0,No_DR
/home/neon-cultivator/us/diabetic-retinopathy-detection/data/external/aptos2019/colored_images/Severe/f5a8c6426a71.png,3,Severe
/home/neon-cultivator/us/diabetic-retinopathy-detection/data/external/aptos2019/colored_images/Proliferate_DR/f5e6226bd2e0.png,4,Proliferative_DR
/home/neon-cultivator/us/diabetic-retinopathy-detection/data/external/aptos2019/colored_images/No_DR/f633c474e8b8.png,0,No_DR
/home/neon-cultivator/us/diabetic-retinopathy-detection/data/external/aptos2019/colored_images/Severe/f64214bed40e.png,3,Severe
/home/neon-cultivator/us/diabetic-retinopathy-detection/data/external/aptos2019/colored_images/No_DR/f64b6e85f1c9.png,0,No_DR
/home/neon-cultivator/us/diabetic-retinopathy-detection/data/external/aptos2019/colored_images/No_DR/f66c4ee86629.png,0,No_DR
/home/neon-cultivator/us/diabetic-retinopathy-detection/data/external/aptos2019/colored_images/Moderate/f69400b316a7.png,2,Moderate
/home/neon-cultivator/us/diabetic-retinopathy-detection/data/external/aptos2019/colored_images/Proliferate_DR/f69835dc7c50.png,4,Proliferative_DR
/home/neon-cultivator/us/diabetic-retinopathy-detection/data/external/aptos2019/colored_images/No_DR/f6d760566a51.png,0,No_DR
/home/neon-cultivator/us/diabetic-retinopathy-detection/data/external/aptos2019/colored_images/Severe/f6f433f3306f.png,3,Severe
/home/neon-cultivator/us/diabetic-retinopathy-detection/data/external/aptos2019/colored_images/Mild/f6f7dba7104d.png,1,Mild
/home/neon-cultivator/us/diabetic-retinopathy-detection/data/external/aptos2019/colored_images/No_DR/f7116e7b2f4e.png,0,No_DR
/home/neon-cultivator/us/diabetic-retinopathy-detection/data/external/aptos2019/colored_images/No_DR/f71333204618.png,0,No_DR
/home/neon-cultivator/us/diabetic-retinopathy-detection/data/external/aptos2019/colored_images/Proliferate_DR/f72adcac5638.png,4,Proliferative_DR
/home/neon-cultivator/us/diabetic-retinopathy-detection/data/external/aptos2019/colored_images/Mild/f72ef9ceeaa8.png,1,Mild
/home/neon-cultivator/us/diabetic-retinopathy-detection/data/external/aptos2019/colored_images/No_DR/f7508f14dd7b.png,0,No_DR
/home/neon-cultivator/us/diabetic-retinopathy-detection/data/external/aptos2019/colored_images/No_DR/f7735b6d47f7.png,0,No_DR
/home/neon-cultivator/us/diabetic-retinopathy-detection/data/external/aptos2019/colored_images/No_DR/f7defe70afc3.png,0,No_DR
/home/neon-cultivator/us/diabetic-retinopathy-detection/data/external/aptos2019/colored_images/No_DR/f7e9fa75c7c1.png,0,No_DR
/home/neon-cultivator/us/diabetic-retinopathy-detection/data/external/aptos2019/colored_images/Mild/f7fec8935126.png,1,Mild
/home/neon-cultivator/us/diabetic-retinopathy-detection/data/external/aptos2019/colored_images/Moderate/f80118bbda18.png,2,Moderate
/home/neon-cultivator/us/diabetic-retinopathy-detection/data/external/aptos2019/colored_images/No_DR/f819c65b803c.png,0,No_DR
/home/neon-cultivator/us/diabetic-retinopathy-detection/data/external/aptos2019/colored_images/Proliferate_DR/f850cb51fdba.png,4,Proliferative_DR
/home/neon-cultivator/us/diabetic-retinopathy-detection/data/external/aptos2019/colored_images/No_DR/f85c78201a50.png,0,No_DR
/home/neon-cultivator/us/diabetic-retinopathy-detection/data/external/aptos2019/colored_images/No_DR/f85fd4fac887.png,0,No_DR
/home/neon-cultivator/us/diabetic-retinopathy-detection/data/external/aptos2019/colored_images/No_DR/f86d1c404acb.png,0,No_DR
/home/neon-cultivator/us/diabetic-retinopathy-detection/data/external/aptos2019/colored_images/Proliferate_DR/f8cf7ed8ef00.png,4,Proliferative_DR
/home/neon-cultivator/us/diabetic-retinopathy-detection/data/external/aptos2019/colored_images/No_DR/f8d62557ad0c.png,0,No_DR
/home/neon-cultivator/us/diabetic-retinopathy-detection/data/external/aptos2019/colored_images/No_DR/f8f5942b690e.png,0,No_DR
/home/neon-cultivator/us/diabetic-retinopathy-detection/data/external/aptos2019/colored_images/Moderate/f8fc411092c7.png,2,Moderate
/home/neon-cultivator/us/diabetic-retinopathy-detection/data/external/aptos2019/colored_images/Severe/f901d460517c.png,3,Severe
/home/neon-cultivator/us/diabetic-retinopathy-detection/data/external/aptos2019/colored_images/No_DR/f90f8931a9bc.png,0,No_DR
/home/neon-cultivator/us/diabetic-retinopathy-detection/data/external/aptos2019/colored_images/Severe/f9156aeffc5e.png,3,Severe
/home/neon-cultivator/us/diabetic-retinopathy-detection/data/external/aptos2019/colored_images/No_DR/f91cfa82b9d4.png,0,No_DR
/home/neon-cultivator/us/diabetic-retinopathy-detection/data/external/aptos2019/colored_images/No_DR/f994a3b07935.png,0,No_DR
/home/neon-cultivator/us/diabetic-retinopathy-detection/data/external/aptos2019/colored_images/Moderate/f999c6921e6d.png,2,Moderate
/home/neon-cultivator/us/diabetic-retinopathy-detection/data/external/aptos2019/colored_images/No_DR/f9d52509c571.png,0,No_DR
/home/neon-cultivator/us/diabetic-retinopathy-detection/data/external/aptos2019/colored_images/Moderate/f9e779a13204.png,2,Moderate
/home/neon-cultivator/us/diabetic-retinopathy-detection/data/external/aptos2019/colored_images/No_DR/fa0c87bd75ce.png,0,No_DR
/home/neon-cultivator/us/diabetic-retinopathy-detection/data/external/aptos2019/colored_images/Moderate/fa3e544a7401.png,2,Moderate
/home/neon-cultivator/us/diabetic-retinopathy-detection/data/external/aptos2019/colored_images/No_DR/fa573163dd8b.png,0,No_DR
/home/neon-cultivator/us/diabetic-retinopathy-detection/data/external/aptos2019/colored_images/Proliferate_DR/fa59221cf464.png,4,Proliferative_DR
/home/neon-cultivator/us/diabetic-retinopathy-detection/data/external/aptos2019/colored_images/No_DR/fa6f3d8bb1d5.png,0,No_DR
/home/neon-cultivator/us/diabetic-retinopathy-detection/data/external/aptos2019/colored_images/Moderate/fa748b57262b.png,2,Moderate
/home/neon-cultivator/us/diabetic-retinopathy-detection/data/external/aptos2019/colored_images/No_DR/fa9bece586fc.png,0,No_DR
/home/neon-cultivator/us/diabetic-retinopathy-detection/data/external/aptos2019/colored_images/No_DR/fa9f1bc03f21.png,0,No_DR
/home/neon-cultivator/us/diabetic-retinopathy-detection/data/external/aptos2019/colored_images/No_DR/fb1b8771c70a.png,0,No_DR
/home/neon-cultivator/us/diabetic-retinopathy-detection/data/external/aptos2019/colored_images/Severe/fb61230b99dd.png,3,Severe
/home/neon-cultivator/us/diabetic-retinopathy-detection/data/external/aptos2019/colored_images/Proliferate_DR/fb696a8e055a.png,4,Proliferative_DR
/home/neon-cultivator/us/diabetic-retinopathy-detection/data/external/aptos2019/colored_images/Mild/fb6b8200b7f8.png,1,Mild
/home/neon-cultivator/us/diabetic-retinopathy-detection/data/external/aptos2019/colored_images/No_DR/fb767cea406c.png,0,No_DR
/home/neon-cultivator/us/diabetic-retinopathy-detection/data/external/aptos2019/colored_images/No_DR/fb88d23fc5fe.png,0,No_DR
/home/neon-cultivator/us/diabetic-retinopathy-detection/data/external/aptos2019/colored_images/Moderate/fba493e17448.png,2,Moderate
/home/neon-cultivator/us/diabetic-retinopathy-detection/data/external/aptos2019/colored_images/No_DR/fbdc796290d4.png,0,No_DR
/home/neon-cultivator/us/diabetic-retinopathy-detection/data/external/aptos2019/colored_images/Moderate/fc1b1841eadf.png,2,Moderate
/home/neon-cultivator/us/diabetic-retinopathy-detection/data/external/aptos2019/colored_images/Moderate/fc4d69128e7c.png,2,Moderate
/home/neon-cultivator/us/diabetic-retinopathy-detection/data/external/aptos2019/colored_images/No_DR/fc782722a50c.png,0,No_DR
/home/neon-cultivator/us/diabetic-retinopathy-detection/data/external/aptos2019/colored_images/No_DR/fca1a8738b8a.png,0,No_DR
/home/neon-cultivator/us/diabetic-retinopathy-detection/data/external/aptos2019/colored_images/Mild/fca931da5c5e.png,1,Mild
/home/neon-cultivator/us/diabetic-retinopathy-detection/data/external/aptos2019/colored_images/No_DR/fcc32dffd24d.png,0,No_DR
/home/neon-cultivator/us/diabetic-retinopathy-detection/data/external/aptos2019/colored_images/Moderate/fcc55ae641ae.png,2,Moderate
/home/neon-cultivator/us/diabetic-retinopathy-detection/data/external/aptos2019/colored_images/No_DR/fce73678f650.png,0,No_DR
/home/neon-cultivator/us/diabetic-retinopathy-detection/data/external/aptos2019/colored_images/Proliferate_DR/fce93caa4758.png,4,Proliferative_DR
/home/neon-cultivator/us/diabetic-retinopathy-detection/data/external/aptos2019/colored_images/No_DR/fd079d2e93a2.png,0,No_DR
/home/neon-cultivator/us/diabetic-retinopathy-detection/data/external/aptos2019/colored_images/No_DR/fd0a70082e7c.png,0,No_DR
/home/neon-cultivator/us/diabetic-retinopathy-detection/data/external/aptos2019/colored_images/Moderate/fd48cf452e9d.png,2,Moderate
/home/neon-cultivator/us/diabetic-retinopathy-detection/data/external/aptos2019/colored_images/No_DR/fd4c946c52bf.png,0,No_DR
/home/neon-cultivator/us/diabetic-retinopathy-detection/data/external/aptos2019/colored_images/Mild/fd62bd0db4f1.png,1,Mild
/home/neon-cultivator/us/diabetic-retinopathy-detection/data/external/aptos2019/colored_images/Mild/fdd18ccbbdc5.png,1,Mild
/home/neon-cultivator/us/diabetic-retinopathy-detection/data/external/aptos2019/colored_images/Proliferate_DR/fdd534271f3d.png,4,Proliferative_DR
/home/neon-cultivator/us/diabetic-retinopathy-detection/data/external/aptos2019/colored_images/Mild/fe2df69676cf.png,1,Mild
/home/neon-cultivator/us/diabetic-retinopathy-detection/data/external/aptos2019/colored_images/Moderate/fe37f4492920.png,2,Moderate
/home/neon-cultivator/us/diabetic-retinopathy-detection/data/external/aptos2019/colored_images/No_DR/fe3b0e50be78.png,0,No_DR
/home/neon-cultivator/us/diabetic-retinopathy-detection/data/external/aptos2019/colored_images/Mild/fe674c2f73f5.png,1,Mild
/home/neon-cultivator/us/diabetic-retinopathy-detection/data/external/aptos2019/colored_images/No_DR/febfb20dc311.png,0,No_DR
/home/neon-cultivator/us/diabetic-retinopathy-detection/data/external/aptos2019/colored_images/No_DR/fed5bb685832.png,0,No_DR
/home/neon-cultivator/us/diabetic-retinopathy-detection/data/external/aptos2019/colored_images/No_DR/fefded6bf135.png,0,No_DR
/home/neon-cultivator/us/diabetic-retinopathy-detection/data/external/aptos2019/colored_images/No_DR/ff1e940105f9.png,0,No_DR
/home/neon-cultivator/us/diabetic-retinopathy-detection/data/external/aptos2019/colored_images/No_DR/ff4955e76894.png,0,No_DR
/home/neon-cultivator/us/diabetic-retinopathy-detection/data/external/aptos2019/colored_images/No_DR/ff4cd992667b.png,0,No_DR
/home/neon-cultivator/us/diabetic-retinopathy-detection/data/external/aptos2019/colored_images/No_DR/ff59d44a70a7.png,0,No_DR
/home/neon-cultivator/us/diabetic-retinopathy-detection/data/external/aptos2019/colored_images/No_DR/ff631653374e.png,0,No_DR
/home/neon-cultivator/us/diabetic-retinopathy-detection/data/external/aptos2019/colored_images/Moderate/ff77e8e5b5f3.png,2,Moderate
/home/neon-cultivator/us/diabetic-retinopathy-detection/data/external/aptos2019/colored_images/Proliferate_DR/ff8a0b45c789.png,4,Proliferative_DR
/home/neon-cultivator/us/diabetic-retinopathy-detection/data/external/aptos2019/colored_images/Moderate/ffcf7b45f213.png,2,Moderate
/home/neon-cultivator/us/diabetic-retinopathy-detection/data/external/aptos2019/colored_images/No_DR/ffd97f8cd5aa.png,0,No_DR
/home/neon-cultivator/us/diabetic-retinopathy-detection/data/external/aptos2019/colored_images/Moderate/ffec9a18a3ce.png,2,Moderate
