image_path,label,label_name
/home/neon-cultivator/us/diabetic-retinopathy-detection/data/raw/Severe DR/Severe DR_139.png,3,Severe
/home/neon-cultivator/us/diabetic-retinopathy-detection/data/raw/Mild DR/Mild_DR_212.png,1,Mild
/home/neon-cultivator/us/diabetic-retinopathy-detection/data/raw/Severe DR/Severe DR_83.png,3,Severe
/home/neon-cultivator/us/diabetic-retinopathy-detection/data/raw/Severe DR/Severe DR_155.png,3,Severe
/home/neon-cultivator/us/diabetic-retinopathy-detection/data/raw/Healthy/Healthy_267.png,0,No_DR
/home/neon-cultivator/us/diabetic-retinopathy-detection/data/raw/Proliferate DR/Proliferate DR_248.png,4,Proliferative_DR
/home/neon-cultivator/us/diabetic-retinopathy-detection/data/raw/Healthy/Healthy_603.png,0,No_DR
/home/neon-cultivator/us/diabetic-retinopathy-detection/data/raw/Proliferate DR/Proliferate DR_197.png,4,Proliferative_DR
/home/neon-cultivator/us/diabetic-retinopathy-detection/data/raw/Moderate DR/Moderate_DR_395.png,2,Moderate
/home/neon-cultivator/us/diabetic-retinopathy-detection/data/raw/Moderate DR/Moderate_DR_366.png,2,Moderate
/home/neon-cultivator/us/diabetic-retinopathy-detection/data/raw/Mild DR/Mild_DR_267.png,1,Mild
/home/neon-cultivator/us/diabetic-retinopathy-detection/data/raw/Proliferate DR/Proliferate DR_71.png,4,Proliferative_DR
/home/neon-cultivator/us/diabetic-retinopathy-detection/data/raw/Moderate DR/Moderate_DR_379.png,2,Moderate
/home/neon-cultivator/us/diabetic-retinopathy-detection/data/raw/Healthy/Healthy_950.png,0,No_DR
/home/neon-cultivator/us/diabetic-retinopathy-detection/data/raw/Healthy/Healthy_18.png,0,No_DR
/home/neon-cultivator/us/diabetic-retinopathy-detection/data/raw/Proliferate DR/Proliferate DR_153.png,4,Proliferative_DR
/home/neon-cultivator/us/diabetic-retinopathy-detection/data/raw/Mild DR/Mild_DR_197.png,1,Mild
/home/neon-cultivator/us/diabetic-retinopathy-detection/data/raw/Healthy/Healthy_874.png,0,No_DR
/home/neon-cultivator/us/diabetic-retinopathy-detection/data/raw/Moderate DR/Moderate_DR_140.png,2,Moderate
/home/neon-cultivator/us/diabetic-retinopathy-detection/data/raw/Healthy/Healthy_811.png,0,No_DR
/home/neon-cultivator/us/diabetic-retinopathy-detection/data/raw/Moderate DR/Moderate_DR_666.png,2,Moderate
/home/neon-cultivator/us/diabetic-retinopathy-detection/data/raw/Mild DR/Mild_DR_21.png,1,Mild
/home/neon-cultivator/us/diabetic-retinopathy-detection/data/raw/Moderate DR/Moderate_DR_195.png,2,Moderate
/home/neon-cultivator/us/diabetic-retinopathy-detection/data/raw/Moderate DR/Moderate_DR_668.png,2,Moderate
/home/neon-cultivator/us/diabetic-retinopathy-detection/data/raw/Moderate DR/Moderate_DR_506.png,2,Moderate
/home/neon-cultivator/us/diabetic-retinopathy-detection/data/raw/Mild DR/Mild_DR_50.png,1,Mild
/home/neon-cultivator/us/diabetic-retinopathy-detection/data/raw/Proliferate DR/Proliferate DR_271.png,4,Proliferative_DR
/home/neon-cultivator/us/diabetic-retinopathy-detection/data/raw/Healthy/Healthy_243.png,0,No_DR
/home/neon-cultivator/us/diabetic-retinopathy-detection/data/raw/Healthy/Healthy_965.png,0,No_DR
/home/neon-cultivator/us/diabetic-retinopathy-detection/data/raw/Healthy/Healthy_857.png,0,No_DR
/home/neon-cultivator/us/diabetic-retinopathy-detection/data/raw/Healthy/Healthy_838.png,0,No_DR
/home/neon-cultivator/us/diabetic-retinopathy-detection/data/raw/Healthy/Healthy_509.png,0,No_DR
/home/neon-cultivator/us/diabetic-retinopathy-detection/data/raw/Mild DR/Mild_DR_285.png,1,Mild
/home/neon-cultivator/us/diabetic-retinopathy-detection/data/raw/Healthy/Healthy_741.png,0,No_DR
/home/neon-cultivator/us/diabetic-retinopathy-detection/data/raw/Mild DR/Mild_DR_203.png,1,Mild
/home/neon-cultivator/us/diabetic-retinopathy-detection/data/raw/Healthy/Healthy_948.png,0,No_DR
/home/neon-cultivator/us/diabetic-retinopathy-detection/data/raw/Severe DR/Severe DR_16.png,3,Severe
/home/neon-cultivator/us/diabetic-retinopathy-detection/data/raw/Healthy/Healthy_831.png,0,No_DR
/home/neon-cultivator/us/diabetic-retinopathy-detection/data/raw/Healthy/Healthy_761.png,0,No_DR
/home/neon-cultivator/us/diabetic-retinopathy-detection/data/raw/Healthy/Healthy_523.png,0,No_DR
/home/neon-cultivator/us/diabetic-retinopathy-detection/data/raw/Healthy/Healthy_379.png,0,No_DR
/home/neon-cultivator/us/diabetic-retinopathy-detection/data/raw/Healthy/Healthy_856.png,0,No_DR
/home/neon-cultivator/us/diabetic-retinopathy-detection/data/raw/Mild DR/Mild_DR_46.png,1,Mild
/home/neon-cultivator/us/diabetic-retinopathy-detection/data/raw/Mild DR/Mild_DR_230.png,1,Mild
/home/neon-cultivator/us/diabetic-retinopathy-detection/data/raw/Healthy/Healthy_900.png,0,No_DR
/home/neon-cultivator/us/diabetic-retinopathy-detection/data/raw/Severe DR/Severe DR_112.png,3,Severe
/home/neon-cultivator/us/diabetic-retinopathy-detection/data/raw/Healthy/Healthy_195.png,0,No_DR
/home/neon-cultivator/us/diabetic-retinopathy-detection/data/raw/Moderate DR/Moderate_DR_575.png,2,Moderate
/home/neon-cultivator/us/diabetic-retinopathy-detection/data/raw/Healthy/Healthy_914.png,0,No_DR
/home/neon-cultivator/us/diabetic-retinopathy-detection/data/raw/Healthy/Healthy_767.png,0,No_DR
/home/neon-cultivator/us/diabetic-retinopathy-detection/data/raw/Healthy/Healthy_459.png,0,No_DR
/home/neon-cultivator/us/diabetic-retinopathy-detection/data/raw/Proliferate DR/Proliferate DR_96.png,4,Proliferative_DR
/home/neon-cultivator/us/diabetic-retinopathy-detection/data/raw/Healthy/Healthy_971.png,0,No_DR
/home/neon-cultivator/us/diabetic-retinopathy-detection/data/raw/Proliferate DR/Proliferate DR_181.png,4,Proliferative_DR
/home/neon-cultivator/us/diabetic-retinopathy-detection/data/raw/Proliferate DR/Proliferate DR_235.png,4,Proliferative_DR
/home/neon-cultivator/us/diabetic-retinopathy-detection/data/raw/Moderate DR/Moderate_DR_882.png,2,Moderate
/home/neon-cultivator/us/diabetic-retinopathy-detection/data/raw/Healthy/Healthy_788.png,0,No_DR
/home/neon-cultivator/us/diabetic-retinopathy-detection/data/raw/Moderate DR/Moderate_DR_153.png,2,Moderate
/home/neon-cultivator/us/diabetic-retinopathy-detection/data/raw/Mild DR/Mild_DR_2.png,1,Mild
/home/neon-cultivator/us/diabetic-retinopathy-detection/data/raw/Healthy/Healthy_645.png,0,No_DR
/home/neon-cultivator/us/diabetic-retinopathy-detection/data/raw/Healthy/Healthy_862.png,0,No_DR
/home/neon-cultivator/us/diabetic-retinopathy-detection/data/raw/Healthy/Healthy_488.png,0,No_DR
/home/neon-cultivator/us/diabetic-retinopathy-detection/data/raw/Mild DR/Mild_DR_146.png,1,Mild
/home/neon-cultivator/us/diabetic-retinopathy-detection/data/raw/Moderate DR/Moderate_DR_804.png,2,Moderate
/home/neon-cultivator/us/diabetic-retinopathy-detection/data/raw/Severe DR/Severe DR_48.png,3,Severe
/home/neon-cultivator/us/diabetic-retinopathy-detection/data/raw/Severe DR/Severe DR_84.png,3,Severe
/home/neon-cultivator/us/diabetic-retinopathy-detection/data/raw/Moderate DR/Moderate_DR_19.png,2,Moderate
/home/neon-cultivator/us/diabetic-retinopathy-detection/data/raw/Moderate DR/Moderate_DR_525.png,2,Moderate
/home/neon-cultivator/us/diabetic-retinopathy-detection/data/raw/Mild DR/Mild_DR_183.png,1,Mild
/home/neon-cultivator/us/diabetic-retinopathy-detection/data/raw/Healthy/Healthy_248.png,0,No_DR
/home/neon-cultivator/us/diabetic-retinopathy-detection/data/raw/Moderate DR/Moderate_DR_403.png,2,Moderate
/home/neon-cultivator/us/diabetic-retinopathy-detection/data/raw/Healthy/Healthy_136.png,0,No_DR
/home/neon-cultivator/us/diabetic-retinopathy-detection/data/raw/Moderate DR/Moderate_DR_454.png,2,Moderate
/home/neon-cultivator/us/diabetic-retinopathy-detection/data/raw/Healthy/Healthy_402.png,0,No_DR
/home/neon-cultivator/us/diabetic-retinopathy-detection/data/raw/Mild DR/Mild_DR_257.png,1,Mild
/home/neon-cultivator/us/diabetic-retinopathy-detection/data/raw/Moderate DR/Moderate_DR_524.png,2,Moderate
/home/neon-cultivator/us/diabetic-retinopathy-detection/data/raw/Moderate DR/Moderate_DR_329.png,2,Moderate
/home/neon-cultivator/us/diabetic-retinopathy-detection/data/raw/Healthy/Healthy_43.png,0,No_DR
/home/neon-cultivator/us/diabetic-retinopathy-detection/data/raw/Proliferate DR/Proliferate DR.png,4,Proliferative_DR
/home/neon-cultivator/us/diabetic-retinopathy-detection/data/raw/Healthy/Healthy_711.png,0,No_DR
/home/neon-cultivator/us/diabetic-retinopathy-detection/data/raw/Healthy/Healthy_904.png,0,No_DR
/home/neon-cultivator/us/diabetic-retinopathy-detection/data/raw/Moderate DR/Moderate_DR_207.png,2,Moderate
/home/neon-cultivator/us/diabetic-retinopathy-detection/data/raw/Moderate DR/Moderate_DR_456.png,2,Moderate
/home/neon-cultivator/us/diabetic-retinopathy-detection/data/raw/Mild DR/Mild_DR_288.png,1,Mild
/home/neon-cultivator/us/diabetic-retinopathy-detection/data/raw/Moderate DR/Moderate_DR_265.png,2,Moderate
/home/neon-cultivator/us/diabetic-retinopathy-detection/data/raw/Proliferate DR/Proliferate DR_2.png,4,Proliferative_DR
/home/neon-cultivator/us/diabetic-retinopathy-detection/data/raw/Healthy/Healthy_483.png,0,No_DR
/home/neon-cultivator/us/diabetic-retinopathy-detection/data/raw/Moderate DR/Moderate_DR_236.png,2,Moderate
/home/neon-cultivator/us/diabetic-retinopathy-detection/data/raw/Moderate DR/Moderate_DR_875.png,2,Moderate
/home/neon-cultivator/us/diabetic-retinopathy-detection/data/raw/Mild DR/Mild_DR_240.png,1,Mild
/home/neon-cultivator/us/diabetic-retinopathy-detection/data/raw/Healthy/Healthy_503.png,0,No_DR
/home/neon-cultivator/us/diabetic-retinopathy-detection/data/raw/Healthy/Healthy_994.png,0,No_DR
/home/neon-cultivator/us/diabetic-retinopathy-detection/data/raw/Healthy/Healthy_464.png,0,No_DR
/home/neon-cultivator/us/diabetic-retinopathy-detection/data/raw/Proliferate DR/Proliferate DR_103.png,4,Proliferative_DR
/home/neon-cultivator/us/diabetic-retinopathy-detection/data/raw/Healthy/Healthy_187.png,0,No_DR
/home/neon-cultivator/us/diabetic-retinopathy-detection/data/raw/Mild DR/Mild_DR_132.png,1,Mild
/home/neon-cultivator/us/diabetic-retinopathy-detection/data/raw/Mild DR/Mild_DR_13.png,1,Mild
/home/neon-cultivator/us/diabetic-retinopathy-detection/data/raw/Moderate DR/Moderate_DR.png,2,Moderate
/home/neon-cultivator/us/diabetic-retinopathy-detection/data/raw/Moderate DR/Moderate_DR_794.png,2,Moderate
/home/neon-cultivator/us/diabetic-retinopathy-detection/data/raw/Proliferate DR/Proliferate DR_215.png,4,Proliferative_DR
/home/neon-cultivator/us/diabetic-retinopathy-detection/data/raw/Moderate DR/Moderate_DR_726.png,2,Moderate
/home/neon-cultivator/us/diabetic-retinopathy-detection/data/raw/Healthy/Healthy_999.png,0,No_DR
/home/neon-cultivator/us/diabetic-retinopathy-detection/data/raw/Healthy/Healthy_660.png,0,No_DR
/home/neon-cultivator/us/diabetic-retinopathy-detection/data/raw/Mild DR/Mild_DR_173.png,1,Mild
/home/neon-cultivator/us/diabetic-retinopathy-detection/data/raw/Mild DR/Mild_DR_112.png,1,Mild
/home/neon-cultivator/us/diabetic-retinopathy-detection/data/raw/Moderate DR/Moderate_DR_199.png,2,Moderate
/home/neon-cultivator/us/diabetic-retinopathy-detection/data/raw/Healthy/Healthy_250.png,0,No_DR
/home/neon-cultivator/us/diabetic-retinopathy-detection/data/raw/Moderate DR/Moderate_DR_163.png,2,Moderate
/home/neon-cultivator/us/diabetic-retinopathy-detection/data/raw/Healthy/Healthy_139.png,0,No_DR
/home/neon-cultivator/us/diabetic-retinopathy-detection/data/raw/Moderate DR/Moderate_DR_605.png,2,Moderate
/home/neon-cultivator/us/diabetic-retinopathy-detection/data/raw/Mild DR/Mild_DR_25.png,1,Mild
/home/neon-cultivator/us/diabetic-retinopathy-detection/data/raw/Mild DR/Mild_DR_311.png,1,Mild
/home/neon-cultivator/us/diabetic-retinopathy-detection/data/raw/Healthy/Healthy_739.png,0,No_DR
/home/neon-cultivator/us/diabetic-retinopathy-detection/data/raw/Moderate DR/Moderate_DR_306.png,2,Moderate
/home/neon-cultivator/us/diabetic-retinopathy-detection/data/raw/Moderate DR/Moderate_DR_544.png,2,Moderate
/home/neon-cultivator/us/diabetic-retinopathy-detection/data/raw/Healthy/Healthy_526.png,0,No_DR
/home/neon-cultivator/us/diabetic-retinopathy-detection/data/raw/Moderate DR/Moderate_DR_826.png,2,Moderate
/home/neon-cultivator/us/diabetic-retinopathy-detection/data/raw/Severe DR/Severe DR_12.png,3,Severe
/home/neon-cultivator/us/diabetic-retinopathy-detection/data/raw/Moderate DR/Moderate_DR_867.png,2,Moderate
/home/neon-cultivator/us/diabetic-retinopathy-detection/data/raw/Moderate DR/Moderate_DR_342.png,2,Moderate
/home/neon-cultivator/us/diabetic-retinopathy-detection/data/raw/Healthy/Healthy_147.png,0,No_DR
/home/neon-cultivator/us/diabetic-retinopathy-detection/data/raw/Mild DR/Mild_DR_79.png,1,Mild
/home/neon-cultivator/us/diabetic-retinopathy-detection/data/raw/Healthy/Healthy_725.png,0,No_DR
/home/neon-cultivator/us/diabetic-retinopathy-detection/data/raw/Moderate DR/Moderate_DR_628.png,2,Moderate
/home/neon-cultivator/us/diabetic-retinopathy-detection/data/raw/Healthy/Healthy_531.png,0,No_DR
/home/neon-cultivator/us/diabetic-retinopathy-detection/data/raw/Severe DR/Severe DR_108.png,3,Severe
/home/neon-cultivator/us/diabetic-retinopathy-detection/data/raw/Mild DR/Mild_DR_97.png,1,Mild
/home/neon-cultivator/us/diabetic-retinopathy-detection/data/raw/Moderate DR/Moderate_DR_126.png,2,Moderate
/home/neon-cultivator/us/diabetic-retinopathy-detection/data/raw/Severe DR/Severe DR_113.png,3,Severe
/home/neon-cultivator/us/diabetic-retinopathy-detection/data/raw/Moderate DR/Moderate_DR_385.png,2,Moderate
/home/neon-cultivator/us/diabetic-retinopathy-detection/data/raw/Proliferate DR/Proliferate DR_201.png,4,Proliferative_DR
/home/neon-cultivator/us/diabetic-retinopathy-detection/data/raw/Healthy/Healthy_670.png,0,No_DR
/home/neon-cultivator/us/diabetic-retinopathy-detection/data/raw/Moderate DR/Moderate_DR_894.png,2,Moderate
/home/neon-cultivator/us/diabetic-retinopathy-detection/data/raw/Moderate DR/Moderate_DR_217.png,2,Moderate
/home/neon-cultivator/us/diabetic-retinopathy-detection/data/raw/Moderate DR/Moderate_DR_256.png,2,Moderate
/home/neon-cultivator/us/diabetic-retinopathy-detection/data/raw/Healthy/Healthy_627.png,0,No_DR
/home/neon-cultivator/us/diabetic-retinopathy-detection/data/raw/Mild DR/Mild_DR_128.png,1,Mild
/home/neon-cultivator/us/diabetic-retinopathy-detection/data/raw/Moderate DR/Moderate_DR_795.png,2,Moderate
/home/neon-cultivator/us/diabetic-retinopathy-detection/data/raw/Moderate DR/Moderate_DR_763.png,2,Moderate
/home/neon-cultivator/us/diabetic-retinopathy-detection/data/raw/Moderate DR/Moderate_DR_418.png,2,Moderate
/home/neon-cultivator/us/diabetic-retinopathy-detection/data/raw/Proliferate DR/Proliferate DR_90.png,4,Proliferative_DR
/home/neon-cultivator/us/diabetic-retinopathy-detection/data/raw/Healthy/Healthy_34.png,0,No_DR
/home/neon-cultivator/us/diabetic-retinopathy-detection/data/raw/Proliferate DR/Proliferate DR_67.png,4,Proliferative_DR
/home/neon-cultivator/us/diabetic-retinopathy-detection/data/raw/Healthy/Healthy_662.png,0,No_DR
/home/neon-cultivator/us/diabetic-retinopathy-detection/data/raw/Healthy/Healthy_39.png,0,No_DR
/home/neon-cultivator/us/diabetic-retinopathy-detection/data/raw/Proliferate DR/Proliferate DR_46.png,4,Proliferative_DR
/home/neon-cultivator/us/diabetic-retinopathy-detection/data/raw/Healthy/Healthy_289.png,0,No_DR
/home/neon-cultivator/us/diabetic-retinopathy-detection/data/raw/Moderate DR/Moderate_DR_248.png,2,Moderate
/home/neon-cultivator/us/diabetic-retinopathy-detection/data/raw/Mild DR/Mild_DR_129.png,1,Mild
/home/neon-cultivator/us/diabetic-retinopathy-detection/data/raw/Moderate DR/Moderate_DR_341.png,2,Moderate
/home/neon-cultivator/us/diabetic-retinopathy-detection/data/raw/Mild DR/Mild_DR_283.png,1,Mild
/home/neon-cultivator/us/diabetic-retinopathy-detection/data/raw/Severe DR/Severe DR_49.png,3,Severe
/home/neon-cultivator/us/diabetic-retinopathy-detection/data/raw/Moderate DR/Moderate_DR_91.png,2,Moderate
/home/neon-cultivator/us/diabetic-retinopathy-detection/data/raw/Mild DR/Mild_DR_300.png,1,Mild
/home/neon-cultivator/us/diabetic-retinopathy-detection/data/raw/Healthy/Healthy_342.png,0,No_DR
/home/neon-cultivator/us/diabetic-retinopathy-detection/data/raw/Healthy/Healthy_550.png,0,No_DR
/home/neon-cultivator/us/diabetic-retinopathy-detection/data/raw/Healthy/Healthy_24.png,0,No_DR
/home/neon-cultivator/us/diabetic-retinopathy-detection/data/raw/Moderate DR/Moderate_DR_644.png,2,Moderate
/home/neon-cultivator/us/diabetic-retinopathy-detection/data/raw/Healthy/Healthy_85.png,0,No_DR
/home/neon-cultivator/us/diabetic-retinopathy-detection/data/raw/Healthy/Healthy_110.png,0,No_DR
/home/neon-cultivator/us/diabetic-retinopathy-detection/data/raw/Severe DR/Severe DR_101.png,3,Severe
/home/neon-cultivator/us/diabetic-retinopathy-detection/data/raw/Healthy/Healthy_92.png,0,No_DR
/home/neon-cultivator/us/diabetic-retinopathy-detection/data/raw/Severe DR/Severe DR_44.png,3,Severe
/home/neon-cultivator/us/diabetic-retinopathy-detection/data/raw/Mild DR/Mild_DR_199.png,1,Mild
/home/neon-cultivator/us/diabetic-retinopathy-detection/data/raw/Healthy/Healthy_715.png,0,No_DR
/home/neon-cultivator/us/diabetic-retinopathy-detection/data/raw/Moderate DR/Moderate_DR_120.png,2,Moderate
/home/neon-cultivator/us/diabetic-retinopathy-detection/data/raw/Healthy/Healthy_745.png,0,No_DR
/home/neon-cultivator/us/diabetic-retinopathy-detection/data/raw/Mild DR/Mild_DR_117.png,1,Mild
/home/neon-cultivator/us/diabetic-retinopathy-detection/data/raw/Healthy/Healthy_568.png,0,No_DR
/home/neon-cultivator/us/diabetic-retinopathy-detection/data/raw/Moderate DR/Moderate_DR_40.png,2,Moderate
/home/neon-cultivator/us/diabetic-retinopathy-detection/data/raw/Severe DR/Severe DR_106.png,3,Severe
/home/neon-cultivator/us/diabetic-retinopathy-detection/data/raw/Moderate DR/Moderate_DR_161.png,2,Moderate
/home/neon-cultivator/us/diabetic-retinopathy-detection/data/raw/Healthy/Healthy_559.png,0,No_DR
/home/neon-cultivator/us/diabetic-retinopathy-detection/data/raw/Healthy/Healthy_753.png,0,No_DR
/home/neon-cultivator/us/diabetic-retinopathy-detection/data/raw/Moderate DR/Moderate_DR_220.png,2,Moderate
/home/neon-cultivator/us/diabetic-retinopathy-detection/data/raw/Healthy/Healthy_157.png,0,No_DR
/home/neon-cultivator/us/diabetic-retinopathy-detection/data/raw/Moderate DR/Moderate_DR_510.png,2,Moderate
/home/neon-cultivator/us/diabetic-retinopathy-detection/data/raw/Healthy/Healthy_684.png,0,No_DR
/home/neon-cultivator/us/diabetic-retinopathy-detection/data/raw/Severe DR/Severe DR_150.png,3,Severe
/home/neon-cultivator/us/diabetic-retinopathy-detection/data/raw/Proliferate DR/Proliferate DR_165.png,4,Proliferative_DR
/home/neon-cultivator/us/diabetic-retinopathy-detection/data/raw/Severe DR/Severe DR_88.png,3,Severe
/home/neon-cultivator/us/diabetic-retinopathy-detection/data/raw/Moderate DR/Moderate_DR_27.png,2,Moderate
/home/neon-cultivator/us/diabetic-retinopathy-detection/data/raw/Healthy/Healthy_669.png,0,No_DR
/home/neon-cultivator/us/diabetic-retinopathy-detection/data/raw/Healthy/Healthy_590.png,0,No_DR
/home/neon-cultivator/us/diabetic-retinopathy-detection/data/raw/Mild DR/Mild_DR_344.png,1,Mild
/home/neon-cultivator/us/diabetic-retinopathy-detection/data/raw/Mild DR/Mild_DR_52.png,1,Mild
/home/neon-cultivator/us/diabetic-retinopathy-detection/data/raw/Healthy/Healthy_998.png,0,No_DR
/home/neon-cultivator/us/diabetic-retinopathy-detection/data/raw/Healthy/Healthy_648.png,0,No_DR
/home/neon-cultivator/us/diabetic-retinopathy-detection/data/raw/Moderate DR/Moderate_DR_432.png,2,Moderate
/home/neon-cultivator/us/diabetic-retinopathy-detection/data/raw/Proliferate DR/Proliferate DR_142.png,4,Proliferative_DR
/home/neon-cultivator/us/diabetic-retinopathy-detection/data/raw/Healthy/Healthy_759.png,0,No_DR
/home/neon-cultivator/us/diabetic-retinopathy-detection/data/raw/Mild DR/Mild_DR_284.png,1,Mild
/home/neon-cultivator/us/diabetic-retinopathy-detection/data/raw/Severe DR/Severe DR_26.png,3,Severe
/home/neon-cultivator/us/diabetic-retinopathy-detection/data/raw/Proliferate DR/Proliferate DR_138.png,4,Proliferative_DR
/home/neon-cultivator/us/diabetic-retinopathy-detection/data/raw/Moderate DR/Moderate_DR_817.png,2,Moderate
/home/neon-cultivator/us/diabetic-retinopathy-detection/data/raw/Mild DR/Mild_DR_54.png,1,Mild
/home/neon-cultivator/us/diabetic-retinopathy-detection/data/raw/Moderate DR/Moderate_DR_558.png,2,Moderate
/home/neon-cultivator/us/diabetic-retinopathy-detection/data/raw/Moderate DR/Moderate_DR_253.png,2,Moderate
/home/neon-cultivator/us/diabetic-retinopathy-detection/data/raw/Moderate DR/Moderate_DR_573.png,2,Moderate
/home/neon-cultivator/us/diabetic-retinopathy-detection/data/raw/Healthy/Healthy_82.png,0,No_DR
/home/neon-cultivator/us/diabetic-retinopathy-detection/data/raw/Healthy/Healthy_319.png,0,No_DR
/home/neon-cultivator/us/diabetic-retinopathy-detection/data/raw/Mild DR/Mild_DR_231.png,1,Mild
/home/neon-cultivator/us/diabetic-retinopathy-detection/data/raw/Healthy/Healthy_746.png,0,No_DR
/home/neon-cultivator/us/diabetic-retinopathy-detection/data/raw/Healthy/Healthy_405.png,0,No_DR
/home/neon-cultivator/us/diabetic-retinopathy-detection/data/raw/Moderate DR/Moderate_DR_791.png,2,Moderate
/home/neon-cultivator/us/diabetic-retinopathy-detection/data/raw/Healthy/Healthy_485.png,0,No_DR
/home/neon-cultivator/us/diabetic-retinopathy-detection/data/raw/Proliferate DR/Proliferate DR_74.png,4,Proliferative_DR
/home/neon-cultivator/us/diabetic-retinopathy-detection/data/raw/Healthy/Healthy_380.png,0,No_DR
/home/neon-cultivator/us/diabetic-retinopathy-detection/data/raw/Moderate DR/Moderate_DR_92.png,2,Moderate
/home/neon-cultivator/us/diabetic-retinopathy-detection/data/raw/Proliferate DR/Proliferate DR_78.png,4,Proliferative_DR
/home/neon-cultivator/us/diabetic-retinopathy-detection/data/raw/Proliferate DR/Proliferate DR_241.png,4,Proliferative_DR
/home/neon-cultivator/us/diabetic-retinopathy-detection/data/raw/Proliferate DR/Proliferate DR_276.png,4,Proliferative_DR
/home/neon-cultivator/us/diabetic-retinopathy-detection/data/raw/Moderate DR/Moderate_DR_465.png,2,Moderate
/home/neon-cultivator/us/diabetic-retinopathy-detection/data/raw/Mild DR/Mild_DR_17.png,1,Mild
/home/neon-cultivator/us/diabetic-retinopathy-detection/data/raw/Healthy/Healthy_339.png,0,No_DR
/home/neon-cultivator/us/diabetic-retinopathy-detection/data/raw/Healthy/Healthy_784.png,0,No_DR
/home/neon-cultivator/us/diabetic-retinopathy-detection/data/raw/Proliferate DR/Proliferate DR_4.png,4,Proliferative_DR
/home/neon-cultivator/us/diabetic-retinopathy-detection/data/raw/Moderate DR/Moderate_DR_392.png,2,Moderate
/home/neon-cultivator/us/diabetic-retinopathy-detection/data/raw/Healthy/Healthy_565.png,0,No_DR
/home/neon-cultivator/us/diabetic-retinopathy-detection/data/raw/Severe DR/Severe DR_174.png,3,Severe
/home/neon-cultivator/us/diabetic-retinopathy-detection/data/raw/Moderate DR/Moderate_DR_132.png,2,Moderate
/home/neon-cultivator/us/diabetic-retinopathy-detection/data/raw/Healthy/Healthy_880.png,0,No_DR
/home/neon-cultivator/us/diabetic-retinopathy-detection/data/raw/Proliferate DR/Proliferate DR_275.png,4,Proliferative_DR
/home/neon-cultivator/us/diabetic-retinopathy-detection/data/raw/Healthy/Healthy_664.png,0,No_DR
/home/neon-cultivator/us/diabetic-retinopathy-detection/data/raw/Healthy/Healthy_411.png,0,No_DR
/home/neon-cultivator/us/diabetic-retinopathy-detection/data/raw/Moderate DR/Moderate_DR_898.png,2,Moderate
/home/neon-cultivator/us/diabetic-retinopathy-detection/data/raw/Healthy/Healthy_883.png,0,No_DR
/home/neon-cultivator/us/diabetic-retinopathy-detection/data/raw/Healthy/Healthy_180.png,0,No_DR
/home/neon-cultivator/us/diabetic-retinopathy-detection/data/raw/Severe DR/Severe DR_98.png,3,Severe
/home/neon-cultivator/us/diabetic-retinopathy-detection/data/raw/Healthy/Healthy_777.png,0,No_DR
/home/neon-cultivator/us/diabetic-retinopathy-detection/data/raw/Proliferate DR/Proliferate DR_236.png,4,Proliferative_DR
/home/neon-cultivator/us/diabetic-retinopathy-detection/data/raw/Healthy/Healthy_121.png,0,No_DR
/home/neon-cultivator/us/diabetic-retinopathy-detection/data/raw/Moderate DR/Moderate_DR_148.png,2,Moderate
/home/neon-cultivator/us/diabetic-retinopathy-detection/data/raw/Healthy/Healthy_819.png,0,No_DR
/home/neon-cultivator/us/diabetic-retinopathy-detection/data/raw/Mild DR/Mild_DR_103.png,1,Mild
/home/neon-cultivator/us/diabetic-retinopathy-detection/data/raw/Healthy/Healthy_7.png,0,No_DR
/home/neon-cultivator/us/diabetic-retinopathy-detection/data/raw/Proliferate DR/Proliferate DR_174.png,4,Proliferative_DR
/home/neon-cultivator/us/diabetic-retinopathy-detection/data/raw/Healthy/Healthy_164.png,0,No_DR
/home/neon-cultivator/us/diabetic-retinopathy-detection/data/raw/Moderate DR/Moderate_DR_872.png,2,Moderate
/home/neon-cultivator/us/diabetic-retinopathy-detection/data/raw/Moderate DR/Moderate_DR_493.png,2,Moderate
/home/neon-cultivator/us/diabetic-retinopathy-detection/data/raw/Healthy/Healthy_124.png,0,No_DR
/home/neon-cultivator/us/diabetic-retinopathy-detection/data/raw/Healthy/Healthy_928.png,0,No_DR
/home/neon-cultivator/us/diabetic-retinopathy-detection/data/raw/Healthy/Healthy_356.png,0,No_DR
/home/neon-cultivator/us/diabetic-retinopathy-detection/data/raw/Healthy/Healthy_663.png,0,No_DR
/home/neon-cultivator/us/diabetic-retinopathy-detection/data/raw/Moderate DR/Moderate_DR_743.png,2,Moderate
/home/neon-cultivator/us/diabetic-retinopathy-detection/data/raw/Healthy/Healthy_990.png,0,No_DR
/home/neon-cultivator/us/diabetic-retinopathy-detection/data/raw/Moderate DR/Moderate_DR_201.png,2,Moderate
/home/neon-cultivator/us/diabetic-retinopathy-detection/data/raw/Healthy/Healthy_128.png,0,No_DR
/home/neon-cultivator/us/diabetic-retinopathy-detection/data/raw/Severe DR/Severe DR_188.png,3,Severe
/home/neon-cultivator/us/diabetic-retinopathy-detection/data/raw/Healthy/Healthy_247.png,0,No_DR
/home/neon-cultivator/us/diabetic-retinopathy-detection/data/raw/Moderate DR/Moderate_DR_159.png,2,Moderate
/home/neon-cultivator/us/diabetic-retinopathy-detection/data/raw/Mild DR/Mild_DR_207.png,1,Mild
/home/neon-cultivator/us/diabetic-retinopathy-detection/data/raw/Severe DR/Severe DR_6.png,3,Severe
/home/neon-cultivator/us/diabetic-retinopathy-detection/data/raw/Mild DR/Mild_DR_107.png,1,Mild
/home/neon-cultivator/us/diabetic-retinopathy-detection/data/raw/Moderate DR/Moderate_DR_565.png,2,Moderate
/home/neon-cultivator/us/diabetic-retinopathy-detection/data/raw/Mild DR/Mild_DR_131.png,1,Mild
/home/neon-cultivator/us/diabetic-retinopathy-detection/data/raw/Moderate DR/Moderate_DR_227.png,2,Moderate
/home/neon-cultivator/us/diabetic-retinopathy-detection/data/raw/Proliferate DR/Proliferate DR_27.png,4,Proliferative_DR
/home/neon-cultivator/us/diabetic-retinopathy-detection/data/raw/Moderate DR/Moderate_DR_173.png,2,Moderate
/home/neon-cultivator/us/diabetic-retinopathy-detection/data/raw/Healthy/Healthy_210.png,0,No_DR
/home/neon-cultivator/us/diabetic-retinopathy-detection/data/raw/Mild DR/Mild_DR_242.png,1,Mild
/home/neon-cultivator/us/diabetic-retinopathy-detection/data/raw/Healthy/Healthy_338.png,0,No_DR
/home/neon-cultivator/us/diabetic-retinopathy-detection/data/raw/Healthy/Healthy_851.png,0,No_DR
/home/neon-cultivator/us/diabetic-retinopathy-detection/data/raw/Mild DR/Mild_DR_241.png,1,Mild
/home/neon-cultivator/us/diabetic-retinopathy-detection/data/raw/Moderate DR/Moderate_DR_446.png,2,Moderate
/home/neon-cultivator/us/diabetic-retinopathy-detection/data/raw/Moderate DR/Moderate_DR_282.png,2,Moderate
/home/neon-cultivator/us/diabetic-retinopathy-detection/data/raw/Mild DR/Mild_DR_145.png,1,Mild
/home/neon-cultivator/us/diabetic-retinopathy-detection/data/raw/Moderate DR/Moderate_DR_818.png,2,Moderate
/home/neon-cultivator/us/diabetic-retinopathy-detection/data/raw/Moderate DR/Moderate_DR_134.png,2,Moderate
/home/neon-cultivator/us/diabetic-retinopathy-detection/data/raw/Healthy/Healthy_274.png,0,No_DR
/home/neon-cultivator/us/diabetic-retinopathy-detection/data/raw/Healthy/Healthy_814.png,0,No_DR
/home/neon-cultivator/us/diabetic-retinopathy-detection/data/raw/Healthy/Healthy_401.png,0,No_DR
/home/neon-cultivator/us/diabetic-retinopathy-detection/data/raw/Proliferate DR/Proliferate DR_267.png,4,Proliferative_DR
/home/neon-cultivator/us/diabetic-retinopathy-detection/data/raw/Severe DR/Severe DR_165.png,3,Severe
/home/neon-cultivator/us/diabetic-retinopathy-detection/data/raw/Mild DR/Mild_DR_5.png,1,Mild
/home/neon-cultivator/us/diabetic-retinopathy-detection/data/raw/Healthy/Healthy_919.png,0,No_DR
/home/neon-cultivator/us/diabetic-retinopathy-detection/data/raw/Mild DR/Mild_DR_233.png,1,Mild
/home/neon-cultivator/us/diabetic-retinopathy-detection/data/raw/Healthy/Healthy_337.png,0,No_DR
/home/neon-cultivator/us/diabetic-retinopathy-detection/data/raw/Proliferate DR/Proliferate DR_250.png,4,Proliferative_DR
/home/neon-cultivator/us/diabetic-retinopathy-detection/data/raw/Healthy/Healthy_486.png,0,No_DR
/home/neon-cultivator/us/diabetic-retinopathy-detection/data/raw/Healthy/Healthy_710.png,0,No_DR
/home/neon-cultivator/us/diabetic-retinopathy-detection/data/raw/Healthy/Healthy_494.png,0,No_DR
/home/neon-cultivator/us/diabetic-retinopathy-detection/data/raw/Proliferate DR/Proliferate DR_245.png,4,Proliferative_DR
/home/neon-cultivator/us/diabetic-retinopathy-detection/data/raw/Moderate DR/Moderate_DR_190.png,2,Moderate
/home/neon-cultivator/us/diabetic-retinopathy-detection/data/raw/Proliferate DR/Proliferate DR_110.png,4,Proliferative_DR
/home/neon-cultivator/us/diabetic-retinopathy-detection/data/raw/Mild DR/Mild_DR_205.png,1,Mild
/home/neon-cultivator/us/diabetic-retinopathy-detection/data/raw/Mild DR/Mild_DR_101.png,1,Mild
/home/neon-cultivator/us/diabetic-retinopathy-detection/data/raw/Proliferate DR/Proliferate DR_69.png,4,Proliferative_DR
/home/neon-cultivator/us/diabetic-retinopathy-detection/data/raw/Healthy/Healthy_977.png,0,No_DR
/home/neon-cultivator/us/diabetic-retinopathy-detection/data/raw/Healthy/Healthy_780.png,0,No_DR
/home/neon-cultivator/us/diabetic-retinopathy-detection/data/raw/Healthy/Healthy_249.png,0,No_DR
/home/neon-cultivator/us/diabetic-retinopathy-detection/data/raw/Moderate DR/Moderate_DR_669.png,2,Moderate
/home/neon-cultivator/us/diabetic-retinopathy-detection/data/raw/Healthy/Healthy_42.png,0,No_DR
/home/neon-cultivator/us/diabetic-retinopathy-detection/data/raw/Mild DR/Mild_DR_176.png,1,Mild
/home/neon-cultivator/us/diabetic-retinopathy-detection/data/raw/Healthy/Healthy_421.png,0,No_DR
/home/neon-cultivator/us/diabetic-retinopathy-detection/data/raw/Mild DR/Mild_DR_251.png,1,Mild
/home/neon-cultivator/us/diabetic-retinopathy-detection/data/raw/Moderate DR/Moderate_DR_399.png,2,Moderate
/home/neon-cultivator/us/diabetic-retinopathy-detection/data/raw/Healthy/Healthy_53.png,0,No_DR
/home/neon-cultivator/us/diabetic-retinopathy-detection/data/raw/Healthy/Healthy_19.png,0,No_DR
/home/neon-cultivator/us/diabetic-retinopathy-detection/data/raw/Moderate DR/Moderate_DR_106.png,2,Moderate
/home/neon-cultivator/us/diabetic-retinopathy-detection/data/raw/Moderate DR/Moderate_DR_464.png,2,Moderate
/home/neon-cultivator/us/diabetic-retinopathy-detection/data/raw/Moderate DR/Moderate_DR_560.png,2,Moderate
/home/neon-cultivator/us/diabetic-retinopathy-detection/data/raw/Moderate DR/Moderate_DR_235.png,2,Moderate
/home/neon-cultivator/us/diabetic-retinopathy-detection/data/raw/Severe DR/Severe DR_162.png,3,Severe
/home/neon-cultivator/us/diabetic-retinopathy-detection/data/raw/Moderate DR/Moderate_DR_375.png,2,Moderate
/home/neon-cultivator/us/diabetic-retinopathy-detection/data/raw/Moderate DR/Moderate_DR_39.png,2,Moderate
/home/neon-cultivator/us/diabetic-retinopathy-detection/data/raw/Moderate DR/Moderate_DR_308.png,2,Moderate
/home/neon-cultivator/us/diabetic-retinopathy-detection/data/raw/Moderate DR/Moderate_DR_583.png,2,Moderate
/home/neon-cultivator/us/diabetic-retinopathy-detection/data/raw/Healthy/Healthy_79.png,0,No_DR
/home/neon-cultivator/us/diabetic-retinopathy-detection/data/raw/Moderate DR/Moderate_DR_180.png,2,Moderate
/home/neon-cultivator/us/diabetic-retinopathy-detection/data/raw/Healthy/Healthy_713.png,0,No_DR
/home/neon-cultivator/us/diabetic-retinopathy-detection/data/raw/Healthy/Healthy_364.png,0,No_DR
/home/neon-cultivator/us/diabetic-retinopathy-detection/data/raw/Healthy/Healthy_685.png,0,No_DR
/home/neon-cultivator/us/diabetic-retinopathy-detection/data/raw/Healthy/Healthy_661.png,0,No_DR
/home/neon-cultivator/us/diabetic-retinopathy-detection/data/raw/Healthy/Healthy_748.png,0,No_DR
/home/neon-cultivator/us/diabetic-retinopathy-detection/data/raw/Mild DR/Mild_DR_323.png,1,Mild
/home/neon-cultivator/us/diabetic-retinopathy-detection/data/raw/Proliferate DR/Proliferate DR_12.png,4,Proliferative_DR
/home/neon-cultivator/us/diabetic-retinopathy-detection/data/raw/Mild DR/Mild_DR_143.png,1,Mild
/home/neon-cultivator/us/diabetic-retinopathy-detection/data/raw/Healthy/Healthy_141.png,0,No_DR
/home/neon-cultivator/us/diabetic-retinopathy-detection/data/raw/Healthy/Healthy_765.png,0,No_DR
/home/neon-cultivator/us/diabetic-retinopathy-detection/data/raw/Moderate DR/Moderate_DR_838.png,2,Moderate
/home/neon-cultivator/us/diabetic-retinopathy-detection/data/raw/Moderate DR/Moderate_DR_519.png,2,Moderate
/home/neon-cultivator/us/diabetic-retinopathy-detection/data/raw/Healthy/Healthy_284.png,0,No_DR
/home/neon-cultivator/us/diabetic-retinopathy-detection/data/raw/Moderate DR/Moderate_DR_303.png,2,Moderate
/home/neon-cultivator/us/diabetic-retinopathy-detection/data/raw/Severe DR/Severe DR_117.png,3,Severe
/home/neon-cultivator/us/diabetic-retinopathy-detection/data/raw/Healthy/Healthy_516.png,0,No_DR
/home/neon-cultivator/us/diabetic-retinopathy-detection/data/raw/Healthy/Healthy_700.png,0,No_DR
/home/neon-cultivator/us/diabetic-retinopathy-detection/data/raw/Healthy/Healthy_690.png,0,No_DR
/home/neon-cultivator/us/diabetic-retinopathy-detection/data/raw/Proliferate DR/Proliferate DR_204.png,4,Proliferative_DR
/home/neon-cultivator/us/diabetic-retinopathy-detection/data/raw/Mild DR/Mild_DR_96.png,1,Mild
/home/neon-cultivator/us/diabetic-retinopathy-detection/data/raw/Mild DR/Mild_DR_363.png,1,Mild
/home/neon-cultivator/us/diabetic-retinopathy-detection/data/raw/Healthy/Healthy_29.png,0,No_DR
/home/neon-cultivator/us/diabetic-retinopathy-detection/data/raw/Healthy/Healthy_581.png,0,No_DR
/home/neon-cultivator/us/diabetic-retinopathy-detection/data/raw/Moderate DR/Moderate_DR_526.png,2,Moderate
/home/neon-cultivator/us/diabetic-retinopathy-detection/data/raw/Healthy/Healthy_522.png,0,No_DR
/home/neon-cultivator/us/diabetic-retinopathy-detection/data/raw/Proliferate DR/Proliferate DR_196.png,4,Proliferative_DR
/home/neon-cultivator/us/diabetic-retinopathy-detection/data/raw/Mild DR/Mild_DR_38.png,1,Mild
/home/neon-cultivator/us/diabetic-retinopathy-detection/data/raw/Healthy/Healthy_230.png,0,No_DR
/home/neon-cultivator/us/diabetic-retinopathy-detection/data/raw/Severe DR/Severe DR_134.png,3,Severe
/home/neon-cultivator/us/diabetic-retinopathy-detection/data/raw/Moderate DR/Moderate_DR_459.png,2,Moderate
/home/neon-cultivator/us/diabetic-retinopathy-detection/data/raw/Mild DR/Mild_DR_172.png,1,Mild
/home/neon-cultivator/us/diabetic-retinopathy-detection/data/raw/Moderate DR/Moderate_DR_528.png,2,Moderate
/home/neon-cultivator/us/diabetic-retinopathy-detection/data/raw/Proliferate DR/Proliferate DR_156.png,4,Proliferative_DR
/home/neon-cultivator/us/diabetic-retinopathy-detection/data/raw/Moderate DR/Moderate_DR_110.png,2,Moderate
/home/neon-cultivator/us/diabetic-retinopathy-detection/data/raw/Healthy/Healthy_734.png,0,No_DR
/home/neon-cultivator/us/diabetic-retinopathy-detection/data/raw/Healthy/Healthy_892.png,0,No_DR
/home/neon-cultivator/us/diabetic-retinopathy-detection/data/raw/Moderate DR/Moderate_DR_246.png,2,Moderate
/home/neon-cultivator/us/diabetic-retinopathy-detection/data/raw/Moderate DR/Moderate_DR_878.png,2,Moderate
/home/neon-cultivator/us/diabetic-retinopathy-detection/data/raw/Healthy/Healthy_611.png,0,No_DR
/home/neon-cultivator/us/diabetic-retinopathy-detection/data/raw/Healthy/Healthy_806.png,0,No_DR
/home/neon-cultivator/us/diabetic-retinopathy-detection/data/raw/Healthy/Healthy_946.png,0,No_DR
/home/neon-cultivator/us/diabetic-retinopathy-detection/data/raw/Healthy/Healthy_872.png,0,No_DR
/home/neon-cultivator/us/diabetic-retinopathy-detection/data/raw/Healthy/Healthy_655.png,0,No_DR
/home/neon-cultivator/us/diabetic-retinopathy-detection/data/raw/Healthy/Healthy_229.png,0,No_DR
/home/neon-cultivator/us/diabetic-retinopathy-detection/data/raw/Healthy/Healthy_563.png,0,No_DR
/home/neon-cultivator/us/diabetic-retinopathy-detection/data/raw/Healthy/Healthy_201.png,0,No_DR
/home/neon-cultivator/us/diabetic-retinopathy-detection/data/raw/Healthy/Healthy_238.png,0,No_DR
/home/neon-cultivator/us/diabetic-retinopathy-detection/data/raw/Healthy/Healthy_869.png,0,No_DR
/home/neon-cultivator/us/diabetic-retinopathy-detection/data/raw/Mild DR/Mild_DR_235.png,1,Mild
/home/neon-cultivator/us/diabetic-retinopathy-detection/data/raw/Healthy/Healthy_264.png,0,No_DR
/home/neon-cultivator/us/diabetic-retinopathy-detection/data/raw/Mild DR/Mild_DR_113.png,1,Mild
/home/neon-cultivator/us/diabetic-retinopathy-detection/data/raw/Moderate DR/Moderate_DR_277.png,2,Moderate
/home/neon-cultivator/us/diabetic-retinopathy-detection/data/raw/Moderate DR/Moderate_DR_450.png,2,Moderate
/home/neon-cultivator/us/diabetic-retinopathy-detection/data/raw/Healthy/Healthy_906.png,0,No_DR
/home/neon-cultivator/us/diabetic-retinopathy-detection/data/raw/Mild DR/Mild_DR_303.png,1,Mild
/home/neon-cultivator/us/diabetic-retinopathy-detection/data/raw/Mild DR/Mild_DR_191.png,1,Mild
/home/neon-cultivator/us/diabetic-retinopathy-detection/data/raw/Moderate DR/Moderate_DR_820.png,2,Moderate
/home/neon-cultivator/us/diabetic-retinopathy-detection/data/raw/Moderate DR/Moderate_DR_147.png,2,Moderate
/home/neon-cultivator/us/diabetic-retinopathy-detection/data/raw/Mild DR/Mild_DR_65.png,1,Mild
/home/neon-cultivator/us/diabetic-retinopathy-detection/data/raw/Severe DR/Severe DR_79.png,3,Severe
/home/neon-cultivator/us/diabetic-retinopathy-detection/data/raw/Severe DR/Severe DR_118.png,3,Severe
/home/neon-cultivator/us/diabetic-retinopathy-detection/data/raw/Proliferate DR/Proliferate DR_10.png,4,Proliferative_DR
/home/neon-cultivator/us/diabetic-retinopathy-detection/data/raw/Mild DR/Mild_DR_325.png,1,Mild
/home/neon-cultivator/us/diabetic-retinopathy-detection/data/raw/Healthy/Healthy_492.png,0,No_DR
/home/neon-cultivator/us/diabetic-retinopathy-detection/data/raw/Moderate DR/Moderate_DR_419.png,2,Moderate
/home/neon-cultivator/us/diabetic-retinopathy-detection/data/raw/Moderate DR/Moderate_DR_725.png,2,Moderate
/home/neon-cultivator/us/diabetic-retinopathy-detection/data/raw/Healthy/Healthy_822.png,0,No_DR
/home/neon-cultivator/us/diabetic-retinopathy-detection/data/raw/Moderate DR/Moderate_DR_727.png,2,Moderate
/home/neon-cultivator/us/diabetic-retinopathy-detection/data/raw/Moderate DR/Moderate_DR_582.png,2,Moderate
/home/neon-cultivator/us/diabetic-retinopathy-detection/data/raw/Healthy/Healthy_54.png,0,No_DR
/home/neon-cultivator/us/diabetic-retinopathy-detection/data/raw/Healthy/Healthy_624.png,0,No_DR
/home/neon-cultivator/us/diabetic-retinopathy-detection/data/raw/Moderate DR/Moderate_DR_413.png,2,Moderate
/home/neon-cultivator/us/diabetic-retinopathy-detection/data/raw/Healthy/Healthy_334.png,0,No_DR
/home/neon-cultivator/us/diabetic-retinopathy-detection/data/raw/Healthy/Healthy_473.png,0,No_DR
/home/neon-cultivator/us/diabetic-retinopathy-detection/data/raw/Mild DR/Mild_DR_208.png,1,Mild
/home/neon-cultivator/us/diabetic-retinopathy-detection/data/raw/Moderate DR/Moderate_DR_609.png,2,Moderate
/home/neon-cultivator/us/diabetic-retinopathy-detection/data/raw/Healthy/Healthy_151.png,0,No_DR
/home/neon-cultivator/us/diabetic-retinopathy-detection/data/raw/Mild DR/Mild_DR_209.png,1,Mild
/home/neon-cultivator/us/diabetic-retinopathy-detection/data/raw/Healthy/Healthy_681.png,0,No_DR
/home/neon-cultivator/us/diabetic-retinopathy-detection/data/raw/Healthy/Healthy_142.png,0,No_DR
/home/neon-cultivator/us/diabetic-retinopathy-detection/data/raw/Mild DR/Mild_DR_108.png,1,Mild
/home/neon-cultivator/us/diabetic-retinopathy-detection/data/raw/Healthy/Healthy_381.png,0,No_DR
/home/neon-cultivator/us/diabetic-retinopathy-detection/data/raw/Proliferate DR/Proliferate DR_135.png,4,Proliferative_DR
/home/neon-cultivator/us/diabetic-retinopathy-detection/data/raw/Healthy/Healthy_385.png,0,No_DR
/home/neon-cultivator/us/diabetic-retinopathy-detection/data/raw/Healthy/Healthy_375.png,0,No_DR
/home/neon-cultivator/us/diabetic-retinopathy-detection/data/raw/Healthy/Healthy_70.png,0,No_DR
/home/neon-cultivator/us/diabetic-retinopathy-detection/data/raw/Moderate DR/Moderate_DR_683.png,2,Moderate
/home/neon-cultivator/us/diabetic-retinopathy-detection/data/raw/Healthy/Healthy_132.png,0,No_DR
/home/neon-cultivator/us/diabetic-retinopathy-detection/data/raw/Severe DR/Severe DR_93.png,3,Severe
/home/neon-cultivator/us/diabetic-retinopathy-detection/data/raw/Healthy/Healthy_875.png,0,No_DR
/home/neon-cultivator/us/diabetic-retinopathy-detection/data/raw/Healthy/Healthy_414.png,0,No_DR
/home/neon-cultivator/us/diabetic-retinopathy-detection/data/raw/Moderate DR/Moderate_DR_466.png,2,Moderate
/home/neon-cultivator/us/diabetic-retinopathy-detection/data/raw/Healthy/Healthy_283.png,0,No_DR
/home/neon-cultivator/us/diabetic-retinopathy-detection/data/raw/Mild DR/Mild_DR_35.png,1,Mild
/home/neon-cultivator/us/diabetic-retinopathy-detection/data/raw/Moderate DR/Moderate_DR_5.png,2,Moderate
/home/neon-cultivator/us/diabetic-retinopathy-detection/data/raw/Moderate DR/Moderate_DR_885.png,2,Moderate
/home/neon-cultivator/us/diabetic-retinopathy-detection/data/raw/Moderate DR/Moderate_DR_766.png,2,Moderate
/home/neon-cultivator/us/diabetic-retinopathy-detection/data/raw/Healthy/Healthy_40.png,0,No_DR
/home/neon-cultivator/us/diabetic-retinopathy-detection/data/raw/Moderate DR/Moderate_DR_782.png,2,Moderate
/home/neon-cultivator/us/diabetic-retinopathy-detection/data/raw/Moderate DR/Moderate_DR_502.png,2,Moderate
/home/neon-cultivator/us/diabetic-retinopathy-detection/data/raw/Moderate DR/Moderate_DR_152.png,2,Moderate
/home/neon-cultivator/us/diabetic-retinopathy-detection/data/raw/Healthy/Healthy_313.png,0,No_DR
/home/neon-cultivator/us/diabetic-retinopathy-detection/data/raw/Mild DR/Mild_DR_66.png,1,Mild
/home/neon-cultivator/us/diabetic-retinopathy-detection/data/raw/Proliferate DR/Proliferate DR_193.png,4,Proliferative_DR
/home/neon-cultivator/us/diabetic-retinopathy-detection/data/raw/Healthy/Healthy_967.png,0,No_DR
/home/neon-cultivator/us/diabetic-retinopathy-detection/data/raw/Healthy/Healthy_974.png,0,No_DR
/home/neon-cultivator/us/diabetic-retinopathy-detection/data/raw/Healthy/Healthy_844.png,0,No_DR
/home/neon-cultivator/us/diabetic-retinopathy-detection/data/raw/Proliferate DR/Proliferate DR_95.png,4,Proliferative_DR
/home/neon-cultivator/us/diabetic-retinopathy-detection/data/raw/Healthy/Healthy_202.png,0,No_DR
/home/neon-cultivator/us/diabetic-retinopathy-detection/data/raw/Proliferate DR/Proliferate DR_145.png,4,Proliferative_DR
/home/neon-cultivator/us/diabetic-retinopathy-detection/data/raw/Healthy/Healthy_154.png,0,No_DR
/home/neon-cultivator/us/diabetic-retinopathy-detection/data/raw/Healthy/Healthy_222.png,0,No_DR
/home/neon-cultivator/us/diabetic-retinopathy-detection/data/raw/Moderate DR/Moderate_DR_462.png,2,Moderate
/home/neon-cultivator/us/diabetic-retinopathy-detection/data/raw/Moderate DR/Moderate_DR_28.png,2,Moderate
/home/neon-cultivator/us/diabetic-retinopathy-detection/data/raw/Severe DR/Severe DR_127.png,3,Severe
/home/neon-cultivator/us/diabetic-retinopathy-detection/data/raw/Moderate DR/Moderate_DR_406.png,2,Moderate
/home/neon-cultivator/us/diabetic-retinopathy-detection/data/raw/Healthy/Healthy_847.png,0,No_DR
/home/neon-cultivator/us/diabetic-retinopathy-detection/data/raw/Proliferate DR/Proliferate DR_137.png,4,Proliferative_DR
/home/neon-cultivator/us/diabetic-retinopathy-detection/data/raw/Moderate DR/Moderate_DR_292.png,2,Moderate
/home/neon-cultivator/us/diabetic-retinopathy-detection/data/raw/Severe DR/Severe DR_9.png,3,Severe
/home/neon-cultivator/us/diabetic-retinopathy-detection/data/raw/Healthy/Healthy_117.png,0,No_DR
/home/neon-cultivator/us/diabetic-retinopathy-detection/data/raw/Moderate DR/Moderate_DR_121.png,2,Moderate
/home/neon-cultivator/us/diabetic-retinopathy-detection/data/raw/Proliferate DR/Proliferate DR_55.png,4,Proliferative_DR
/home/neon-cultivator/us/diabetic-retinopathy-detection/data/raw/Mild DR/Mild_DR_15.png,1,Mild
/home/neon-cultivator/us/diabetic-retinopathy-detection/data/raw/Moderate DR/Moderate_DR_504.png,2,Moderate
/home/neon-cultivator/us/diabetic-retinopathy-detection/data/raw/Healthy/Healthy_302.png,0,No_DR
/home/neon-cultivator/us/diabetic-retinopathy-detection/data/raw/Moderate DR/Moderate_DR_335.png,2,Moderate
/home/neon-cultivator/us/diabetic-retinopathy-detection/data/raw/Healthy/Healthy_591.png,0,No_DR
/home/neon-cultivator/us/diabetic-retinopathy-detection/data/raw/Proliferate DR/Proliferate DR_189.png,4,Proliferative_DR
/home/neon-cultivator/us/diabetic-retinopathy-detection/data/raw/Moderate DR/Moderate_DR_427.png,2,Moderate
/home/neon-cultivator/us/diabetic-retinopathy-detection/data/raw/Healthy/Healthy_445.png,0,No_DR
/home/neon-cultivator/us/diabetic-retinopathy-detection/data/raw/Healthy/Healthy_348.png,0,No_DR
/home/neon-cultivator/us/diabetic-retinopathy-detection/data/raw/Severe DR/Severe DR_20.png,3,Severe
/home/neon-cultivator/us/diabetic-retinopathy-detection/data/raw/Healthy/Healthy_94.png,0,No_DR
/home/neon-cultivator/us/diabetic-retinopathy-detection/data/raw/Healthy/Healthy_37.png,0,No_DR
/home/neon-cultivator/us/diabetic-retinopathy-detection/data/raw/Proliferate DR/Proliferate DR_287.png,4,Proliferative_DR
/home/neon-cultivator/us/diabetic-retinopathy-detection/data/raw/Severe DR/Severe DR_3.png,3,Severe
/home/neon-cultivator/us/diabetic-retinopathy-detection/data/raw/Severe DR/Severe DR_187.png,3,Severe
/home/neon-cultivator/us/diabetic-retinopathy-detection/data/raw/Healthy/Healthy_294.png,0,No_DR
/home/neon-cultivator/us/diabetic-retinopathy-detection/data/raw/Healthy/Healthy_237.png,0,No_DR
/home/neon-cultivator/us/diabetic-retinopathy-detection/data/raw/Moderate DR/Moderate_DR_141.png,2,Moderate
/home/neon-cultivator/us/diabetic-retinopathy-detection/data/raw/Healthy/Healthy_544.png,0,No_DR
/home/neon-cultivator/us/diabetic-retinopathy-detection/data/raw/Healthy/Healthy_325.png,0,No_DR
/home/neon-cultivator/us/diabetic-retinopathy-detection/data/raw/Proliferate DR/Proliferate DR_219.png,4,Proliferative_DR
/home/neon-cultivator/us/diabetic-retinopathy-detection/data/raw/Moderate DR/Moderate_DR_896.png,2,Moderate
/home/neon-cultivator/us/diabetic-retinopathy-detection/data/raw/Mild DR/Mild_DR_82.png,1,Mild
/home/neon-cultivator/us/diabetic-retinopathy-detection/data/raw/Healthy/Healthy_51.png,0,No_DR
/home/neon-cultivator/us/diabetic-retinopathy-detection/data/raw/Moderate DR/Moderate_DR_837.png,2,Moderate
/home/neon-cultivator/us/diabetic-retinopathy-detection/data/raw/Severe DR/Severe DR_63.png,3,Severe
/home/neon-cultivator/us/diabetic-retinopathy-detection/data/raw/Moderate DR/Moderate_DR_677.png,2,Moderate
/home/neon-cultivator/us/diabetic-retinopathy-detection/data/raw/Healthy/Healthy_158.png,0,No_DR
/home/neon-cultivator/us/diabetic-retinopathy-detection/data/raw/Healthy/Healthy_450.png,0,No_DR
/home/neon-cultivator/us/diabetic-retinopathy-detection/data/raw/Moderate DR/Moderate_DR_47.png,2,Moderate
/home/neon-cultivator/us/diabetic-retinopathy-detection/data/raw/Moderate DR/Moderate_DR_13.png,2,Moderate
/home/neon-cultivator/us/diabetic-retinopathy-detection/data/raw/Healthy/Healthy_959.png,0,No_DR
/home/neon-cultivator/us/diabetic-retinopathy-detection/data/raw/Mild DR/Mild_DR_149.png,1,Mild
/home/neon-cultivator/us/diabetic-retinopathy-detection/data/raw/Moderate DR/Moderate_DR_737.png,2,Moderate
/home/neon-cultivator/us/diabetic-retinopathy-detection/data/raw/Moderate DR/Moderate_DR_55.png,2,Moderate
/home/neon-cultivator/us/diabetic-retinopathy-detection/data/raw/Proliferate DR/Proliferate DR_288.png,4,Proliferative_DR
/home/neon-cultivator/us/diabetic-retinopathy-detection/data/raw/Moderate DR/Moderate_DR_629.png,2,Moderate
/home/neon-cultivator/us/diabetic-retinopathy-detection/data/raw/Mild DR/Mild_DR_204.png,1,Mild
/home/neon-cultivator/us/diabetic-retinopathy-detection/data/raw/Mild DR/Mild_DR_159.png,1,Mild
/home/neon-cultivator/us/diabetic-retinopathy-detection/data/raw/Healthy/Healthy_570.png,0,No_DR
/home/neon-cultivator/us/diabetic-retinopathy-detection/data/raw/Proliferate DR/Proliferate DR_49.png,4,Proliferative_DR
/home/neon-cultivator/us/diabetic-retinopathy-detection/data/raw/Healthy/Healthy_692.png,0,No_DR
/home/neon-cultivator/us/diabetic-retinopathy-detection/data/raw/Severe DR/Severe DR_125.png,3,Severe
/home/neon-cultivator/us/diabetic-retinopathy-detection/data/raw/Mild DR/Mild_DR_348.png,1,Mild
/home/neon-cultivator/us/diabetic-retinopathy-detection/data/raw/Moderate DR/Moderate_DR_789.png,2,Moderate
/home/neon-cultivator/us/diabetic-retinopathy-detection/data/raw/Moderate DR/Moderate_DR_116.png,2,Moderate
/home/neon-cultivator/us/diabetic-retinopathy-detection/data/raw/Healthy/Healthy_263.png,0,No_DR
/home/neon-cultivator/us/diabetic-retinopathy-detection/data/raw/Mild DR/Mild_DR_158.png,1,Mild
/home/neon-cultivator/us/diabetic-retinopathy-detection/data/raw/Severe DR/Severe DR_183.png,3,Severe
/home/neon-cultivator/us/diabetic-retinopathy-detection/data/raw/Healthy/Healthy_505.png,0,No_DR
/home/neon-cultivator/us/diabetic-retinopathy-detection/data/raw/Healthy/Healthy_957.png,0,No_DR
/home/neon-cultivator/us/diabetic-retinopathy-detection/data/raw/Healthy/Healthy_218.png,0,No_DR
/home/neon-cultivator/us/diabetic-retinopathy-detection/data/raw/Proliferate DR/Proliferate DR_50.png,4,Proliferative_DR
/home/neon-cultivator/us/diabetic-retinopathy-detection/data/raw/Moderate DR/Moderate_DR_899.png,2,Moderate
/home/neon-cultivator/us/diabetic-retinopathy-detection/data/raw/Moderate DR/Moderate_DR_314.png,2,Moderate
/home/neon-cultivator/us/diabetic-retinopathy-detection/data/raw/Moderate DR/Moderate_DR_871.png,2,Moderate
/home/neon-cultivator/us/diabetic-retinopathy-detection/data/raw/Moderate DR/Moderate_DR_386.png,2,Moderate
/home/neon-cultivator/us/diabetic-retinopathy-detection/data/raw/Healthy/Healthy_616.png,0,No_DR
/home/neon-cultivator/us/diabetic-retinopathy-detection/data/raw/Proliferate DR/Proliferate DR_80.png,4,Proliferative_DR
/home/neon-cultivator/us/diabetic-retinopathy-detection/data/raw/Severe DR/Severe DR_137.png,3,Severe
/home/neon-cultivator/us/diabetic-retinopathy-detection/data/raw/Healthy/Healthy_438.png,0,No_DR
/home/neon-cultivator/us/diabetic-retinopathy-detection/data/raw/Mild DR/Mild_DR_224.png,1,Mild
/home/neon-cultivator/us/diabetic-retinopathy-detection/data/raw/Proliferate DR/Proliferate DR_134.png,4,Proliferative_DR
/home/neon-cultivator/us/diabetic-retinopathy-detection/data/raw/Moderate DR/Moderate_DR_535.png,2,Moderate
/home/neon-cultivator/us/diabetic-retinopathy-detection/data/raw/Healthy/Healthy_607.png,0,No_DR
/home/neon-cultivator/us/diabetic-retinopathy-detection/data/raw/Moderate DR/Moderate_DR_508.png,2,Moderate
/home/neon-cultivator/us/diabetic-retinopathy-detection/data/raw/Moderate DR/Moderate_DR_625.png,2,Moderate
/home/neon-cultivator/us/diabetic-retinopathy-detection/data/raw/Moderate DR/Moderate_DR_874.png,2,Moderate
/home/neon-cultivator/us/diabetic-retinopathy-detection/data/raw/Moderate DR/Moderate_DR_193.png,2,Moderate
/home/neon-cultivator/us/diabetic-retinopathy-detection/data/raw/Healthy/Healthy_477.png,0,No_DR
/home/neon-cultivator/us/diabetic-retinopathy-detection/data/raw/Moderate DR/Moderate_DR_877.png,2,Moderate
/home/neon-cultivator/us/diabetic-retinopathy-detection/data/raw/Healthy/Healthy_140.png,0,No_DR
/home/neon-cultivator/us/diabetic-retinopathy-detection/data/raw/Moderate DR/Moderate_DR_167.png,2,Moderate
/home/neon-cultivator/us/diabetic-retinopathy-detection/data/raw/Severe DR/Severe DR_90.png,3,Severe
/home/neon-cultivator/us/diabetic-retinopathy-detection/data/raw/Proliferate DR/Proliferate DR_180.png,4,Proliferative_DR
/home/neon-cultivator/us/diabetic-retinopathy-detection/data/raw/Moderate DR/Moderate_DR_358.png,2,Moderate
/home/neon-cultivator/us/diabetic-retinopathy-detection/data/raw/Proliferate DR/Proliferate DR_82.png,4,Proliferative_DR
/home/neon-cultivator/us/diabetic-retinopathy-detection/data/raw/Healthy/Healthy_864.png,0,No_DR
/home/neon-cultivator/us/diabetic-retinopathy-detection/data/raw/Healthy/Healthy_475.png,0,No_DR
/home/neon-cultivator/us/diabetic-retinopathy-detection/data/raw/Mild DR/Mild_DR_306.png,1,Mild
/home/neon-cultivator/us/diabetic-retinopathy-detection/data/raw/Healthy/Healthy_199.png,0,No_DR
/home/neon-cultivator/us/diabetic-retinopathy-detection/data/raw/Healthy/Healthy_984.png,0,No_DR
/home/neon-cultivator/us/diabetic-retinopathy-detection/data/raw/Moderate DR/Moderate_DR_133.png,2,Moderate
/home/neon-cultivator/us/diabetic-retinopathy-detection/data/raw/Healthy/Healthy_943.png,0,No_DR
/home/neon-cultivator/us/diabetic-retinopathy-detection/data/raw/Moderate DR/Moderate_DR_815.png,2,Moderate
/home/neon-cultivator/us/diabetic-retinopathy-detection/data/raw/Healthy/Healthy_908.png,0,No_DR
/home/neon-cultivator/us/diabetic-retinopathy-detection/data/raw/Mild DR/Mild_DR_125.png,1,Mild
/home/neon-cultivator/us/diabetic-retinopathy-detection/data/raw/Healthy/Healthy_781.png,0,No_DR
/home/neon-cultivator/us/diabetic-retinopathy-detection/data/raw/Healthy/Healthy_731.png,0,No_DR
/home/neon-cultivator/us/diabetic-retinopathy-detection/data/raw/Mild DR/Mild_DR_196.png,1,Mild
/home/neon-cultivator/us/diabetic-retinopathy-detection/data/raw/Mild DR/Mild_DR_49.png,1,Mild
/home/neon-cultivator/us/diabetic-retinopathy-detection/data/raw/Severe DR/Severe DR_182.png,3,Severe
/home/neon-cultivator/us/diabetic-retinopathy-detection/data/raw/Healthy/Healthy_608.png,0,No_DR
/home/neon-cultivator/us/diabetic-retinopathy-detection/data/raw/Moderate DR/Moderate_DR_330.png,2,Moderate
/home/neon-cultivator/us/diabetic-retinopathy-detection/data/raw/Proliferate DR/Proliferate DR_214.png,4,Proliferative_DR
/home/neon-cultivator/us/diabetic-retinopathy-detection/data/raw/Healthy/Healthy_798.png,0,No_DR
/home/neon-cultivator/us/diabetic-retinopathy-detection/data/raw/Proliferate DR/Proliferate DR_154.png,4,Proliferative_DR
/home/neon-cultivator/us/diabetic-retinopathy-detection/data/raw/Moderate DR/Moderate_DR_589.png,2,Moderate
/home/neon-cultivator/us/diabetic-retinopathy-detection/data/raw/Proliferate DR/Proliferate DR_45.png,4,Proliferative_DR
/home/neon-cultivator/us/diabetic-retinopathy-detection/data/raw/Moderate DR/Moderate_DR_86.png,2,Moderate
/home/neon-cultivator/us/diabetic-retinopathy-detection/data/raw/Healthy/Healthy_279.png,0,No_DR
/home/neon-cultivator/us/diabetic-retinopathy-detection/data/raw/Healthy/Healthy_521.png,0,No_DR
/home/neon-cultivator/us/diabetic-retinopathy-detection/data/raw/Moderate DR/Moderate_DR_656.png,2,Moderate
/home/neon-cultivator/us/diabetic-retinopathy-detection/data/raw/Healthy/Healthy_903.png,0,No_DR
/home/neon-cultivator/us/diabetic-retinopathy-detection/data/raw/Proliferate DR/Proliferate DR_126.png,4,Proliferative_DR
/home/neon-cultivator/us/diabetic-retinopathy-detection/data/raw/Healthy/Healthy_269.png,0,No_DR
/home/neon-cultivator/us/diabetic-retinopathy-detection/data/raw/Moderate DR/Moderate_DR_215.png,2,Moderate
/home/neon-cultivator/us/diabetic-retinopathy-detection/data/raw/Moderate DR/Moderate_DR_155.png,2,Moderate
/home/neon-cultivator/us/diabetic-retinopathy-detection/data/raw/Proliferate DR/Proliferate DR_130.png,4,Proliferative_DR
/home/neon-cultivator/us/diabetic-retinopathy-detection/data/raw/Moderate DR/Moderate_DR_844.png,2,Moderate
/home/neon-cultivator/us/diabetic-retinopathy-detection/data/raw/Moderate DR/Moderate_DR_320.png,2,Moderate
/home/neon-cultivator/us/diabetic-retinopathy-detection/data/raw/Mild DR/Mild_DR_289.png,1,Mild
/home/neon-cultivator/us/diabetic-retinopathy-detection/data/raw/Mild DR/Mild_DR_225.png,1,Mild
/home/neon-cultivator/us/diabetic-retinopathy-detection/data/raw/Healthy/Healthy_120.png,0,No_DR
/home/neon-cultivator/us/diabetic-retinopathy-detection/data/raw/Healthy/Healthy_378.png,0,No_DR
/home/neon-cultivator/us/diabetic-retinopathy-detection/data/raw/Moderate DR/Moderate_DR_611.png,2,Moderate
/home/neon-cultivator/us/diabetic-retinopathy-detection/data/raw/Mild DR/Mild_DR_245.png,1,Mild
/home/neon-cultivator/us/diabetic-retinopathy-detection/data/raw/Moderate DR/Moderate_DR_404.png,2,Moderate
/home/neon-cultivator/us/diabetic-retinopathy-detection/data/raw/Moderate DR/Moderate_DR_765.png,2,Moderate
/home/neon-cultivator/us/diabetic-retinopathy-detection/data/raw/Healthy/Healthy_902.png,0,No_DR
/home/neon-cultivator/us/diabetic-retinopathy-detection/data/raw/Moderate DR/Moderate_DR_632.png,2,Moderate
/home/neon-cultivator/us/diabetic-retinopathy-detection/data/raw/Moderate DR/Moderate_DR_347.png,2,Moderate
/home/neon-cultivator/us/diabetic-retinopathy-detection/data/raw/Healthy/Healthy_644.png,0,No_DR
/home/neon-cultivator/us/diabetic-retinopathy-detection/data/raw/Moderate DR/Moderate_DR_312.png,2,Moderate
/home/neon-cultivator/us/diabetic-retinopathy-detection/data/raw/Moderate DR/Moderate_DR_202.png,2,Moderate
/home/neon-cultivator/us/diabetic-retinopathy-detection/data/raw/Moderate DR/Moderate_DR_692.png,2,Moderate
/home/neon-cultivator/us/diabetic-retinopathy-detection/data/raw/Proliferate DR/Proliferate DR_183.png,4,Proliferative_DR
/home/neon-cultivator/us/diabetic-retinopathy-detection/data/raw/Proliferate DR/Proliferate DR_173.png,4,Proliferative_DR
/home/neon-cultivator/us/diabetic-retinopathy-detection/data/raw/Healthy/Healthy_554.png,0,No_DR
/home/neon-cultivator/us/diabetic-retinopathy-detection/data/raw/Mild DR/Mild_DR_42.png,1,Mild
/home/neon-cultivator/us/diabetic-retinopathy-detection/data/raw/Moderate DR/Moderate_DR_222.png,2,Moderate
/home/neon-cultivator/us/diabetic-retinopathy-detection/data/raw/Healthy/Healthy_863.png,0,No_DR
/home/neon-cultivator/us/diabetic-retinopathy-detection/data/raw/Mild DR/Mild_DR_156.png,1,Mild
/home/neon-cultivator/us/diabetic-retinopathy-detection/data/raw/Healthy/Healthy_825.png,0,No_DR
/home/neon-cultivator/us/diabetic-retinopathy-detection/data/raw/Moderate DR/Moderate_DR_433.png,2,Moderate
/home/neon-cultivator/us/diabetic-retinopathy-detection/data/raw/Moderate DR/Moderate_DR_57.png,2,Moderate
/home/neon-cultivator/us/diabetic-retinopathy-detection/data/raw/Mild DR/Mild_DR_217.png,1,Mild
/home/neon-cultivator/us/diabetic-retinopathy-detection/data/raw/Healthy/Healthy_134.png,0,No_DR
/home/neon-cultivator/us/diabetic-retinopathy-detection/data/raw/Moderate DR/Moderate_DR_836.png,2,Moderate
/home/neon-cultivator/us/diabetic-retinopathy-detection/data/raw/Healthy/Healthy_443.png,0,No_DR
/home/neon-cultivator/us/diabetic-retinopathy-detection/data/raw/Moderate DR/Moderate_DR_833.png,2,Moderate
/home/neon-cultivator/us/diabetic-retinopathy-detection/data/raw/Moderate DR/Moderate_DR_387.png,2,Moderate
/home/neon-cultivator/us/diabetic-retinopathy-detection/data/raw/Proliferate DR/Proliferate DR_268.png,4,Proliferative_DR
/home/neon-cultivator/us/diabetic-retinopathy-detection/data/raw/Moderate DR/Moderate_DR_56.png,2,Moderate
/home/neon-cultivator/us/diabetic-retinopathy-detection/data/raw/Healthy/Healthy_413.png,0,No_DR
/home/neon-cultivator/us/diabetic-retinopathy-detection/data/raw/Moderate DR/Moderate_DR_17.png,2,Moderate
/home/neon-cultivator/us/diabetic-retinopathy-detection/data/raw/Moderate DR/Moderate_DR_857.png,2,Moderate
/home/neon-cultivator/us/diabetic-retinopathy-detection/data/raw/Moderate DR/Moderate_DR_21.png,2,Moderate
/home/neon-cultivator/us/diabetic-retinopathy-detection/data/raw/Proliferate DR/Proliferate DR_149.png,4,Proliferative_DR
/home/neon-cultivator/us/diabetic-retinopathy-detection/data/raw/Moderate DR/Moderate_DR_416.png,2,Moderate
/home/neon-cultivator/us/diabetic-retinopathy-detection/data/raw/Mild DR/Mild_DR_8.png,1,Mild
/home/neon-cultivator/us/diabetic-retinopathy-detection/data/raw/Proliferate DR/Proliferate DR_163.png,4,Proliferative_DR
/home/neon-cultivator/us/diabetic-retinopathy-detection/data/raw/Healthy/Healthy_495.png,0,No_DR
/home/neon-cultivator/us/diabetic-retinopathy-detection/data/raw/Proliferate DR/Proliferate DR_70.png,4,Proliferative_DR
/home/neon-cultivator/us/diabetic-retinopathy-detection/data/raw/Moderate DR/Moderate_DR_474.png,2,Moderate
/home/neon-cultivator/us/diabetic-retinopathy-detection/data/raw/Mild DR/Mild_DR_26.png,1,Mild
/home/neon-cultivator/us/diabetic-retinopathy-detection/data/raw/Moderate DR/Moderate_DR_304.png,2,Moderate
/home/neon-cultivator/us/diabetic-retinopathy-detection/data/raw/Moderate DR/Moderate_DR_614.png,2,Moderate
/home/neon-cultivator/us/diabetic-retinopathy-detection/data/raw/Healthy/Healthy_41.png,0,No_DR
/home/neon-cultivator/us/diabetic-retinopathy-detection/data/raw/Severe DR/Severe DR_67.png,3,Severe
/home/neon-cultivator/us/diabetic-retinopathy-detection/data/raw/Healthy/Healthy_541.png,0,No_DR
/home/neon-cultivator/us/diabetic-retinopathy-detection/data/raw/Severe DR/Severe DR_71.png,3,Severe
/home/neon-cultivator/us/diabetic-retinopathy-detection/data/raw/Healthy/Healthy_905.png,0,No_DR
/home/neon-cultivator/us/diabetic-retinopathy-detection/data/raw/Healthy/Healthy_760.png,0,No_DR
/home/neon-cultivator/us/diabetic-retinopathy-detection/data/raw/Healthy/Healthy_71.png,0,No_DR
/home/neon-cultivator/us/diabetic-retinopathy-detection/data/raw/Mild DR/Mild_DR_186.png,1,Mild
/home/neon-cultivator/us/diabetic-retinopathy-detection/data/raw/Healthy/Healthy_680.png,0,No_DR
/home/neon-cultivator/us/diabetic-retinopathy-detection/data/raw/Severe DR/Severe DR_18.png,3,Severe
/home/neon-cultivator/us/diabetic-retinopathy-detection/data/raw/Healthy/Healthy_829.png,0,No_DR
/home/neon-cultivator/us/diabetic-retinopathy-detection/data/raw/Moderate DR/Moderate_DR_378.png,2,Moderate
/home/neon-cultivator/us/diabetic-retinopathy-detection/data/raw/Healthy/Healthy_436.png,0,No_DR
/home/neon-cultivator/us/diabetic-retinopathy-detection/data/raw/Moderate DR/Moderate_DR_541.png,2,Moderate
/home/neon-cultivator/us/diabetic-retinopathy-detection/data/raw/Moderate DR/Moderate_DR_204.png,2,Moderate
/home/neon-cultivator/us/diabetic-retinopathy-detection/data/raw/Healthy/Healthy_123.png,0,No_DR
/home/neon-cultivator/us/diabetic-retinopathy-detection/data/raw/Healthy/Healthy_558.png,0,No_DR
/home/neon-cultivator/us/diabetic-retinopathy-detection/data/raw/Proliferate DR/Proliferate DR_227.png,4,Proliferative_DR
/home/neon-cultivator/us/diabetic-retinopathy-detection/data/raw/Healthy/Healthy_954.png,0,No_DR
/home/neon-cultivator/us/diabetic-retinopathy-detection/data/raw/Healthy/Healthy_181.png,0,No_DR
/home/neon-cultivator/us/diabetic-retinopathy-detection/data/raw/Healthy/Healthy_982.png,0,No_DR
/home/neon-cultivator/us/diabetic-retinopathy-detection/data/raw/Healthy/Healthy_323.png,0,No_DR
/home/neon-cultivator/us/diabetic-retinopathy-detection/data/raw/Mild DR/Mild_DR_76.png,1,Mild
/home/neon-cultivator/us/diabetic-retinopathy-detection/data/raw/Mild DR/Mild_DR_77.png,1,Mild
/home/neon-cultivator/us/diabetic-retinopathy-detection/data/raw/Moderate DR/Moderate_DR_405.png,2,Moderate
/home/neon-cultivator/us/diabetic-retinopathy-detection/data/raw/Proliferate DR/Proliferate DR_246.png,4,Proliferative_DR
/home/neon-cultivator/us/diabetic-retinopathy-detection/data/raw/Moderate DR/Moderate_DR_801.png,2,Moderate
/home/neon-cultivator/us/diabetic-retinopathy-detection/data/raw/Moderate DR/Moderate_DR_517.png,2,Moderate
/home/neon-cultivator/us/diabetic-retinopathy-detection/data/raw/Proliferate DR/Proliferate DR_293.png,4,Proliferative_DR
/home/neon-cultivator/us/diabetic-retinopathy-detection/data/raw/Proliferate DR/Proliferate DR_159.png,4,Proliferative_DR
/home/neon-cultivator/us/diabetic-retinopathy-detection/data/raw/Severe DR/Severe DR_24.png,3,Severe
/home/neon-cultivator/us/diabetic-retinopathy-detection/data/raw/Mild DR/Mild_DR_142.png,1,Mild
/home/neon-cultivator/us/diabetic-retinopathy-detection/data/raw/Healthy/Healthy_252.png,0,No_DR
/home/neon-cultivator/us/diabetic-retinopathy-detection/data/raw/Mild DR/Mild_DR_19.png,1,Mild
/home/neon-cultivator/us/diabetic-retinopathy-detection/data/raw/Healthy/Healthy_641.png,0,No_DR
/home/neon-cultivator/us/diabetic-retinopathy-detection/data/raw/Healthy/Healthy_469.png,0,No_DR
/home/neon-cultivator/us/diabetic-retinopathy-detection/data/raw/Healthy/Healthy_299.png,0,No_DR
/home/neon-cultivator/us/diabetic-retinopathy-detection/data/raw/Healthy/Healthy_547.png,0,No_DR
/home/neon-cultivator/us/diabetic-retinopathy-detection/data/raw/Mild DR/Mild_DR_9.png,1,Mild
/home/neon-cultivator/us/diabetic-retinopathy-detection/data/raw/Moderate DR/Moderate_DR_203.png,2,Moderate
/home/neon-cultivator/us/diabetic-retinopathy-detection/data/raw/Healthy/Healthy_253.png,0,No_DR
/home/neon-cultivator/us/diabetic-retinopathy-detection/data/raw/Severe DR/Severe DR_82.png,3,Severe
/home/neon-cultivator/us/diabetic-retinopathy-detection/data/raw/Moderate DR/Moderate_DR_760.png,2,Moderate
/home/neon-cultivator/us/diabetic-retinopathy-detection/data/raw/Healthy/Healthy_578.png,0,No_DR
/home/neon-cultivator/us/diabetic-retinopathy-detection/data/raw/Healthy/Healthy_828.png,0,No_DR
/home/neon-cultivator/us/diabetic-retinopathy-detection/data/raw/Mild DR/Mild_DR_366.png,1,Mild
/home/neon-cultivator/us/diabetic-retinopathy-detection/data/raw/Healthy/Healthy_76.png,0,No_DR
/home/neon-cultivator/us/diabetic-retinopathy-detection/data/raw/Healthy/Healthy_973.png,0,No_DR
/home/neon-cultivator/us/diabetic-retinopathy-detection/data/raw/Severe DR/Severe DR_46.png,3,Severe
/home/neon-cultivator/us/diabetic-retinopathy-detection/data/raw/Moderate DR/Moderate_DR_554.png,2,Moderate
/home/neon-cultivator/us/diabetic-retinopathy-detection/data/raw/Mild DR/Mild_DR_307.png,1,Mild
/home/neon-cultivator/us/diabetic-retinopathy-detection/data/raw/Healthy/Healthy_17.png,0,No_DR
/home/neon-cultivator/us/diabetic-retinopathy-detection/data/raw/Healthy/Healthy_733.png,0,No_DR
/home/neon-cultivator/us/diabetic-retinopathy-detection/data/raw/Moderate DR/Moderate_DR_792.png,2,Moderate
/home/neon-cultivator/us/diabetic-retinopathy-detection/data/raw/Healthy/Healthy_935.png,0,No_DR
/home/neon-cultivator/us/diabetic-retinopathy-detection/data/raw/Moderate DR/Moderate_DR_365.png,2,Moderate
/home/neon-cultivator/us/diabetic-retinopathy-detection/data/raw/Healthy/Healthy_569.png,0,No_DR
/home/neon-cultivator/us/diabetic-retinopathy-detection/data/raw/Moderate DR/Moderate_DR_297.png,2,Moderate
/home/neon-cultivator/us/diabetic-retinopathy-detection/data/raw/Moderate DR/Moderate_DR_890.png,2,Moderate
/home/neon-cultivator/us/diabetic-retinopathy-detection/data/raw/Moderate DR/Moderate_DR_848.png,2,Moderate
/home/neon-cultivator/us/diabetic-retinopathy-detection/data/raw/Healthy/Healthy_613.png,0,No_DR
/home/neon-cultivator/us/diabetic-retinopathy-detection/data/raw/Moderate DR/Moderate_DR_676.png,2,Moderate
/home/neon-cultivator/us/diabetic-retinopathy-detection/data/raw/Healthy/Healthy_833.png,0,No_DR
/home/neon-cultivator/us/diabetic-retinopathy-detection/data/raw/Healthy/Healthy_97.png,0,No_DR
/home/neon-cultivator/us/diabetic-retinopathy-detection/data/raw/Proliferate DR/Proliferate DR_99.png,4,Proliferative_DR
/home/neon-cultivator/us/diabetic-retinopathy-detection/data/raw/Healthy/Healthy_899.png,0,No_DR
/home/neon-cultivator/us/diabetic-retinopathy-detection/data/raw/Severe DR/Severe DR_151.png,3,Severe
/home/neon-cultivator/us/diabetic-retinopathy-detection/data/raw/Mild DR/Mild_DR_268.png,1,Mild
/home/neon-cultivator/us/diabetic-retinopathy-detection/data/raw/Healthy/Healthy_191.png,0,No_DR
/home/neon-cultivator/us/diabetic-retinopathy-detection/data/raw/Proliferate DR/Proliferate DR_79.png,4,Proliferative_DR
/home/neon-cultivator/us/diabetic-retinopathy-detection/data/raw/Moderate DR/Moderate_DR_6.png,2,Moderate
/home/neon-cultivator/us/diabetic-retinopathy-detection/data/raw/Healthy/Healthy_301.png,0,No_DR
/home/neon-cultivator/us/diabetic-retinopathy-detection/data/raw/Healthy/Healthy_976.png,0,No_DR
/home/neon-cultivator/us/diabetic-retinopathy-detection/data/raw/Severe DR/Severe DR_110.png,3,Severe
/home/neon-cultivator/us/diabetic-retinopathy-detection/data/raw/Healthy/Healthy_536.png,0,No_DR
/home/neon-cultivator/us/diabetic-retinopathy-detection/data/raw/Moderate DR/Moderate_DR_492.png,2,Moderate
/home/neon-cultivator/us/diabetic-retinopathy-detection/data/raw/Healthy/Healthy_877.png,0,No_DR
/home/neon-cultivator/us/diabetic-retinopathy-detection/data/raw/Healthy/Healthy_131.png,0,No_DR
/home/neon-cultivator/us/diabetic-retinopathy-detection/data/raw/Mild DR/Mild_DR_202.png,1,Mild
/home/neon-cultivator/us/diabetic-retinopathy-detection/data/raw/Moderate DR/Moderate_DR_104.png,2,Moderate
/home/neon-cultivator/us/diabetic-retinopathy-detection/data/raw/Moderate DR/Moderate_DR_420.png,2,Moderate
/home/neon-cultivator/us/diabetic-retinopathy-detection/data/raw/Moderate DR/Moderate_DR_127.png,2,Moderate
/home/neon-cultivator/us/diabetic-retinopathy-detection/data/raw/Healthy/Healthy_712.png,0,No_DR
/home/neon-cultivator/us/diabetic-retinopathy-detection/data/raw/Moderate DR/Moderate_DR_154.png,2,Moderate
/home/neon-cultivator/us/diabetic-retinopathy-detection/data/raw/Moderate DR/Moderate_DR_169.png,2,Moderate
/home/neon-cultivator/us/diabetic-retinopathy-detection/data/raw/Healthy/Healthy_995.png,0,No_DR
/home/neon-cultivator/us/diabetic-retinopathy-detection/data/raw/Healthy/Healthy_4.png,0,No_DR
/home/neon-cultivator/us/diabetic-retinopathy-detection/data/raw/Proliferate DR/Proliferate DR_203.png,4,Proliferative_DR
/home/neon-cultivator/us/diabetic-retinopathy-detection/data/raw/Severe DR/Severe DR_130.png,3,Severe
/home/neon-cultivator/us/diabetic-retinopathy-detection/data/raw/Mild DR/Mild_DR_188.png,1,Mild
/home/neon-cultivator/us/diabetic-retinopathy-detection/data/raw/Proliferate DR/Proliferate DR_101.png,4,Proliferative_DR
/home/neon-cultivator/us/diabetic-retinopathy-detection/data/raw/Healthy/Healthy_430.png,0,No_DR
/home/neon-cultivator/us/diabetic-retinopathy-detection/data/raw/Healthy/Healthy_803.png,0,No_DR
/home/neon-cultivator/us/diabetic-retinopathy-detection/data/raw/Moderate DR/Moderate_DR_588.png,2,Moderate
/home/neon-cultivator/us/diabetic-retinopathy-detection/data/raw/Healthy/Healthy_95.png,0,No_DR
/home/neon-cultivator/us/diabetic-retinopathy-detection/data/raw/Moderate DR/Moderate_DR_176.png,2,Moderate
/home/neon-cultivator/us/diabetic-retinopathy-detection/data/raw/Healthy/Healthy_893.png,0,No_DR
/home/neon-cultivator/us/diabetic-retinopathy-detection/data/raw/Moderate DR/Moderate_DR_142.png,2,Moderate
/home/neon-cultivator/us/diabetic-retinopathy-detection/data/raw/Mild DR/Mild_DR_124.png,1,Mild
/home/neon-cultivator/us/diabetic-retinopathy-detection/data/raw/Mild DR/Mild_DR_297.png,1,Mild
/home/neon-cultivator/us/diabetic-retinopathy-detection/data/raw/Moderate DR/Moderate_DR_15.png,2,Moderate
/home/neon-cultivator/us/diabetic-retinopathy-detection/data/raw/Healthy/Healthy_941.png,0,No_DR
/home/neon-cultivator/us/diabetic-retinopathy-detection/data/raw/Moderate DR/Moderate_DR_249.png,2,Moderate
/home/neon-cultivator/us/diabetic-retinopathy-detection/data/raw/Mild DR/Mild_DR_130.png,1,Mild
/home/neon-cultivator/us/diabetic-retinopathy-detection/data/raw/Moderate DR/Moderate_DR_624.png,2,Moderate
/home/neon-cultivator/us/diabetic-retinopathy-detection/data/raw/Moderate DR/Moderate_DR_548.png,2,Moderate
/home/neon-cultivator/us/diabetic-retinopathy-detection/data/raw/Moderate DR/Moderate_DR_585.png,2,Moderate
/home/neon-cultivator/us/diabetic-retinopathy-detection/data/raw/Proliferate DR/Proliferate DR_54.png,4,Proliferative_DR
/home/neon-cultivator/us/diabetic-retinopathy-detection/data/raw/Proliferate DR/Proliferate DR_187.png,4,Proliferative_DR
/home/neon-cultivator/us/diabetic-retinopathy-detection/data/raw/Moderate DR/Moderate_DR_755.png,2,Moderate
/home/neon-cultivator/us/diabetic-retinopathy-detection/data/raw/Moderate DR/Moderate_DR_654.png,2,Moderate
/home/neon-cultivator/us/diabetic-retinopathy-detection/data/raw/Healthy/Healthy_196.png,0,No_DR
/home/neon-cultivator/us/diabetic-retinopathy-detection/data/raw/Moderate DR/Moderate_DR_688.png,2,Moderate
/home/neon-cultivator/us/diabetic-retinopathy-detection/data/raw/Severe DR/Severe DR_42.png,3,Severe
/home/neon-cultivator/us/diabetic-retinopathy-detection/data/raw/Moderate DR/Moderate_DR_520.png,2,Moderate
/home/neon-cultivator/us/diabetic-retinopathy-detection/data/raw/Mild DR/Mild_DR_140.png,1,Mild
/home/neon-cultivator/us/diabetic-retinopathy-detection/data/raw/Mild DR/Mild_DR_174.png,1,Mild
/home/neon-cultivator/us/diabetic-retinopathy-detection/data/raw/Moderate DR/Moderate_DR_115.png,2,Moderate
/home/neon-cultivator/us/diabetic-retinopathy-detection/data/raw/Healthy/Healthy_737.png,0,No_DR
/home/neon-cultivator/us/diabetic-retinopathy-detection/data/raw/Moderate DR/Moderate_DR_273.png,2,Moderate
/home/neon-cultivator/us/diabetic-retinopathy-detection/data/raw/Proliferate DR/Proliferate DR_35.png,4,Proliferative_DR
/home/neon-cultivator/us/diabetic-retinopathy-detection/data/raw/Healthy/Healthy_913.png,0,No_DR
/home/neon-cultivator/us/diabetic-retinopathy-detection/data/raw/Healthy/Healthy_757.png,0,No_DR
/home/neon-cultivator/us/diabetic-retinopathy-detection/data/raw/Healthy/Healthy_726.png,0,No_DR
/home/neon-cultivator/us/diabetic-retinopathy-detection/data/raw/Severe DR/Severe DR_80.png,3,Severe
/home/neon-cultivator/us/diabetic-retinopathy-detection/data/raw/Healthy/Healthy_789.png,0,No_DR
/home/neon-cultivator/us/diabetic-retinopathy-detection/data/raw/Proliferate DR/Proliferate DR_284.png,4,Proliferative_DR
/home/neon-cultivator/us/diabetic-retinopathy-detection/data/raw/Severe DR/Severe DR_57.png,3,Severe
/home/neon-cultivator/us/diabetic-retinopathy-detection/data/raw/Proliferate DR/Proliferate DR_108.png,4,Proliferative_DR
/home/neon-cultivator/us/diabetic-retinopathy-detection/data/raw/Moderate DR/Moderate_DR_381.png,2,Moderate
/home/neon-cultivator/us/diabetic-retinopathy-detection/data/raw/Proliferate DR/Proliferate DR_117.png,4,Proliferative_DR
/home/neon-cultivator/us/diabetic-retinopathy-detection/data/raw/Healthy/Healthy_890.png,0,No_DR
/home/neon-cultivator/us/diabetic-retinopathy-detection/data/raw/Moderate DR/Moderate_DR_182.png,2,Moderate
/home/neon-cultivator/us/diabetic-retinopathy-detection/data/raw/Healthy/Healthy_345.png,0,No_DR
/home/neon-cultivator/us/diabetic-retinopathy-detection/data/raw/Moderate DR/Moderate_DR_663.png,2,Moderate
/home/neon-cultivator/us/diabetic-retinopathy-detection/data/raw/Proliferate DR/Proliferate DR_98.png,4,Proliferative_DR
/home/neon-cultivator/us/diabetic-retinopathy-detection/data/raw/Healthy/Healthy_52.png,0,No_DR
/home/neon-cultivator/us/diabetic-retinopathy-detection/data/raw/Mild DR/Mild_DR_249.png,1,Mild
/home/neon-cultivator/us/diabetic-retinopathy-detection/data/raw/Moderate DR/Moderate_DR_377.png,2,Moderate
/home/neon-cultivator/us/diabetic-retinopathy-detection/data/raw/Moderate DR/Moderate_DR_700.png,2,Moderate
/home/neon-cultivator/us/diabetic-retinopathy-detection/data/raw/Healthy/Healthy_912.png,0,No_DR
/home/neon-cultivator/us/diabetic-retinopathy-detection/data/raw/Mild DR/Mild_DR_294.png,1,Mild
/home/neon-cultivator/us/diabetic-retinopathy-detection/data/raw/Healthy/Healthy_593.png,0,No_DR
/home/neon-cultivator/us/diabetic-retinopathy-detection/data/raw/Moderate DR/Moderate_DR_533.png,2,Moderate
/home/neon-cultivator/us/diabetic-retinopathy-detection/data/raw/Healthy/Healthy_907.png,0,No_DR
/home/neon-cultivator/us/diabetic-retinopathy-detection/data/raw/Proliferate DR/Proliferate DR_5.png,4,Proliferative_DR
/home/neon-cultivator/us/diabetic-retinopathy-detection/data/raw/Healthy/Healthy_698.png,0,No_DR
/home/neon-cultivator/us/diabetic-retinopathy-detection/data/raw/Healthy/Healthy_983.png,0,No_DR
/home/neon-cultivator/us/diabetic-retinopathy-detection/data/raw/Healthy/Healthy_564.png,0,No_DR
/home/neon-cultivator/us/diabetic-retinopathy-detection/data/raw/Healthy/Healthy_987.png,0,No_DR
/home/neon-cultivator/us/diabetic-retinopathy-detection/data/raw/Healthy/Healthy_38.png,0,No_DR
/home/neon-cultivator/us/diabetic-retinopathy-detection/data/raw/Healthy/Healthy_897.png,0,No_DR
/home/neon-cultivator/us/diabetic-retinopathy-detection/data/raw/Severe DR/Severe DR_181.png,3,Severe
/home/neon-cultivator/us/diabetic-retinopathy-detection/data/raw/Moderate DR/Moderate_DR_261.png,2,Moderate
/home/neon-cultivator/us/diabetic-retinopathy-detection/data/raw/Moderate DR/Moderate_DR_841.png,2,Moderate
/home/neon-cultivator/us/diabetic-retinopathy-detection/data/raw/Mild DR/Mild_DR_170.png,1,Mild
/home/neon-cultivator/us/diabetic-retinopathy-detection/data/raw/Severe DR/Severe DR_136.png,3,Severe
/home/neon-cultivator/us/diabetic-retinopathy-detection/data/raw/Moderate DR/Moderate_DR_642.png,2,Moderate
/home/neon-cultivator/us/diabetic-retinopathy-detection/data/raw/Moderate DR/Moderate_DR_188.png,2,Moderate
/home/neon-cultivator/us/diabetic-retinopathy-detection/data/raw/Healthy/Healthy_144.png,0,No_DR
/home/neon-cultivator/us/diabetic-retinopathy-detection/data/raw/Moderate DR/Moderate_DR_177.png,2,Moderate
/home/neon-cultivator/us/diabetic-retinopathy-detection/data/raw/Moderate DR/Moderate_DR_258.png,2,Moderate
/home/neon-cultivator/us/diabetic-retinopathy-detection/data/raw/Moderate DR/Moderate_DR_869.png,2,Moderate
/home/neon-cultivator/us/diabetic-retinopathy-detection/data/raw/Severe DR/Severe DR_76.png,3,Severe
/home/neon-cultivator/us/diabetic-retinopathy-detection/data/raw/Moderate DR/Moderate_DR_415.png,2,Moderate
/home/neon-cultivator/us/diabetic-retinopathy-detection/data/raw/Moderate DR/Moderate_DR_59.png,2,Moderate
/home/neon-cultivator/us/diabetic-retinopathy-detection/data/raw/Proliferate DR/Proliferate DR_64.png,4,Proliferative_DR
/home/neon-cultivator/us/diabetic-retinopathy-detection/data/raw/Moderate DR/Moderate_DR_447.png,2,Moderate
/home/neon-cultivator/us/diabetic-retinopathy-detection/data/raw/Healthy/Healthy_879.png,0,No_DR
/home/neon-cultivator/us/diabetic-retinopathy-detection/data/raw/Proliferate DR/Proliferate DR_24.png,4,Proliferative_DR
/home/neon-cultivator/us/diabetic-retinopathy-detection/data/raw/Moderate DR/Moderate_DR_78.png,2,Moderate
/home/neon-cultivator/us/diabetic-retinopathy-detection/data/raw/Severe DR/Severe DR_131.png,3,Severe
/home/neon-cultivator/us/diabetic-retinopathy-detection/data/raw/Healthy/Healthy_457.png,0,No_DR
/home/neon-cultivator/us/diabetic-retinopathy-detection/data/raw/Moderate DR/Moderate_DR_424.png,2,Moderate
/home/neon-cultivator/us/diabetic-retinopathy-detection/data/raw/Moderate DR/Moderate_DR_892.png,2,Moderate
/home/neon-cultivator/us/diabetic-retinopathy-detection/data/raw/Mild DR/Mild_DR_327.png,1,Mild
/home/neon-cultivator/us/diabetic-retinopathy-detection/data/raw/Moderate DR/Moderate_DR_36.png,2,Moderate
/home/neon-cultivator/us/diabetic-retinopathy-detection/data/raw/Mild DR/Mild_DR_100.png,1,Mild
/home/neon-cultivator/us/diabetic-retinopathy-detection/data/raw/Moderate DR/Moderate_DR_279.png,2,Moderate
/home/neon-cultivator/us/diabetic-retinopathy-detection/data/raw/Severe DR/Severe DR_156.png,3,Severe
/home/neon-cultivator/us/diabetic-retinopathy-detection/data/raw/Moderate DR/Moderate_DR_591.png,2,Moderate
/home/neon-cultivator/us/diabetic-retinopathy-detection/data/raw/Healthy/Healthy_152.png,0,No_DR
/home/neon-cultivator/us/diabetic-retinopathy-detection/data/raw/Severe DR/Severe DR_163.png,3,Severe
/home/neon-cultivator/us/diabetic-retinopathy-detection/data/raw/Healthy/Healthy_74.png,0,No_DR
/home/neon-cultivator/us/diabetic-retinopathy-detection/data/raw/Moderate DR/Moderate_DR_171.png,2,Moderate
/home/neon-cultivator/us/diabetic-retinopathy-detection/data/raw/Moderate DR/Moderate_DR_862.png,2,Moderate
/home/neon-cultivator/us/diabetic-retinopathy-detection/data/raw/Moderate DR/Moderate_DR_313.png,2,Moderate
/home/neon-cultivator/us/diabetic-retinopathy-detection/data/raw/Moderate DR/Moderate_DR_275.png,2,Moderate
/home/neon-cultivator/us/diabetic-retinopathy-detection/data/raw/Healthy/Healthy_654.png,0,No_DR
/home/neon-cultivator/us/diabetic-retinopathy-detection/data/raw/Healthy/Healthy_951.png,0,No_DR
/home/neon-cultivator/us/diabetic-retinopathy-detection/data/raw/Mild DR/Mild_DR_85.png,1,Mild
/home/neon-cultivator/us/diabetic-retinopathy-detection/data/raw/Mild DR/Mild_DR_287.png,1,Mild
/home/neon-cultivator/us/diabetic-retinopathy-detection/data/raw/Mild DR/Mild_DR_175.png,1,Mild
/home/neon-cultivator/us/diabetic-retinopathy-detection/data/raw/Proliferate DR/Proliferate DR_83.png,4,Proliferative_DR
/home/neon-cultivator/us/diabetic-retinopathy-detection/data/raw/Moderate DR/Moderate_DR_616.png,2,Moderate
/home/neon-cultivator/us/diabetic-retinopathy-detection/data/raw/Moderate DR/Moderate_DR_729.png,2,Moderate
/home/neon-cultivator/us/diabetic-retinopathy-detection/data/raw/Healthy/Healthy_351.png,0,No_DR
/home/neon-cultivator/us/diabetic-retinopathy-detection/data/raw/Moderate DR/Moderate_DR_772.png,2,Moderate
/home/neon-cultivator/us/diabetic-retinopathy-detection/data/raw/Moderate DR/Moderate_DR_2.png,2,Moderate
/home/neon-cultivator/us/diabetic-retinopathy-detection/data/raw/Moderate DR/Moderate_DR_62.png,2,Moderate
/home/neon-cultivator/us/diabetic-retinopathy-detection/data/raw/Healthy/Healthy_343.png,0,No_DR
/home/neon-cultivator/us/diabetic-retinopathy-detection/data/raw/Moderate DR/Moderate_DR_352.png,2,Moderate
/home/neon-cultivator/us/diabetic-retinopathy-detection/data/raw/Proliferate DR/Proliferate DR_230.png,4,Proliferative_DR
/home/neon-cultivator/us/diabetic-retinopathy-detection/data/raw/Moderate DR/Moderate_DR_129.png,2,Moderate
/home/neon-cultivator/us/diabetic-retinopathy-detection/data/raw/Healthy/Healthy_596.png,0,No_DR
/home/neon-cultivator/us/diabetic-retinopathy-detection/data/raw/Mild DR/Mild_DR_47.png,1,Mild
/home/neon-cultivator/us/diabetic-retinopathy-detection/data/raw/Healthy/Healthy_296.png,0,No_DR
/home/neon-cultivator/us/diabetic-retinopathy-detection/data/raw/Proliferate DR/Proliferate DR_150.png,4,Proliferative_DR
/home/neon-cultivator/us/diabetic-retinopathy-detection/data/raw/Healthy/Healthy_370.png,0,No_DR
/home/neon-cultivator/us/diabetic-retinopathy-detection/data/raw/Proliferate DR/Proliferate DR_188.png,4,Proliferative_DR
/home/neon-cultivator/us/diabetic-retinopathy-detection/data/raw/Moderate DR/Moderate_DR_287.png,2,Moderate
/home/neon-cultivator/us/diabetic-retinopathy-detection/data/raw/Moderate DR/Moderate_DR_43.png,2,Moderate
/home/neon-cultivator/us/diabetic-retinopathy-detection/data/raw/Moderate DR/Moderate_DR_721.png,2,Moderate
/home/neon-cultivator/us/diabetic-retinopathy-detection/data/raw/Healthy/Healthy_790.png,0,No_DR
/home/neon-cultivator/us/diabetic-retinopathy-detection/data/raw/Moderate DR/Moderate_DR_289.png,2,Moderate
/home/neon-cultivator/us/diabetic-retinopathy-detection/data/raw/Moderate DR/Moderate_DR_814.png,2,Moderate
/home/neon-cultivator/us/diabetic-retinopathy-detection/data/raw/Moderate DR/Moderate_DR_198.png,2,Moderate
/home/neon-cultivator/us/diabetic-retinopathy-detection/data/raw/Moderate DR/Moderate_DR_53.png,2,Moderate
/home/neon-cultivator/us/diabetic-retinopathy-detection/data/raw/Mild DR/Mild_DR_265.png,1,Mild
/home/neon-cultivator/us/diabetic-retinopathy-detection/data/raw/Healthy/Healthy_175.png,0,No_DR
/home/neon-cultivator/us/diabetic-retinopathy-detection/data/raw/Mild DR/Mild_DR_362.png,1,Mild
/home/neon-cultivator/us/diabetic-retinopathy-detection/data/raw/Healthy/Healthy_341.png,0,No_DR
/home/neon-cultivator/us/diabetic-retinopathy-detection/data/raw/Moderate DR/Moderate_DR_212.png,2,Moderate
/home/neon-cultivator/us/diabetic-retinopathy-detection/data/raw/Healthy/Healthy_936.png,0,No_DR
/home/neon-cultivator/us/diabetic-retinopathy-detection/data/raw/Moderate DR/Moderate_DR_568.png,2,Moderate
/home/neon-cultivator/us/diabetic-retinopathy-detection/data/raw/Proliferate DR/Proliferate DR_106.png,4,Proliferative_DR
/home/neon-cultivator/us/diabetic-retinopathy-detection/data/raw/Healthy/Healthy_634.png,0,No_DR
/home/neon-cultivator/us/diabetic-retinopathy-detection/data/raw/Moderate DR/Moderate_DR_854.png,2,Moderate
/home/neon-cultivator/us/diabetic-retinopathy-detection/data/raw/Healthy/Healthy_240.png,0,No_DR
/home/neon-cultivator/us/diabetic-retinopathy-detection/data/raw/Proliferate DR/Proliferate DR_34.png,4,Proliferative_DR
/home/neon-cultivator/us/diabetic-retinopathy-detection/data/raw/Moderate DR/Moderate_DR_402.png,2,Moderate
/home/neon-cultivator/us/diabetic-retinopathy-detection/data/raw/Healthy/Healthy_827.png,0,No_DR
/home/neon-cultivator/us/diabetic-retinopathy-detection/data/raw/Proliferate DR/Proliferate DR_32.png,4,Proliferative_DR
/home/neon-cultivator/us/diabetic-retinopathy-detection/data/raw/Mild DR/Mild_DR_316.png,1,Mild
/home/neon-cultivator/us/diabetic-retinopathy-detection/data/raw/Healthy/Healthy_66.png,0,No_DR
/home/neon-cultivator/us/diabetic-retinopathy-detection/data/raw/Moderate DR/Moderate_DR_90.png,2,Moderate
/home/neon-cultivator/us/diabetic-retinopathy-detection/data/raw/Healthy/Healthy_171.png,0,No_DR
/home/neon-cultivator/us/diabetic-retinopathy-detection/data/raw/Mild DR/Mild_DR_32.png,1,Mild
/home/neon-cultivator/us/diabetic-retinopathy-detection/data/raw/Moderate DR/Moderate_DR_704.png,2,Moderate
/home/neon-cultivator/us/diabetic-retinopathy-detection/data/raw/Healthy/Healthy_815.png,0,No_DR
/home/neon-cultivator/us/diabetic-retinopathy-detection/data/raw/Moderate DR/Moderate_DR_355.png,2,Moderate
/home/neon-cultivator/us/diabetic-retinopathy-detection/data/raw/Healthy/Healthy_952.png,0,No_DR
/home/neon-cultivator/us/diabetic-retinopathy-detection/data/raw/Mild DR/Mild_DR_70.png,1,Mild
/home/neon-cultivator/us/diabetic-retinopathy-detection/data/raw/Moderate DR/Moderate_DR_468.png,2,Moderate
/home/neon-cultivator/us/diabetic-retinopathy-detection/data/raw/Mild DR/Mild_DR_331.png,1,Mild
/home/neon-cultivator/us/diabetic-retinopathy-detection/data/raw/Healthy/Healthy_722.png,0,No_DR
/home/neon-cultivator/us/diabetic-retinopathy-detection/data/raw/Mild DR/Mild_DR_277.png,1,Mild
/home/neon-cultivator/us/diabetic-retinopathy-detection/data/raw/Moderate DR/Moderate_DR_570.png,2,Moderate
/home/neon-cultivator/us/diabetic-retinopathy-detection/data/raw/Moderate DR/Moderate_DR_3.png,2,Moderate
/home/neon-cultivator/us/diabetic-retinopathy-detection/data/raw/Moderate DR/Moderate_DR_830.png,2,Moderate
/home/neon-cultivator/us/diabetic-retinopathy-detection/data/raw/Mild DR/Mild_DR_293.png,1,Mild
/home/neon-cultivator/us/diabetic-retinopathy-detection/data/raw/Healthy/Healthy_638.png,0,No_DR
/home/neon-cultivator/us/diabetic-retinopathy-detection/data/raw/Severe DR/Severe DR_86.png,3,Severe
/home/neon-cultivator/us/diabetic-retinopathy-detection/data/raw/Healthy/Healthy_756.png,0,No_DR
/home/neon-cultivator/us/diabetic-retinopathy-detection/data/raw/Healthy/Healthy_945.png,0,No_DR
/home/neon-cultivator/us/diabetic-retinopathy-detection/data/raw/Healthy/Healthy_650.png,0,No_DR
/home/neon-cultivator/us/diabetic-retinopathy-detection/data/raw/Healthy/Healthy_5.png,0,No_DR
/home/neon-cultivator/us/diabetic-retinopathy-detection/data/raw/Moderate DR/Moderate_DR_209.png,2,Moderate
/home/neon-cultivator/us/diabetic-retinopathy-detection/data/raw/Moderate DR/Moderate_DR_343.png,2,Moderate
/home/neon-cultivator/us/diabetic-retinopathy-detection/data/raw/Moderate DR/Moderate_DR_615.png,2,Moderate
/home/neon-cultivator/us/diabetic-retinopathy-detection/data/raw/Moderate DR/Moderate_DR_741.png,2,Moderate
/home/neon-cultivator/us/diabetic-retinopathy-detection/data/raw/Proliferate DR/Proliferate DR_114.png,4,Proliferative_DR
/home/neon-cultivator/us/diabetic-retinopathy-detection/data/raw/Proliferate DR/Proliferate DR_228.png,4,Proliferative_DR
/home/neon-cultivator/us/diabetic-retinopathy-detection/data/raw/Healthy/Healthy_81.png,0,No_DR
/home/neon-cultivator/us/diabetic-retinopathy-detection/data/raw/Proliferate DR/Proliferate DR_65.png,4,Proliferative_DR
/home/neon-cultivator/us/diabetic-retinopathy-detection/data/raw/Proliferate DR/Proliferate DR_260.png,4,Proliferative_DR
/home/neon-cultivator/us/diabetic-retinopathy-detection/data/raw/Moderate DR/Moderate_DR_372.png,2,Moderate
/home/neon-cultivator/us/diabetic-retinopathy-detection/data/raw/Healthy/Healthy_211.png,0,No_DR
/home/neon-cultivator/us/diabetic-retinopathy-detection/data/raw/Moderate DR/Moderate_DR_664.png,2,Moderate
/home/neon-cultivator/us/diabetic-retinopathy-detection/data/raw/Mild DR/Mild_DR_213.png,1,Mild
/home/neon-cultivator/us/diabetic-retinopathy-detection/data/raw/Moderate DR/Moderate_DR_252.png,2,Moderate
/home/neon-cultivator/us/diabetic-retinopathy-detection/data/raw/Mild DR/Mild_DR_349.png,1,Mild
/home/neon-cultivator/us/diabetic-retinopathy-detection/data/raw/Healthy/Healthy_449.png,0,No_DR
/home/neon-cultivator/us/diabetic-retinopathy-detection/data/raw/Healthy/Healthy_326.png,0,No_DR
/home/neon-cultivator/us/diabetic-retinopathy-detection/data/raw/Mild DR/Mild_DR_73.png,1,Mild
/home/neon-cultivator/us/diabetic-retinopathy-detection/data/raw/Severe DR/Severe DR_103.png,3,Severe
/home/neon-cultivator/us/diabetic-retinopathy-detection/data/raw/Healthy/Healthy_750.png,0,No_DR
/home/neon-cultivator/us/diabetic-retinopathy-detection/data/raw/Moderate DR/Moderate_DR_603.png,2,Moderate
/home/neon-cultivator/us/diabetic-retinopathy-detection/data/raw/Moderate DR/Moderate_DR_288.png,2,Moderate
/home/neon-cultivator/us/diabetic-retinopathy-detection/data/raw/Moderate DR/Moderate_DR_69.png,2,Moderate
/home/neon-cultivator/us/diabetic-retinopathy-detection/data/raw/Moderate DR/Moderate_DR_482.png,2,Moderate
/home/neon-cultivator/us/diabetic-retinopathy-detection/data/raw/Moderate DR/Moderate_DR_118.png,2,Moderate
/home/neon-cultivator/us/diabetic-retinopathy-detection/data/raw/Moderate DR/Moderate_DR_11.png,2,Moderate
/home/neon-cultivator/us/diabetic-retinopathy-detection/data/raw/Moderate DR/Moderate_DR_550.png,2,Moderate
/home/neon-cultivator/us/diabetic-retinopathy-detection/data/raw/Proliferate DR/Proliferate DR_283.png,4,Proliferative_DR
/home/neon-cultivator/us/diabetic-retinopathy-detection/data/raw/Proliferate DR/Proliferate DR_280.png,4,Proliferative_DR
/home/neon-cultivator/us/diabetic-retinopathy-detection/data/raw/Moderate DR/Moderate_DR_714.png,2,Moderate
/home/neon-cultivator/us/diabetic-retinopathy-detection/data/raw/Healthy/Healthy_774.png,0,No_DR
/home/neon-cultivator/us/diabetic-retinopathy-detection/data/raw/Proliferate DR/Proliferate DR_144.png,4,Proliferative_DR
/home/neon-cultivator/us/diabetic-retinopathy-detection/data/raw/Healthy/Healthy_373.png,0,No_DR
/home/neon-cultivator/us/diabetic-retinopathy-detection/data/raw/Healthy/Healthy_511.png,0,No_DR
/home/neon-cultivator/us/diabetic-retinopathy-detection/data/raw/Moderate DR/Moderate_DR_509.png,2,Moderate
/home/neon-cultivator/us/diabetic-retinopathy-detection/data/raw/Healthy/Healthy_691.png,0,No_DR
/home/neon-cultivator/us/diabetic-retinopathy-detection/data/raw/Healthy/Healthy_396.png,0,No_DR
/home/neon-cultivator/us/diabetic-retinopathy-detection/data/raw/Moderate DR/Moderate_DR_172.png,2,Moderate
/home/neon-cultivator/us/diabetic-retinopathy-detection/data/raw/Moderate DR/Moderate_DR_63.png,2,Moderate
/home/neon-cultivator/us/diabetic-retinopathy-detection/data/raw/Moderate DR/Moderate_DR_785.png,2,Moderate
/home/neon-cultivator/us/diabetic-retinopathy-detection/data/raw/Moderate DR/Moderate_DR_299.png,2,Moderate
/home/neon-cultivator/us/diabetic-retinopathy-detection/data/raw/Severe DR/Severe DR_75.png,3,Severe
/home/neon-cultivator/us/diabetic-retinopathy-detection/data/raw/Mild DR/Mild_DR_302.png,1,Mild
/home/neon-cultivator/us/diabetic-retinopathy-detection/data/raw/Healthy/Healthy_303.png,0,No_DR
/home/neon-cultivator/us/diabetic-retinopathy-detection/data/raw/Moderate DR/Moderate_DR_495.png,2,Moderate
/home/neon-cultivator/us/diabetic-retinopathy-detection/data/raw/Healthy/Healthy_324.png,0,No_DR
/home/neon-cultivator/us/diabetic-retinopathy-detection/data/raw/Moderate DR/Moderate_DR_350.png,2,Moderate
/home/neon-cultivator/us/diabetic-retinopathy-detection/data/raw/Proliferate DR/Proliferate DR_51.png,4,Proliferative_DR
/home/neon-cultivator/us/diabetic-retinopathy-detection/data/raw/Proliferate DR/Proliferate DR_175.png,4,Proliferative_DR
/home/neon-cultivator/us/diabetic-retinopathy-detection/data/raw/Healthy/Healthy_810.png,0,No_DR
/home/neon-cultivator/us/diabetic-retinopathy-detection/data/raw/Healthy/Healthy_679.png,0,No_DR
/home/neon-cultivator/us/diabetic-retinopathy-detection/data/raw/Moderate DR/Moderate_DR_434.png,2,Moderate
/home/neon-cultivator/us/diabetic-retinopathy-detection/data/raw/Healthy/Healthy_794.png,0,No_DR
/home/neon-cultivator/us/diabetic-retinopathy-detection/data/raw/Healthy/Healthy_696.png,0,No_DR
/home/neon-cultivator/us/diabetic-retinopathy-detection/data/raw/Moderate DR/Moderate_DR_88.png,2,Moderate
/home/neon-cultivator/us/diabetic-retinopathy-detection/data/raw/Moderate DR/Moderate_DR_264.png,2,Moderate
/home/neon-cultivator/us/diabetic-retinopathy-detection/data/raw/Moderate DR/Moderate_DR_353.png,2,Moderate
/home/neon-cultivator/us/diabetic-retinopathy-detection/data/raw/Healthy/Healthy_489.png,0,No_DR
/home/neon-cultivator/us/diabetic-retinopathy-detection/data/raw/Moderate DR/Moderate_DR_244.png,2,Moderate
/home/neon-cultivator/us/diabetic-retinopathy-detection/data/raw/Mild DR/Mild_DR_12.png,1,Mild
/home/neon-cultivator/us/diabetic-retinopathy-detection/data/raw/Mild DR/Mild_DR_84.png,1,Mild
/home/neon-cultivator/us/diabetic-retinopathy-detection/data/raw/Healthy/Healthy_207.png,0,No_DR
/home/neon-cultivator/us/diabetic-retinopathy-detection/data/raw/Healthy/Healthy_215.png,0,No_DR
/home/neon-cultivator/us/diabetic-retinopathy-detection/data/raw/Healthy/Healthy_27.png,0,No_DR
/home/neon-cultivator/us/diabetic-retinopathy-detection/data/raw/Healthy/Healthy_28.png,0,No_DR
/home/neon-cultivator/us/diabetic-retinopathy-detection/data/raw/Moderate DR/Moderate_DR_774.png,2,Moderate
/home/neon-cultivator/us/diabetic-retinopathy-detection/data/raw/Mild DR/Mild_DR_336.png,1,Mild
/home/neon-cultivator/us/diabetic-retinopathy-detection/data/raw/Proliferate DR/Proliferate DR_44.png,4,Proliferative_DR
/home/neon-cultivator/us/diabetic-retinopathy-detection/data/raw/Healthy/Healthy_36.png,0,No_DR
/home/neon-cultivator/us/diabetic-retinopathy-detection/data/raw/Moderate DR/Moderate_DR_566.png,2,Moderate
/home/neon-cultivator/us/diabetic-retinopathy-detection/data/raw/Moderate DR/Moderate_DR_70.png,2,Moderate
/home/neon-cultivator/us/diabetic-retinopathy-detection/data/raw/Mild DR/Mild_DR_357.png,1,Mild
/home/neon-cultivator/us/diabetic-retinopathy-detection/data/raw/Mild DR/Mild_DR_216.png,1,Mild
/home/neon-cultivator/us/diabetic-retinopathy-detection/data/raw/Moderate DR/Moderate_DR_429.png,2,Moderate
/home/neon-cultivator/us/diabetic-retinopathy-detection/data/raw/Healthy/Healthy_203.png,0,No_DR
/home/neon-cultivator/us/diabetic-retinopathy-detection/data/raw/Healthy/Healthy_234.png,0,No_DR
/home/neon-cultivator/us/diabetic-retinopathy-detection/data/raw/Healthy/Healthy_278.png,0,No_DR
/home/neon-cultivator/us/diabetic-retinopathy-detection/data/raw/Healthy/Healthy_189.png,0,No_DR
/home/neon-cultivator/us/diabetic-retinopathy-detection/data/raw/Mild DR/Mild_DR_338.png,1,Mild
/home/neon-cultivator/us/diabetic-retinopathy-detection/data/raw/Healthy/Healthy_224.png,0,No_DR
/home/neon-cultivator/us/diabetic-retinopathy-detection/data/raw/Moderate DR/Moderate_DR_35.png,2,Moderate
/home/neon-cultivator/us/diabetic-retinopathy-detection/data/raw/Moderate DR/Moderate_DR_301.png,2,Moderate
/home/neon-cultivator/us/diabetic-retinopathy-detection/data/raw/Moderate DR/Moderate_DR_151.png,2,Moderate
/home/neon-cultivator/us/diabetic-retinopathy-detection/data/raw/Healthy/Healthy_91.png,0,No_DR
/home/neon-cultivator/us/diabetic-retinopathy-detection/data/raw/Mild DR/Mild_DR_4.png,1,Mild
/home/neon-cultivator/us/diabetic-retinopathy-detection/data/raw/Moderate DR/Moderate_DR_250.png,2,Moderate
/home/neon-cultivator/us/diabetic-retinopathy-detection/data/raw/Healthy/Healthy_992.png,0,No_DR
/home/neon-cultivator/us/diabetic-retinopathy-detection/data/raw/Mild DR/Mild_DR_51.png,1,Mild
/home/neon-cultivator/us/diabetic-retinopathy-detection/data/raw/Moderate DR/Moderate_DR_753.png,2,Moderate
/home/neon-cultivator/us/diabetic-retinopathy-detection/data/raw/Healthy/Healthy_749.png,0,No_DR
/home/neon-cultivator/us/diabetic-retinopathy-detection/data/raw/Mild DR/Mild_DR_248.png,1,Mild
/home/neon-cultivator/us/diabetic-retinopathy-detection/data/raw/Moderate DR/Moderate_DR_309.png,2,Moderate
/home/neon-cultivator/us/diabetic-retinopathy-detection/data/raw/Healthy/Healthy_239.png,0,No_DR
/home/neon-cultivator/us/diabetic-retinopathy-detection/data/raw/Mild DR/Mild_DR_14.png,1,Mild
/home/neon-cultivator/us/diabetic-retinopathy-detection/data/raw/Healthy/Healthy_968.png,0,No_DR
/home/neon-cultivator/us/diabetic-retinopathy-detection/data/raw/Healthy/Healthy_344.png,0,No_DR
/home/neon-cultivator/us/diabetic-retinopathy-detection/data/raw/Healthy/Healthy_600.png,0,No_DR
/home/neon-cultivator/us/diabetic-retinopathy-detection/data/raw/Healthy/Healthy_431.png,0,No_DR
/home/neon-cultivator/us/diabetic-retinopathy-detection/data/raw/Proliferate DR/Proliferate DR_295.png,4,Proliferative_DR
/home/neon-cultivator/us/diabetic-retinopathy-detection/data/raw/Healthy/Healthy_346.png,0,No_DR
/home/neon-cultivator/us/diabetic-retinopathy-detection/data/raw/Proliferate DR/Proliferate DR_166.png,4,Proliferative_DR
/home/neon-cultivator/us/diabetic-retinopathy-detection/data/raw/Healthy/Healthy_915.png,0,No_DR
/home/neon-cultivator/us/diabetic-retinopathy-detection/data/raw/Moderate DR/Moderate_DR_149.png,2,Moderate
/home/neon-cultivator/us/diabetic-retinopathy-detection/data/raw/Proliferate DR/Proliferate DR_59.png,4,Proliferative_DR
/home/neon-cultivator/us/diabetic-retinopathy-detection/data/raw/Moderate DR/Moderate_DR_340.png,2,Moderate
/home/neon-cultivator/us/diabetic-retinopathy-detection/data/raw/Severe DR/Severe DR_65.png,3,Severe
/home/neon-cultivator/us/diabetic-retinopathy-detection/data/raw/Healthy/Healthy_75.png,0,No_DR
/home/neon-cultivator/us/diabetic-retinopathy-detection/data/raw/Healthy/Healthy_280.png,0,No_DR
/home/neon-cultivator/us/diabetic-retinopathy-detection/data/raw/Moderate DR/Moderate_DR_285.png,2,Moderate
/home/neon-cultivator/us/diabetic-retinopathy-detection/data/raw/Mild DR/Mild_DR_282.png,1,Mild
/home/neon-cultivator/us/diabetic-retinopathy-detection/data/raw/Mild DR/Mild_DR_319.png,1,Mild
/home/neon-cultivator/us/diabetic-retinopathy-detection/data/raw/Mild DR/Mild_DR_135.png,1,Mild
/home/neon-cultivator/us/diabetic-retinopathy-detection/data/raw/Proliferate DR/Proliferate DR_9.png,4,Proliferative_DR
/home/neon-cultivator/us/diabetic-retinopathy-detection/data/raw/Healthy/Healthy_652.png,0,No_DR
/home/neon-cultivator/us/diabetic-retinopathy-detection/data/raw/Healthy/Healthy_125.png,0,No_DR
/home/neon-cultivator/us/diabetic-retinopathy-detection/data/raw/Moderate DR/Moderate_DR_455.png,2,Moderate
/home/neon-cultivator/us/diabetic-retinopathy-detection/data/raw/Moderate DR/Moderate_DR_703.png,2,Moderate
/home/neon-cultivator/us/diabetic-retinopathy-detection/data/raw/Healthy/Healthy_491.png,0,No_DR
/home/neon-cultivator/us/diabetic-retinopathy-detection/data/raw/Proliferate DR/Proliferate DR_8.png,4,Proliferative_DR
/home/neon-cultivator/us/diabetic-retinopathy-detection/data/raw/Mild DR/Mild_DR_351.png,1,Mild
/home/neon-cultivator/us/diabetic-retinopathy-detection/data/raw/Healthy/Healthy_456.png,0,No_DR
/home/neon-cultivator/us/diabetic-retinopathy-detection/data/raw/Healthy/Healthy_978.png,0,No_DR
/home/neon-cultivator/us/diabetic-retinopathy-detection/data/raw/Healthy/Healthy_720.png,0,No_DR
/home/neon-cultivator/us/diabetic-retinopathy-detection/data/raw/Healthy/Healthy_657.png,0,No_DR
/home/neon-cultivator/us/diabetic-retinopathy-detection/data/raw/Healthy/Healthy_35.png,0,No_DR
/home/neon-cultivator/us/diabetic-retinopathy-detection/data/raw/Moderate DR/Moderate_DR_14.png,2,Moderate
/home/neon-cultivator/us/diabetic-retinopathy-detection/data/raw/Healthy/Healthy_898.png,0,No_DR
/home/neon-cultivator/us/diabetic-retinopathy-detection/data/raw/Healthy/Healthy_108.png,0,No_DR
/home/neon-cultivator/us/diabetic-retinopathy-detection/data/raw/Moderate DR/Moderate_DR_315.png,2,Moderate
/home/neon-cultivator/us/diabetic-retinopathy-detection/data/raw/Moderate DR/Moderate_DR_31.png,2,Moderate
/home/neon-cultivator/us/diabetic-retinopathy-detection/data/raw/Healthy/Healthy_515.png,0,No_DR
/home/neon-cultivator/us/diabetic-retinopathy-detection/data/raw/Moderate DR/Moderate_DR_888.png,2,Moderate
/home/neon-cultivator/us/diabetic-retinopathy-detection/data/raw/Proliferate DR/Proliferate DR_277.png,4,Proliferative_DR
/home/neon-cultivator/us/diabetic-retinopathy-detection/data/raw/Healthy/Healthy_673.png,0,No_DR
/home/neon-cultivator/us/diabetic-retinopathy-detection/data/raw/Moderate DR/Moderate_DR_723.png,2,Moderate
/home/neon-cultivator/us/diabetic-retinopathy-detection/data/raw/Moderate DR/Moderate_DR_370.png,2,Moderate
/home/neon-cultivator/us/diabetic-retinopathy-detection/data/raw/Healthy/Healthy_428.png,0,No_DR
/home/neon-cultivator/us/diabetic-retinopathy-detection/data/raw/Moderate DR/Moderate_DR_79.png,2,Moderate
/home/neon-cultivator/us/diabetic-retinopathy-detection/data/raw/Healthy/Healthy_792.png,0,No_DR
/home/neon-cultivator/us/diabetic-retinopathy-detection/data/raw/Moderate DR/Moderate_DR_476.png,2,Moderate
/home/neon-cultivator/us/diabetic-retinopathy-detection/data/raw/Healthy/Healthy_219.png,0,No_DR
/home/neon-cultivator/us/diabetic-retinopathy-detection/data/raw/Proliferate DR/Proliferate DR_75.png,4,Proliferative_DR
/home/neon-cultivator/us/diabetic-retinopathy-detection/data/raw/Healthy/Healthy_561.png,0,No_DR
/home/neon-cultivator/us/diabetic-retinopathy-detection/data/raw/Healthy/Healthy_186.png,0,No_DR
/home/neon-cultivator/us/diabetic-retinopathy-detection/data/raw/Mild DR/Mild_DR_211.png,1,Mild
/home/neon-cultivator/us/diabetic-retinopathy-detection/data/raw/Healthy/Healthy_716.png,0,No_DR
/home/neon-cultivator/us/diabetic-retinopathy-detection/data/raw/Moderate DR/Moderate_DR_214.png,2,Moderate
/home/neon-cultivator/us/diabetic-retinopathy-detection/data/raw/Moderate DR/Moderate_DR_205.png,2,Moderate
/home/neon-cultivator/us/diabetic-retinopathy-detection/data/raw/Severe DR/Severe DR_30.png,3,Severe
/home/neon-cultivator/us/diabetic-retinopathy-detection/data/raw/Moderate DR/Moderate_DR_357.png,2,Moderate
/home/neon-cultivator/us/diabetic-retinopathy-detection/data/raw/Moderate DR/Moderate_DR_334.png,2,Moderate
/home/neon-cultivator/us/diabetic-retinopathy-detection/data/raw/Moderate DR/Moderate_DR_680.png,2,Moderate
/home/neon-cultivator/us/diabetic-retinopathy-detection/data/raw/Moderate DR/Moderate_DR_694.png,2,Moderate
/home/neon-cultivator/us/diabetic-retinopathy-detection/data/raw/Healthy/Healthy_386.png,0,No_DR
/home/neon-cultivator/us/diabetic-retinopathy-detection/data/raw/Severe DR/Severe DR_138.png,3,Severe
/home/neon-cultivator/us/diabetic-retinopathy-detection/data/raw/Moderate DR/Moderate_DR_602.png,2,Moderate
/home/neon-cultivator/us/diabetic-retinopathy-detection/data/raw/Severe DR/Severe DR_166.png,3,Severe
/home/neon-cultivator/us/diabetic-retinopathy-detection/data/raw/Mild DR/Mild_DR_301.png,1,Mild
/home/neon-cultivator/us/diabetic-retinopathy-detection/data/raw/Mild DR/Mild_DR_252.png,1,Mild
/home/neon-cultivator/us/diabetic-retinopathy-detection/data/raw/Healthy/Healthy.png,0,No_DR
/home/neon-cultivator/us/diabetic-retinopathy-detection/data/raw/Healthy/Healthy_937.png,0,No_DR
/home/neon-cultivator/us/diabetic-retinopathy-detection/data/raw/Healthy/Healthy_617.png,0,No_DR
/home/neon-cultivator/us/diabetic-retinopathy-detection/data/raw/Severe DR/Severe DR_38.png,3,Severe
/home/neon-cultivator/us/diabetic-retinopathy-detection/data/raw/Healthy/Healthy_103.png,0,No_DR
/home/neon-cultivator/us/diabetic-retinopathy-detection/data/raw/Mild DR/Mild_DR_305.png,1,Mild
/home/neon-cultivator/us/diabetic-retinopathy-detection/data/raw/Proliferate DR/Proliferate DR_286.png,4,Proliferative_DR
/home/neon-cultivator/us/diabetic-retinopathy-detection/data/raw/Healthy/Healthy_387.png,0,No_DR
/home/neon-cultivator/us/diabetic-retinopathy-detection/data/raw/Moderate DR/Moderate_DR_553.png,2,Moderate
/home/neon-cultivator/us/diabetic-retinopathy-detection/data/raw/Mild DR/Mild_DR_318.png,1,Mild
/home/neon-cultivator/us/diabetic-retinopathy-detection/data/raw/Moderate DR/Moderate_DR_435.png,2,Moderate
/home/neon-cultivator/us/diabetic-retinopathy-detection/data/raw/Healthy/Healthy_104.png,0,No_DR
/home/neon-cultivator/us/diabetic-retinopathy-detection/data/raw/Severe DR/Severe DR_17.png,3,Severe
/home/neon-cultivator/us/diabetic-retinopathy-detection/data/raw/Healthy/Healthy_845.png,0,No_DR
/home/neon-cultivator/us/diabetic-retinopathy-detection/data/raw/Moderate DR/Moderate_DR_522.png,2,Moderate
/home/neon-cultivator/us/diabetic-retinopathy-detection/data/raw/Moderate DR/Moderate_DR_546.png,2,Moderate
/home/neon-cultivator/us/diabetic-retinopathy-detection/data/raw/Healthy/Healthy_985.png,0,No_DR
/home/neon-cultivator/us/diabetic-retinopathy-detection/data/raw/Moderate DR/Moderate_DR_339.png,2,Moderate
/home/neon-cultivator/us/diabetic-retinopathy-detection/data/raw/Severe DR/Severe DR_143.png,3,Severe
/home/neon-cultivator/us/diabetic-retinopathy-detection/data/raw/Moderate DR/Moderate_DR_559.png,2,Moderate
/home/neon-cultivator/us/diabetic-retinopathy-detection/data/raw/Mild DR/Mild_DR_120.png,1,Mild
/home/neon-cultivator/us/diabetic-retinopathy-detection/data/raw/Moderate DR/Moderate_DR_210.png,2,Moderate
/home/neon-cultivator/us/diabetic-retinopathy-detection/data/raw/Mild DR/Mild_DR_28.png,1,Mild
/home/neon-cultivator/us/diabetic-retinopathy-detection/data/raw/Moderate DR/Moderate_DR_879.png,2,Moderate
/home/neon-cultivator/us/diabetic-retinopathy-detection/data/raw/Moderate DR/Moderate_DR_531.png,2,Moderate
/home/neon-cultivator/us/diabetic-retinopathy-detection/data/raw/Mild DR/Mild_DR_326.png,1,Mild
/home/neon-cultivator/us/diabetic-retinopathy-detection/data/raw/Moderate DR/Moderate_DR_245.png,2,Moderate
/home/neon-cultivator/us/diabetic-retinopathy-detection/data/raw/Healthy/Healthy_643.png,0,No_DR
/home/neon-cultivator/us/diabetic-retinopathy-detection/data/raw/Moderate DR/Moderate_DR_708.png,2,Moderate
/home/neon-cultivator/us/diabetic-retinopathy-detection/data/raw/Severe DR/Severe DR_105.png,3,Severe
/home/neon-cultivator/us/diabetic-retinopathy-detection/data/raw/Moderate DR/Moderate_DR_485.png,2,Moderate
/home/neon-cultivator/us/diabetic-retinopathy-detection/data/raw/Moderate DR/Moderate_DR_610.png,2,Moderate
/home/neon-cultivator/us/diabetic-retinopathy-detection/data/raw/Healthy/Healthy_834.png,0,No_DR
/home/neon-cultivator/us/diabetic-retinopathy-detection/data/raw/Moderate DR/Moderate_DR_443.png,2,Moderate
/home/neon-cultivator/us/diabetic-retinopathy-detection/data/raw/Moderate DR/Moderate_DR_243.png,2,Moderate
/home/neon-cultivator/us/diabetic-retinopathy-detection/data/raw/Moderate DR/Moderate_DR_270.png,2,Moderate
/home/neon-cultivator/us/diabetic-retinopathy-detection/data/raw/Severe DR/Severe DR_13.png,3,Severe
/home/neon-cultivator/us/diabetic-retinopathy-detection/data/raw/Healthy/Healthy_512.png,0,No_DR
/home/neon-cultivator/us/diabetic-retinopathy-detection/data/raw/Healthy/Healthy_427.png,0,No_DR
/home/neon-cultivator/us/diabetic-retinopathy-detection/data/raw/Healthy/Healthy_453.png,0,No_DR
/home/neon-cultivator/us/diabetic-retinopathy-detection/data/raw/Healthy/Healthy_557.png,0,No_DR
/home/neon-cultivator/us/diabetic-retinopathy-detection/data/raw/Healthy/Healthy_169.png,0,No_DR
/home/neon-cultivator/us/diabetic-retinopathy-detection/data/raw/Proliferate DR/Proliferate DR_244.png,4,Proliferative_DR
/home/neon-cultivator/us/diabetic-retinopathy-detection/data/raw/Proliferate DR/Proliferate DR_48.png,4,Proliferative_DR
/home/neon-cultivator/us/diabetic-retinopathy-detection/data/raw/Moderate DR/Moderate_DR_369.png,2,Moderate
/home/neon-cultivator/us/diabetic-retinopathy-detection/data/raw/Moderate DR/Moderate_DR_690.png,2,Moderate
/home/neon-cultivator/us/diabetic-retinopathy-detection/data/raw/Moderate DR/Moderate_DR_240.png,2,Moderate
/home/neon-cultivator/us/diabetic-retinopathy-detection/data/raw/Moderate DR/Moderate_DR_219.png,2,Moderate
/home/neon-cultivator/us/diabetic-retinopathy-detection/data/raw/Healthy/Healthy_576.png,0,No_DR
/home/neon-cultivator/us/diabetic-retinopathy-detection/data/raw/Healthy/Healthy_866.png,0,No_DR
/home/neon-cultivator/us/diabetic-retinopathy-detection/data/raw/Healthy/Healthy_606.png,0,No_DR
/home/neon-cultivator/us/diabetic-retinopathy-detection/data/raw/Moderate DR/Moderate_DR_514.png,2,Moderate
/home/neon-cultivator/us/diabetic-retinopathy-detection/data/raw/Healthy/Healthy_476.png,0,No_DR
/home/neon-cultivator/us/diabetic-retinopathy-detection/data/raw/Mild DR/Mild_DR_151.png,1,Mild
/home/neon-cultivator/us/diabetic-retinopathy-detection/data/raw/Mild DR/Mild_DR_350.png,1,Mild
/home/neon-cultivator/us/diabetic-retinopathy-detection/data/raw/Moderate DR/Moderate_DR_592.png,2,Moderate
/home/neon-cultivator/us/diabetic-retinopathy-detection/data/raw/Healthy/Healthy_354.png,0,No_DR
/home/neon-cultivator/us/diabetic-retinopathy-detection/data/raw/Mild DR/Mild_DR_64.png,1,Mild
/home/neon-cultivator/us/diabetic-retinopathy-detection/data/raw/Healthy/Healthy_609.png,0,No_DR
/home/neon-cultivator/us/diabetic-retinopathy-detection/data/raw/Healthy/Healthy_506.png,0,No_DR
/home/neon-cultivator/us/diabetic-retinopathy-detection/data/raw/Moderate DR/Moderate_DR_354.png,2,Moderate
/home/neon-cultivator/us/diabetic-retinopathy-detection/data/raw/Moderate DR/Moderate_DR_740.png,2,Moderate
/home/neon-cultivator/us/diabetic-retinopathy-detection/data/raw/Mild DR/Mild_DR_160.png,1,Mild
/home/neon-cultivator/us/diabetic-retinopathy-detection/data/raw/Healthy/Healthy_688.png,0,No_DR
/home/neon-cultivator/us/diabetic-retinopathy-detection/data/raw/Moderate DR/Moderate_DR_197.png,2,Moderate
/home/neon-cultivator/us/diabetic-retinopathy-detection/data/raw/Moderate DR/Moderate_DR_448.png,2,Moderate
/home/neon-cultivator/us/diabetic-retinopathy-detection/data/raw/Mild DR/Mild_DR_152.png,1,Mild
/home/neon-cultivator/us/diabetic-retinopathy-detection/data/raw/Severe DR/Severe DR_66.png,3,Severe
/home/neon-cultivator/us/diabetic-retinopathy-detection/data/raw/Moderate DR/Moderate_DR_93.png,2,Moderate
/home/neon-cultivator/us/diabetic-retinopathy-detection/data/raw/Moderate DR/Moderate_DR_49.png,2,Moderate
/home/neon-cultivator/us/diabetic-retinopathy-detection/data/raw/Moderate DR/Moderate_DR_561.png,2,Moderate
/home/neon-cultivator/us/diabetic-retinopathy-detection/data/raw/Moderate DR/Moderate_DR_83.png,2,Moderate
/home/neon-cultivator/us/diabetic-retinopathy-detection/data/raw/Healthy/Healthy_769.png,0,No_DR
/home/neon-cultivator/us/diabetic-retinopathy-detection/data/raw/Healthy/Healthy_981.png,0,No_DR
/home/neon-cultivator/us/diabetic-retinopathy-detection/data/raw/Proliferate DR/Proliferate DR_93.png,4,Proliferative_DR
/home/neon-cultivator/us/diabetic-retinopathy-detection/data/raw/Moderate DR/Moderate_DR_295.png,2,Moderate
/home/neon-cultivator/us/diabetic-retinopathy-detection/data/raw/Moderate DR/Moderate_DR_639.png,2,Moderate
/home/neon-cultivator/us/diabetic-retinopathy-detection/data/raw/Healthy/Healthy_285.png,0,No_DR
/home/neon-cultivator/us/diabetic-retinopathy-detection/data/raw/Healthy/Healthy_588.png,0,No_DR
/home/neon-cultivator/us/diabetic-retinopathy-detection/data/raw/Moderate DR/Moderate_DR_310.png,2,Moderate
/home/neon-cultivator/us/diabetic-retinopathy-detection/data/raw/Severe DR/Severe DR_55.png,3,Severe
/home/neon-cultivator/us/diabetic-retinopathy-detection/data/raw/Moderate DR/Moderate_DR_412.png,2,Moderate
/home/neon-cultivator/us/diabetic-retinopathy-detection/data/raw/Moderate DR/Moderate_DR_883.png,2,Moderate
/home/neon-cultivator/us/diabetic-retinopathy-detection/data/raw/Moderate DR/Moderate_DR_674.png,2,Moderate
/home/neon-cultivator/us/diabetic-retinopathy-detection/data/raw/Healthy/Healthy_241.png,0,No_DR
/home/neon-cultivator/us/diabetic-retinopathy-detection/data/raw/Mild DR/Mild_DR_337.png,1,Mild
/home/neon-cultivator/us/diabetic-retinopathy-detection/data/raw/Moderate DR/Moderate_DR_348.png,2,Moderate
/home/neon-cultivator/us/diabetic-retinopathy-detection/data/raw/Mild DR/Mild_DR_99.png,1,Mild
/home/neon-cultivator/us/diabetic-retinopathy-detection/data/raw/Healthy/Healthy_763.png,0,No_DR
/home/neon-cultivator/us/diabetic-retinopathy-detection/data/raw/Mild DR/Mild_DR_195.png,1,Mild
/home/neon-cultivator/us/diabetic-retinopathy-detection/data/raw/Healthy/Healthy_331.png,0,No_DR
/home/neon-cultivator/us/diabetic-retinopathy-detection/data/raw/Mild DR/Mild_DR_236.png,1,Mild
/home/neon-cultivator/us/diabetic-retinopathy-detection/data/raw/Moderate DR/Moderate_DR_105.png,2,Moderate
/home/neon-cultivator/us/diabetic-retinopathy-detection/data/raw/Proliferate DR/Proliferate DR_151.png,4,Proliferative_DR
/home/neon-cultivator/us/diabetic-retinopathy-detection/data/raw/Moderate DR/Moderate_DR_18.png,2,Moderate
/home/neon-cultivator/us/diabetic-retinopathy-detection/data/raw/Mild DR/Mild_DR_185.png,1,Mild
/home/neon-cultivator/us/diabetic-retinopathy-detection/data/raw/Healthy/Healthy_742.png,0,No_DR
/home/neon-cultivator/us/diabetic-retinopathy-detection/data/raw/Severe DR/Severe DR_177.png,3,Severe
/home/neon-cultivator/us/diabetic-retinopathy-detection/data/raw/Healthy/Healthy_47.png,0,No_DR
/home/neon-cultivator/us/diabetic-retinopathy-detection/data/raw/Healthy/Healthy_290.png,0,No_DR
/home/neon-cultivator/us/diabetic-retinopathy-detection/data/raw/Moderate DR/Moderate_DR_311.png,2,Moderate
/home/neon-cultivator/us/diabetic-retinopathy-detection/data/raw/Moderate DR/Moderate_DR_501.png,2,Moderate
/home/neon-cultivator/us/diabetic-retinopathy-detection/data/raw/Healthy/Healthy_441.png,0,No_DR
/home/neon-cultivator/us/diabetic-retinopathy-detection/data/raw/Healthy/Healthy_944.png,0,No_DR
/home/neon-cultivator/us/diabetic-retinopathy-detection/data/raw/Moderate DR/Moderate_DR_213.png,2,Moderate
/home/neon-cultivator/us/diabetic-retinopathy-detection/data/raw/Moderate DR/Moderate_DR_382.png,2,Moderate
/home/neon-cultivator/us/diabetic-retinopathy-detection/data/raw/Moderate DR/Moderate_DR_274.png,2,Moderate
/home/neon-cultivator/us/diabetic-retinopathy-detection/data/raw/Healthy/Healthy_962.png,0,No_DR
/home/neon-cultivator/us/diabetic-retinopathy-detection/data/raw/Moderate DR/Moderate_DR_620.png,2,Moderate
/home/neon-cultivator/us/diabetic-retinopathy-detection/data/raw/Healthy/Healthy_878.png,0,No_DR
/home/neon-cultivator/us/diabetic-retinopathy-detection/data/raw/Moderate DR/Moderate_DR_667.png,2,Moderate
/home/neon-cultivator/us/diabetic-retinopathy-detection/data/raw/Moderate DR/Moderate_DR_515.png,2,Moderate
/home/neon-cultivator/us/diabetic-retinopathy-detection/data/raw/Moderate DR/Moderate_DR_463.png,2,Moderate
/home/neon-cultivator/us/diabetic-retinopathy-detection/data/raw/Proliferate DR/Proliferate DR_105.png,4,Proliferative_DR
/home/neon-cultivator/us/diabetic-retinopathy-detection/data/raw/Moderate DR/Moderate_DR_484.png,2,Moderate
/home/neon-cultivator/us/diabetic-retinopathy-detection/data/raw/Mild DR/Mild_DR_320.png,1,Mild
/home/neon-cultivator/us/diabetic-retinopathy-detection/data/raw/Mild DR/Mild_DR_237.png,1,Mild
/home/neon-cultivator/us/diabetic-retinopathy-detection/data/raw/Moderate DR/Moderate_DR_572.png,2,Moderate
/home/neon-cultivator/us/diabetic-retinopathy-detection/data/raw/Proliferate DR/Proliferate DR_218.png,4,Proliferative_DR
/home/neon-cultivator/us/diabetic-retinopathy-detection/data/raw/Healthy/Healthy_783.png,0,No_DR
/home/neon-cultivator/us/diabetic-retinopathy-detection/data/raw/Proliferate DR/Proliferate DR_234.png,4,Proliferative_DR
/home/neon-cultivator/us/diabetic-retinopathy-detection/data/raw/Proliferate DR/Proliferate DR_269.png,4,Proliferative_DR
/home/neon-cultivator/us/diabetic-retinopathy-detection/data/raw/Healthy/Healthy_694.png,0,No_DR
/home/neon-cultivator/us/diabetic-retinopathy-detection/data/raw/Healthy/Healthy_322.png,0,No_DR
/home/neon-cultivator/us/diabetic-retinopathy-detection/data/raw/Moderate DR/Moderate_DR_65.png,2,Moderate
/home/neon-cultivator/us/diabetic-retinopathy-detection/data/raw/Moderate DR/Moderate_DR_745.png,2,Moderate
/home/neon-cultivator/us/diabetic-retinopathy-detection/data/raw/Healthy/Healthy_895.png,0,No_DR
/home/neon-cultivator/us/diabetic-retinopathy-detection/data/raw/Moderate DR/Moderate_DR_307.png,2,Moderate
/home/neon-cultivator/us/diabetic-retinopathy-detection/data/raw/Moderate DR/Moderate_DR_486.png,2,Moderate
/home/neon-cultivator/us/diabetic-retinopathy-detection/data/raw/Healthy/Healthy_529.png,0,No_DR
/home/neon-cultivator/us/diabetic-retinopathy-detection/data/raw/Moderate DR/Moderate_DR_562.png,2,Moderate
/home/neon-cultivator/us/diabetic-retinopathy-detection/data/raw/Healthy/Healthy_567.png,0,No_DR
/home/neon-cultivator/us/diabetic-retinopathy-detection/data/raw/Mild DR/Mild_DR_133.png,1,Mild
/home/neon-cultivator/us/diabetic-retinopathy-detection/data/raw/Healthy/Healthy_666.png,0,No_DR
/home/neon-cultivator/us/diabetic-retinopathy-detection/data/raw/Moderate DR/Moderate_DR_327.png,2,Moderate
/home/neon-cultivator/us/diabetic-retinopathy-detection/data/raw/Healthy/Healthy_640.png,0,No_DR
/home/neon-cultivator/us/diabetic-retinopathy-detection/data/raw/Healthy/Healthy_194.png,0,No_DR
/home/neon-cultivator/us/diabetic-retinopathy-detection/data/raw/Severe DR/Severe DR_61.png,3,Severe
/home/neon-cultivator/us/diabetic-retinopathy-detection/data/raw/Proliferate DR/Proliferate DR_157.png,4,Proliferative_DR
/home/neon-cultivator/us/diabetic-retinopathy-detection/data/raw/Moderate DR/Moderate_DR_401.png,2,Moderate
/home/neon-cultivator/us/diabetic-retinopathy-detection/data/raw/Moderate DR/Moderate_DR_776.png,2,Moderate
/home/neon-cultivator/us/diabetic-retinopathy-detection/data/raw/Proliferate DR/Proliferate DR_15.png,4,Proliferative_DR
/home/neon-cultivator/us/diabetic-retinopathy-detection/data/raw/Healthy/Healthy_980.png,0,No_DR
/home/neon-cultivator/us/diabetic-retinopathy-detection/data/raw/Proliferate DR/Proliferate DR_143.png,4,Proliferative_DR
/home/neon-cultivator/us/diabetic-retinopathy-detection/data/raw/Moderate DR/Moderate_DR_601.png,2,Moderate
/home/neon-cultivator/us/diabetic-retinopathy-detection/data/raw/Moderate DR/Moderate_DR_478.png,2,Moderate
/home/neon-cultivator/us/diabetic-retinopathy-detection/data/raw/Mild DR/Mild_DR_150.png,1,Mild
/home/neon-cultivator/us/diabetic-retinopathy-detection/data/raw/Healthy/Healthy_778.png,0,No_DR
/home/neon-cultivator/us/diabetic-retinopathy-detection/data/raw/Moderate DR/Moderate_DR_518.png,2,Moderate
/home/neon-cultivator/us/diabetic-retinopathy-detection/data/raw/Moderate DR/Moderate_DR_612.png,2,Moderate
/home/neon-cultivator/us/diabetic-retinopathy-detection/data/raw/Moderate DR/Moderate_DR_471.png,2,Moderate
/home/neon-cultivator/us/diabetic-retinopathy-detection/data/raw/Moderate DR/Moderate_DR_24.png,2,Moderate
/home/neon-cultivator/us/diabetic-retinopathy-detection/data/raw/Moderate DR/Moderate_DR_300.png,2,Moderate
/home/neon-cultivator/us/diabetic-retinopathy-detection/data/raw/Moderate DR/Moderate_DR_346.png,2,Moderate
/home/neon-cultivator/us/diabetic-retinopathy-detection/data/raw/Mild DR/Mild_DR_144.png,1,Mild
/home/neon-cultivator/us/diabetic-retinopathy-detection/data/raw/Moderate DR/Moderate_DR_710.png,2,Moderate
/home/neon-cultivator/us/diabetic-retinopathy-detection/data/raw/Healthy/Healthy_727.png,0,No_DR
/home/neon-cultivator/us/diabetic-retinopathy-detection/data/raw/Mild DR/Mild_DR_200.png,1,Mild
/home/neon-cultivator/us/diabetic-retinopathy-detection/data/raw/Healthy/Healthy_482.png,0,No_DR
/home/neon-cultivator/us/diabetic-retinopathy-detection/data/raw/Healthy/Healthy_997.png,0,No_DR
/home/neon-cultivator/us/diabetic-retinopathy-detection/data/raw/Moderate DR/Moderate_DR_709.png,2,Moderate
/home/neon-cultivator/us/diabetic-retinopathy-detection/data/raw/Proliferate DR/Proliferate DR_274.png,4,Proliferative_DR
/home/neon-cultivator/us/diabetic-retinopathy-detection/data/raw/Moderate DR/Moderate_DR_796.png,2,Moderate
/home/neon-cultivator/us/diabetic-retinopathy-detection/data/raw/Proliferate DR/Proliferate DR_107.png,4,Proliferative_DR
/home/neon-cultivator/us/diabetic-retinopathy-detection/data/raw/Moderate DR/Moderate_DR_787.png,2,Moderate
/home/neon-cultivator/us/diabetic-retinopathy-detection/data/raw/Proliferate DR/Proliferate DR_42.png,4,Proliferative_DR
/home/neon-cultivator/us/diabetic-retinopathy-detection/data/raw/Healthy/Healthy_537.png,0,No_DR
/home/neon-cultivator/us/diabetic-retinopathy-detection/data/raw/Moderate DR/Moderate_DR_757.png,2,Moderate
/home/neon-cultivator/us/diabetic-retinopathy-detection/data/raw/Healthy/Healthy_592.png,0,No_DR
/home/neon-cultivator/us/diabetic-retinopathy-detection/data/raw/Mild DR/Mild_DR_24.png,1,Mild
/home/neon-cultivator/us/diabetic-retinopathy-detection/data/raw/Proliferate DR/Proliferate DR_100.png,4,Proliferative_DR
/home/neon-cultivator/us/diabetic-retinopathy-detection/data/raw/Mild DR/Mild_DR_355.png,1,Mild
/home/neon-cultivator/us/diabetic-retinopathy-detection/data/raw/Healthy/Healthy_8.png,0,No_DR
/home/neon-cultivator/us/diabetic-retinopathy-detection/data/raw/Moderate DR/Moderate_DR_125.png,2,Moderate
/home/neon-cultivator/us/diabetic-retinopathy-detection/data/raw/Severe DR/Severe DR_157.png,3,Severe
/home/neon-cultivator/us/diabetic-retinopathy-detection/data/raw/Moderate DR/Moderate_DR_34.png,2,Moderate
/home/neon-cultivator/us/diabetic-retinopathy-detection/data/raw/Moderate DR/Moderate_DR_477.png,2,Moderate
/home/neon-cultivator/us/diabetic-retinopathy-detection/data/raw/Proliferate DR/Proliferate DR_87.png,4,Proliferative_DR
/home/neon-cultivator/us/diabetic-retinopathy-detection/data/raw/Mild DR/Mild_DR_290.png,1,Mild
/home/neon-cultivator/us/diabetic-retinopathy-detection/data/raw/Moderate DR/Moderate_DR_123.png,2,Moderate
/home/neon-cultivator/us/diabetic-retinopathy-detection/data/raw/Severe DR/Severe DR_120.png,3,Severe
/home/neon-cultivator/us/diabetic-retinopathy-detection/data/raw/Healthy/Healthy_881.png,0,No_DR
/home/neon-cultivator/us/diabetic-retinopathy-detection/data/raw/Healthy/Healthy_920.png,0,No_DR
/home/neon-cultivator/us/diabetic-retinopathy-detection/data/raw/Mild DR/Mild_DR_78.png,1,Mild
/home/neon-cultivator/us/diabetic-retinopathy-detection/data/raw/Moderate DR/Moderate_DR_884.png,2,Moderate
/home/neon-cultivator/us/diabetic-retinopathy-detection/data/raw/Moderate DR/Moderate_DR_705.png,2,Moderate
/home/neon-cultivator/us/diabetic-retinopathy-detection/data/raw/Moderate DR/Moderate_DR_897.png,2,Moderate
/home/neon-cultivator/us/diabetic-retinopathy-detection/data/raw/Moderate DR/Moderate_DR_706.png,2,Moderate
/home/neon-cultivator/us/diabetic-retinopathy-detection/data/raw/Severe DR/Severe DR_29.png,3,Severe
/home/neon-cultivator/us/diabetic-retinopathy-detection/data/raw/Severe DR/Severe DR_104.png,3,Severe
/home/neon-cultivator/us/diabetic-retinopathy-detection/data/raw/Healthy/Healthy_408.png,0,No_DR
/home/neon-cultivator/us/diabetic-retinopathy-detection/data/raw/Moderate DR/Moderate_DR_319.png,2,Moderate
/home/neon-cultivator/us/diabetic-retinopathy-detection/data/raw/Healthy/Healthy_942.png,0,No_DR
/home/neon-cultivator/us/diabetic-retinopathy-detection/data/raw/Moderate DR/Moderate_DR_512.png,2,Moderate
/home/neon-cultivator/us/diabetic-retinopathy-detection/data/raw/Moderate DR/Moderate_DR_500.png,2,Moderate
/home/neon-cultivator/us/diabetic-retinopathy-detection/data/raw/Healthy/Healthy_918.png,0,No_DR
/home/neon-cultivator/us/diabetic-retinopathy-detection/data/raw/Proliferate DR/Proliferate DR_167.png,4,Proliferative_DR
/home/neon-cultivator/us/diabetic-retinopathy-detection/data/raw/Severe DR/Severe DR_96.png,3,Severe
/home/neon-cultivator/us/diabetic-retinopathy-detection/data/raw/Healthy/Healthy_630.png,0,No_DR
/home/neon-cultivator/us/diabetic-retinopathy-detection/data/raw/Healthy/Healthy_107.png,0,No_DR
/home/neon-cultivator/us/diabetic-retinopathy-detection/data/raw/Moderate DR/Moderate_DR_364.png,2,Moderate
/home/neon-cultivator/us/diabetic-retinopathy-detection/data/raw/Moderate DR/Moderate_DR_635.png,2,Moderate
/home/neon-cultivator/us/diabetic-retinopathy-detection/data/raw/Proliferate DR/Proliferate DR_129.png,4,Proliferative_DR
/home/neon-cultivator/us/diabetic-retinopathy-detection/data/raw/Moderate DR/Moderate_DR_81.png,2,Moderate
/home/neon-cultivator/us/diabetic-retinopathy-detection/data/raw/Moderate DR/Moderate_DR_321.png,2,Moderate
/home/neon-cultivator/us/diabetic-retinopathy-detection/data/raw/Healthy/Healthy_395.png,0,No_DR
/home/neon-cultivator/us/diabetic-retinopathy-detection/data/raw/Moderate DR/Moderate_DR_586.png,2,Moderate
/home/neon-cultivator/us/diabetic-retinopathy-detection/data/raw/Proliferate DR/Proliferate DR_111.png,4,Proliferative_DR
/home/neon-cultivator/us/diabetic-retinopathy-detection/data/raw/Healthy/Healthy_246.png,0,No_DR
/home/neon-cultivator/us/diabetic-retinopathy-detection/data/raw/Proliferate DR/Proliferate DR_232.png,4,Proliferative_DR
/home/neon-cultivator/us/diabetic-retinopathy-detection/data/raw/Moderate DR/Moderate_DR_595.png,2,Moderate
/home/neon-cultivator/us/diabetic-retinopathy-detection/data/raw/Moderate DR/Moderate_DR_143.png,2,Moderate
/home/neon-cultivator/us/diabetic-retinopathy-detection/data/raw/Mild DR/Mild_DR_274.png,1,Mild
/home/neon-cultivator/us/diabetic-retinopathy-detection/data/raw/Moderate DR/Moderate_DR_323.png,2,Moderate
/home/neon-cultivator/us/diabetic-retinopathy-detection/data/raw/Mild DR/Mild_DR_122.png,1,Mild
/home/neon-cultivator/us/diabetic-retinopathy-detection/data/raw/Moderate DR/Moderate_DR_383.png,2,Moderate
/home/neon-cultivator/us/diabetic-retinopathy-detection/data/raw/Mild DR/Mild_DR_3.png,1,Mild
/home/neon-cultivator/us/diabetic-retinopathy-detection/data/raw/Healthy/Healthy_940.png,0,No_DR
/home/neon-cultivator/us/diabetic-retinopathy-detection/data/raw/Healthy/Healthy_232.png,0,No_DR
/home/neon-cultivator/us/diabetic-retinopathy-detection/data/raw/Healthy/Healthy_129.png,0,No_DR
/home/neon-cultivator/us/diabetic-retinopathy-detection/data/raw/Moderate DR/Moderate_DR_731.png,2,Moderate
/home/neon-cultivator/us/diabetic-retinopathy-detection/data/raw/Proliferate DR/Proliferate DR_88.png,4,Proliferative_DR
/home/neon-cultivator/us/diabetic-retinopathy-detection/data/raw/Mild DR/Mild_DR_56.png,1,Mild
/home/neon-cultivator/us/diabetic-retinopathy-detection/data/raw/Severe DR/Severe DR_25.png,3,Severe
/home/neon-cultivator/us/diabetic-retinopathy-detection/data/raw/Mild DR/Mild_DR_94.png,1,Mild
/home/neon-cultivator/us/diabetic-retinopathy-detection/data/raw/Moderate DR/Moderate_DR_298.png,2,Moderate
/home/neon-cultivator/us/diabetic-retinopathy-detection/data/raw/Moderate DR/Moderate_DR_858.png,2,Moderate
/home/neon-cultivator/us/diabetic-retinopathy-detection/data/raw/Moderate DR/Moderate_DR_439.png,2,Moderate
/home/neon-cultivator/us/diabetic-retinopathy-detection/data/raw/Moderate DR/Moderate_DR_778.png,2,Moderate
/home/neon-cultivator/us/diabetic-retinopathy-detection/data/raw/Moderate DR/Moderate_DR_641.png,2,Moderate
/home/neon-cultivator/us/diabetic-retinopathy-detection/data/raw/Healthy/Healthy_368.png,0,No_DR
/home/neon-cultivator/us/diabetic-retinopathy-detection/data/raw/Healthy/Healthy_422.png,0,No_DR
/home/neon-cultivator/us/diabetic-retinopathy-detection/data/raw/Proliferate DR/Proliferate DR_253.png,4,Proliferative_DR
/home/neon-cultivator/us/diabetic-retinopathy-detection/data/raw/Moderate DR/Moderate_DR_821.png,2,Moderate
/home/neon-cultivator/us/diabetic-retinopathy-detection/data/raw/Moderate DR/Moderate_DR_893.png,2,Moderate
/home/neon-cultivator/us/diabetic-retinopathy-detection/data/raw/Moderate DR/Moderate_DR_361.png,2,Moderate
/home/neon-cultivator/us/diabetic-retinopathy-detection/data/raw/Moderate DR/Moderate_DR_294.png,2,Moderate
/home/neon-cultivator/us/diabetic-retinopathy-detection/data/raw/Healthy/Healthy_272.png,0,No_DR
/home/neon-cultivator/us/diabetic-retinopathy-detection/data/raw/Proliferate DR/Proliferate DR_289.png,4,Proliferative_DR
/home/neon-cultivator/us/diabetic-retinopathy-detection/data/raw/Moderate DR/Moderate_DR_659.png,2,Moderate
/home/neon-cultivator/us/diabetic-retinopathy-detection/data/raw/Healthy/Healthy_347.png,0,No_DR
/home/neon-cultivator/us/diabetic-retinopathy-detection/data/raw/Healthy/Healthy_676.png,0,No_DR
/home/neon-cultivator/us/diabetic-retinopathy-detection/data/raw/Mild DR/Mild_DR_93.png,1,Mild
/home/neon-cultivator/us/diabetic-retinopathy-detection/data/raw/Healthy/Healthy_145.png,0,No_DR
/home/neon-cultivator/us/diabetic-retinopathy-detection/data/raw/Moderate DR/Moderate_DR_438.png,2,Moderate
/home/neon-cultivator/us/diabetic-retinopathy-detection/data/raw/Mild DR/Mild_DR_41.png,1,Mild
/home/neon-cultivator/us/diabetic-retinopathy-detection/data/raw/Severe DR/Severe DR_8.png,3,Severe
/home/neon-cultivator/us/diabetic-retinopathy-detection/data/raw/Moderate DR/Moderate_DR_543.png,2,Moderate
/home/neon-cultivator/us/diabetic-retinopathy-detection/data/raw/Severe DR/Severe DR_36.png,3,Severe
/home/neon-cultivator/us/diabetic-retinopathy-detection/data/raw/Proliferate DR/Proliferate DR_251.png,4,Proliferative_DR
/home/neon-cultivator/us/diabetic-retinopathy-detection/data/raw/Healthy/Healthy_105.png,0,No_DR
/home/neon-cultivator/us/diabetic-retinopathy-detection/data/raw/Moderate DR/Moderate_DR_816.png,2,Moderate
/home/neon-cultivator/us/diabetic-retinopathy-detection/data/raw/Healthy/Healthy_288.png,0,No_DR
/home/neon-cultivator/us/diabetic-retinopathy-detection/data/raw/Moderate DR/Moderate_DR_22.png,2,Moderate
/home/neon-cultivator/us/diabetic-retinopathy-detection/data/raw/Healthy/Healthy_360.png,0,No_DR
/home/neon-cultivator/us/diabetic-retinopathy-detection/data/raw/Healthy/Healthy_432.png,0,No_DR
/home/neon-cultivator/us/diabetic-retinopathy-detection/data/raw/Mild DR/Mild_DR_16.png,1,Mild
/home/neon-cultivator/us/diabetic-retinopathy-detection/data/raw/Healthy/Healthy_63.png,0,No_DR
/home/neon-cultivator/us/diabetic-retinopathy-detection/data/raw/Moderate DR/Moderate_DR_850.png,2,Moderate
/home/neon-cultivator/us/diabetic-retinopathy-detection/data/raw/Moderate DR/Moderate_DR_51.png,2,Moderate
/home/neon-cultivator/us/diabetic-retinopathy-detection/data/raw/Healthy/Healthy_826.png,0,No_DR
/home/neon-cultivator/us/diabetic-retinopathy-detection/data/raw/Healthy/Healthy_639.png,0,No_DR
/home/neon-cultivator/us/diabetic-retinopathy-detection/data/raw/Moderate DR/Moderate_DR_349.png,2,Moderate
/home/neon-cultivator/us/diabetic-retinopathy-detection/data/raw/Healthy/Healthy_415.png,0,No_DR
/home/neon-cultivator/us/diabetic-retinopathy-detection/data/raw/Healthy/Healthy_738.png,0,No_DR
/home/neon-cultivator/us/diabetic-retinopathy-detection/data/raw/Healthy/Healthy_98.png,0,No_DR
/home/neon-cultivator/us/diabetic-retinopathy-detection/data/raw/Proliferate DR/Proliferate DR_222.png,4,Proliferative_DR
/home/neon-cultivator/us/diabetic-retinopathy-detection/data/raw/Severe DR/Severe DR_160.png,3,Severe
/home/neon-cultivator/us/diabetic-retinopathy-detection/data/raw/Moderate DR/Moderate_DR_473.png,2,Moderate
/home/neon-cultivator/us/diabetic-retinopathy-detection/data/raw/Moderate DR/Moderate_DR_278.png,2,Moderate
/home/neon-cultivator/us/diabetic-retinopathy-detection/data/raw/Moderate DR/Moderate_DR_475.png,2,Moderate
/home/neon-cultivator/us/diabetic-retinopathy-detection/data/raw/Proliferate DR/Proliferate DR_52.png,4,Proliferative_DR
/home/neon-cultivator/us/diabetic-retinopathy-detection/data/raw/Healthy/Healthy_399.png,0,No_DR
/home/neon-cultivator/us/diabetic-retinopathy-detection/data/raw/Healthy/Healthy_407.png,0,No_DR
/home/neon-cultivator/us/diabetic-retinopathy-detection/data/raw/Moderate DR/Moderate_DR_574.png,2,Moderate
/home/neon-cultivator/us/diabetic-retinopathy-detection/data/raw/Moderate DR/Moderate_DR_557.png,2,Moderate
/home/neon-cultivator/us/diabetic-retinopathy-detection/data/raw/Healthy/Healthy_752.png,0,No_DR
/home/neon-cultivator/us/diabetic-retinopathy-detection/data/raw/Healthy/Healthy_50.png,0,No_DR
/home/neon-cultivator/us/diabetic-retinopathy-detection/data/raw/Moderate DR/Moderate_DR_619.png,2,Moderate
/home/neon-cultivator/us/diabetic-retinopathy-detection/data/raw/Mild DR/Mild_DR_189.png,1,Mild
/home/neon-cultivator/us/diabetic-retinopathy-detection/data/raw/Moderate DR/Moderate_DR_735.png,2,Moderate
/home/neon-cultivator/us/diabetic-retinopathy-detection/data/raw/Proliferate DR/Proliferate DR_140.png,4,Proliferative_DR
/home/neon-cultivator/us/diabetic-retinopathy-detection/data/raw/Proliferate DR/Proliferate DR_182.png,4,Proliferative_DR
/home/neon-cultivator/us/diabetic-retinopathy-detection/data/raw/Moderate DR/Moderate_DR_490.png,2,Moderate
/home/neon-cultivator/us/diabetic-retinopathy-detection/data/raw/Mild DR/Mild_DR_182.png,1,Mild
/home/neon-cultivator/us/diabetic-retinopathy-detection/data/raw/Healthy/Healthy_835.png,0,No_DR
/home/neon-cultivator/us/diabetic-retinopathy-detection/data/raw/Moderate DR/Moderate_DR_806.png,2,Moderate
/home/neon-cultivator/us/diabetic-retinopathy-detection/data/raw/Healthy/Healthy_444.png,0,No_DR
/home/neon-cultivator/us/diabetic-retinopathy-detection/data/raw/Mild DR/Mild_DR_321.png,1,Mild
/home/neon-cultivator/us/diabetic-retinopathy-detection/data/raw/Healthy/Healthy_853.png,0,No_DR
/home/neon-cultivator/us/diabetic-retinopathy-detection/data/raw/Severe DR/Severe DR_116.png,3,Severe
/home/neon-cultivator/us/diabetic-retinopathy-detection/data/raw/Moderate DR/Moderate_DR_759.png,2,Moderate
/home/neon-cultivator/us/diabetic-retinopathy-detection/data/raw/Proliferate DR/Proliferate DR_226.png,4,Proliferative_DR
/home/neon-cultivator/us/diabetic-retinopathy-detection/data/raw/Healthy/Healthy_185.png,0,No_DR
/home/neon-cultivator/us/diabetic-retinopathy-detection/data/raw/Severe DR/Severe DR_124.png,3,Severe
/home/neon-cultivator/us/diabetic-retinopathy-detection/data/raw/Healthy/Healthy_281.png,0,No_DR
/home/neon-cultivator/us/diabetic-retinopathy-detection/data/raw/Healthy/Healthy_960.png,0,No_DR
/home/neon-cultivator/us/diabetic-retinopathy-detection/data/raw/Moderate DR/Moderate_DR_686.png,2,Moderate
/home/neon-cultivator/us/diabetic-retinopathy-detection/data/raw/Moderate DR/Moderate_DR_111.png,2,Moderate
/home/neon-cultivator/us/diabetic-retinopathy-detection/data/raw/Mild DR/Mild_DR_356.png,1,Mild
/home/neon-cultivator/us/diabetic-retinopathy-detection/data/raw/Moderate DR/Moderate_DR_784.png,2,Moderate
/home/neon-cultivator/us/diabetic-retinopathy-detection/data/raw/Moderate DR/Moderate_DR_156.png,2,Moderate
/home/neon-cultivator/us/diabetic-retinopathy-detection/data/raw/Healthy/Healthy_200.png,0,No_DR
/home/neon-cultivator/us/diabetic-retinopathy-detection/data/raw/Moderate DR/Moderate_DR_268.png,2,Moderate
/home/neon-cultivator/us/diabetic-retinopathy-detection/data/raw/Moderate DR/Moderate_DR_689.png,2,Moderate
/home/neon-cultivator/us/diabetic-retinopathy-detection/data/raw/Healthy/Healthy_795.png,0,No_DR
/home/neon-cultivator/us/diabetic-retinopathy-detection/data/raw/Healthy/Healthy_771.png,0,No_DR
/home/neon-cultivator/us/diabetic-retinopathy-detection/data/raw/Proliferate DR/Proliferate DR_208.png,4,Proliferative_DR
/home/neon-cultivator/us/diabetic-retinopathy-detection/data/raw/Moderate DR/Moderate_DR_799.png,2,Moderate
/home/neon-cultivator/us/diabetic-retinopathy-detection/data/raw/Moderate DR/Moderate_DR_832.png,2,Moderate
/home/neon-cultivator/us/diabetic-retinopathy-detection/data/raw/Proliferate DR/Proliferate DR_220.png,4,Proliferative_DR
/home/neon-cultivator/us/diabetic-retinopathy-detection/data/raw/Proliferate DR/Proliferate DR_26.png,4,Proliferative_DR
/home/neon-cultivator/us/diabetic-retinopathy-detection/data/raw/Moderate DR/Moderate_DR_768.png,2,Moderate
/home/neon-cultivator/us/diabetic-retinopathy-detection/data/raw/Mild DR/Mild_DR_115.png,1,Mild
/home/neon-cultivator/us/diabetic-retinopathy-detection/data/raw/Healthy/Healthy_182.png,0,No_DR
/home/neon-cultivator/us/diabetic-retinopathy-detection/data/raw/Moderate DR/Moderate_DR_852.png,2,Moderate
/home/neon-cultivator/us/diabetic-retinopathy-detection/data/raw/Moderate DR/Moderate_DR_613.png,2,Moderate
/home/neon-cultivator/us/diabetic-retinopathy-detection/data/raw/Healthy/Healthy_176.png,0,No_DR
/home/neon-cultivator/us/diabetic-retinopathy-detection/data/raw/Moderate DR/Moderate_DR_362.png,2,Moderate
/home/neon-cultivator/us/diabetic-retinopathy-detection/data/raw/Severe DR/Severe DR_77.png,3,Severe
/home/neon-cultivator/us/diabetic-retinopathy-detection/data/raw/Healthy/Healthy_809.png,0,No_DR
/home/neon-cultivator/us/diabetic-retinopathy-detection/data/raw/Healthy/Healthy_193.png,0,No_DR
/home/neon-cultivator/us/diabetic-retinopathy-detection/data/raw/Moderate DR/Moderate_DR_137.png,2,Moderate
/home/neon-cultivator/us/diabetic-retinopathy-detection/data/raw/Moderate DR/Moderate_DR_37.png,2,Moderate
/home/neon-cultivator/us/diabetic-retinopathy-detection/data/raw/Healthy/Healthy_917.png,0,No_DR
/home/neon-cultivator/us/diabetic-retinopathy-detection/data/raw/Healthy/Healthy_468.png,0,No_DR
/home/neon-cultivator/us/diabetic-retinopathy-detection/data/raw/Severe DR/Severe DR_111.png,3,Severe
/home/neon-cultivator/us/diabetic-retinopathy-detection/data/raw/Proliferate DR/Proliferate DR_113.png,4,Proliferative_DR
/home/neon-cultivator/us/diabetic-retinopathy-detection/data/raw/Healthy/Healthy_429.png,0,No_DR
/home/neon-cultivator/us/diabetic-retinopathy-detection/data/raw/Moderate DR/Moderate_DR_600.png,2,Moderate
/home/neon-cultivator/us/diabetic-retinopathy-detection/data/raw/Moderate DR/Moderate_DR_900.png,2,Moderate
/home/neon-cultivator/us/diabetic-retinopathy-detection/data/raw/Mild DR/Mild_DR_271.png,1,Mild
/home/neon-cultivator/us/diabetic-retinopathy-detection/data/raw/Mild DR/Mild_DR_86.png,1,Mild
/home/neon-cultivator/us/diabetic-retinopathy-detection/data/raw/Moderate DR/Moderate_DR_779.png,2,Moderate
/home/neon-cultivator/us/diabetic-retinopathy-detection/data/raw/Proliferate DR/Proliferate DR_60.png,4,Proliferative_DR
/home/neon-cultivator/us/diabetic-retinopathy-detection/data/raw/Moderate DR/Moderate_DR_545.png,2,Moderate
/home/neon-cultivator/us/diabetic-retinopathy-detection/data/raw/Mild DR/Mild_DR_171.png,1,Mild
/home/neon-cultivator/us/diabetic-retinopathy-detection/data/raw/Moderate DR/Moderate_DR_503.png,2,Moderate
/home/neon-cultivator/us/diabetic-retinopathy-detection/data/raw/Healthy/Healthy_467.png,0,No_DR
/home/neon-cultivator/us/diabetic-retinopathy-detection/data/raw/Healthy/Healthy_390.png,0,No_DR
/home/neon-cultivator/us/diabetic-retinopathy-detection/data/raw/Healthy/Healthy_651.png,0,No_DR
/home/neon-cultivator/us/diabetic-retinopathy-detection/data/raw/Moderate DR/Moderate_DR_66.png,2,Moderate
/home/neon-cultivator/us/diabetic-retinopathy-detection/data/raw/Moderate DR/Moderate_DR_742.png,2,Moderate
/home/neon-cultivator/us/diabetic-retinopathy-detection/data/raw/Healthy/Healthy_440.png,0,No_DR
/home/neon-cultivator/us/diabetic-retinopathy-detection/data/raw/Moderate DR/Moderate_DR_786.png,2,Moderate
/home/neon-cultivator/us/diabetic-retinopathy-detection/data/raw/Moderate DR/Moderate_DR_758.png,2,Moderate
/home/neon-cultivator/us/diabetic-retinopathy-detection/data/raw/Moderate DR/Moderate_DR_58.png,2,Moderate
/home/neon-cultivator/us/diabetic-retinopathy-detection/data/raw/Moderate DR/Moderate_DR_367.png,2,Moderate
/home/neon-cultivator/us/diabetic-retinopathy-detection/data/raw/Healthy/Healthy_534.png,0,No_DR
/home/neon-cultivator/us/diabetic-retinopathy-detection/data/raw/Severe DR/Severe DR_34.png,3,Severe
/home/neon-cultivator/us/diabetic-retinopathy-detection/data/raw/Healthy/Healthy_62.png,0,No_DR
/home/neon-cultivator/us/diabetic-retinopathy-detection/data/raw/Healthy/Healthy_245.png,0,No_DR
/home/neon-cultivator/us/diabetic-retinopathy-detection/data/raw/Proliferate DR/Proliferate DR_263.png,4,Proliferative_DR
/home/neon-cultivator/us/diabetic-retinopathy-detection/data/raw/Severe DR/Severe DR_5.png,3,Severe
/home/neon-cultivator/us/diabetic-retinopathy-detection/data/raw/Moderate DR/Moderate_DR_555.png,2,Moderate
/home/neon-cultivator/us/diabetic-retinopathy-detection/data/raw/Mild DR/Mild_DR_313.png,1,Mild
/home/neon-cultivator/us/diabetic-retinopathy-detection/data/raw/Mild DR/Mild_DR_314.png,1,Mild
/home/neon-cultivator/us/diabetic-retinopathy-detection/data/raw/Healthy/Healthy_865.png,0,No_DR
/home/neon-cultivator/us/diabetic-retinopathy-detection/data/raw/Moderate DR/Moderate_DR_587.png,2,Moderate
/home/neon-cultivator/us/diabetic-retinopathy-detection/data/raw/Moderate DR/Moderate_DR_715.png,2,Moderate
/home/neon-cultivator/us/diabetic-retinopathy-detection/data/raw/Moderate DR/Moderate_DR_262.png,2,Moderate
/home/neon-cultivator/us/diabetic-retinopathy-detection/data/raw/Mild DR/Mild_DR_81.png,1,Mild
/home/neon-cultivator/us/diabetic-retinopathy-detection/data/raw/Moderate DR/Moderate_DR_840.png,2,Moderate
/home/neon-cultivator/us/diabetic-retinopathy-detection/data/raw/Healthy/Healthy_922.png,0,No_DR
/home/neon-cultivator/us/diabetic-retinopathy-detection/data/raw/Moderate DR/Moderate_DR_489.png,2,Moderate
/home/neon-cultivator/us/diabetic-retinopathy-detection/data/raw/Proliferate DR/Proliferate DR_120.png,4,Proliferative_DR
/home/neon-cultivator/us/diabetic-retinopathy-detection/data/raw/Healthy/Healthy_167.png,0,No_DR
/home/neon-cultivator/us/diabetic-retinopathy-detection/data/raw/Moderate DR/Moderate_DR_328.png,2,Moderate
/home/neon-cultivator/us/diabetic-retinopathy-detection/data/raw/Moderate DR/Moderate_DR_428.png,2,Moderate
/home/neon-cultivator/us/diabetic-retinopathy-detection/data/raw/Moderate DR/Moderate_DR_326.png,2,Moderate
/home/neon-cultivator/us/diabetic-retinopathy-detection/data/raw/Proliferate DR/Proliferate DR_243.png,4,Proliferative_DR
/home/neon-cultivator/us/diabetic-retinopathy-detection/data/raw/Severe DR/Severe DR_170.png,3,Severe
/home/neon-cultivator/us/diabetic-retinopathy-detection/data/raw/Severe DR/Severe DR_158.png,3,Severe
/home/neon-cultivator/us/diabetic-retinopathy-detection/data/raw/Mild DR/Mild_DR_109.png,1,Mild
/home/neon-cultivator/us/diabetic-retinopathy-detection/data/raw/Healthy/Healthy_791.png,0,No_DR
/home/neon-cultivator/us/diabetic-retinopathy-detection/data/raw/Healthy/Healthy_93.png,0,No_DR
/home/neon-cultivator/us/diabetic-retinopathy-detection/data/raw/Moderate DR/Moderate_DR_344.png,2,Moderate
/home/neon-cultivator/us/diabetic-retinopathy-detection/data/raw/Healthy/Healthy_30.png,0,No_DR
/home/neon-cultivator/us/diabetic-retinopathy-detection/data/raw/Moderate DR/Moderate_DR_802.png,2,Moderate
/home/neon-cultivator/us/diabetic-retinopathy-detection/data/raw/Moderate DR/Moderate_DR_650.png,2,Moderate
/home/neon-cultivator/us/diabetic-retinopathy-detection/data/raw/Healthy/Healthy_699.png,0,No_DR
/home/neon-cultivator/us/diabetic-retinopathy-detection/data/raw/Moderate DR/Moderate_DR_498.png,2,Moderate
/home/neon-cultivator/us/diabetic-retinopathy-detection/data/raw/Mild DR/Mild_DR_214.png,1,Mild
/home/neon-cultivator/us/diabetic-retinopathy-detection/data/raw/Moderate DR/Moderate_DR_255.png,2,Moderate
/home/neon-cultivator/us/diabetic-retinopathy-detection/data/raw/Healthy/Healthy_276.png,0,No_DR
/home/neon-cultivator/us/diabetic-retinopathy-detection/data/raw/Moderate DR/Moderate_DR_647.png,2,Moderate
/home/neon-cultivator/us/diabetic-retinopathy-detection/data/raw/Healthy/Healthy_90.png,0,No_DR
/home/neon-cultivator/us/diabetic-retinopathy-detection/data/raw/Mild DR/Mild_DR_69.png,1,Mild
/home/neon-cultivator/us/diabetic-retinopathy-detection/data/raw/Moderate DR/Moderate_DR_851.png,2,Moderate
/home/neon-cultivator/us/diabetic-retinopathy-detection/data/raw/Healthy/Healthy_671.png,0,No_DR
/home/neon-cultivator/us/diabetic-retinopathy-detection/data/raw/Mild DR/Mild_DR_126.png,1,Mild
/home/neon-cultivator/us/diabetic-retinopathy-detection/data/raw/Moderate DR/Moderate_DR_886.png,2,Moderate
/home/neon-cultivator/us/diabetic-retinopathy-detection/data/raw/Healthy/Healthy_770.png,0,No_DR
/home/neon-cultivator/us/diabetic-retinopathy-detection/data/raw/Healthy/Healthy_675.png,0,No_DR
/home/neon-cultivator/us/diabetic-retinopathy-detection/data/raw/Moderate DR/Moderate_DR_564.png,2,Moderate
/home/neon-cultivator/us/diabetic-retinopathy-detection/data/raw/Proliferate DR/Proliferate DR_66.png,4,Proliferative_DR
/home/neon-cultivator/us/diabetic-retinopathy-detection/data/raw/Healthy/Healthy_562.png,0,No_DR
/home/neon-cultivator/us/diabetic-retinopathy-detection/data/raw/Proliferate DR/Proliferate DR_258.png,4,Proliferative_DR
/home/neon-cultivator/us/diabetic-retinopathy-detection/data/raw/Healthy/Healthy_391.png,0,No_DR
/home/neon-cultivator/us/diabetic-retinopathy-detection/data/raw/Healthy/Healthy_929.png,0,No_DR
/home/neon-cultivator/us/diabetic-retinopathy-detection/data/raw/Mild DR/Mild_DR_258.png,1,Mild
/home/neon-cultivator/us/diabetic-retinopathy-detection/data/raw/Mild DR/Mild_DR_272.png,1,Mild
/home/neon-cultivator/us/diabetic-retinopathy-detection/data/raw/Healthy/Healthy_425.png,0,No_DR
/home/neon-cultivator/us/diabetic-retinopathy-detection/data/raw/Healthy/Healthy_579.png,0,No_DR
/home/neon-cultivator/us/diabetic-retinopathy-detection/data/raw/Moderate DR/Moderate_DR_670.png,2,Moderate
/home/neon-cultivator/us/diabetic-retinopathy-detection/data/raw/Moderate DR/Moderate_DR_537.png,2,Moderate
/home/neon-cultivator/us/diabetic-retinopathy-detection/data/raw/Moderate DR/Moderate_DR_576.png,2,Moderate
/home/neon-cultivator/us/diabetic-retinopathy-detection/data/raw/Moderate DR/Moderate_DR_234.png,2,Moderate
/home/neon-cultivator/us/diabetic-retinopathy-detection/data/raw/Proliferate DR/Proliferate DR_123.png,4,Proliferative_DR
/home/neon-cultivator/us/diabetic-retinopathy-detection/data/raw/Moderate DR/Moderate_DR_788.png,2,Moderate
/home/neon-cultivator/us/diabetic-retinopathy-detection/data/raw/Severe DR/Severe DR_51.png,3,Severe
/home/neon-cultivator/us/diabetic-retinopathy-detection/data/raw/Healthy/Healthy_779.png,0,No_DR
/home/neon-cultivator/us/diabetic-retinopathy-detection/data/raw/Mild DR/Mild_DR_352.png,1,Mild
/home/neon-cultivator/us/diabetic-retinopathy-detection/data/raw/Moderate DR/Moderate_DR_221.png,2,Moderate
/home/neon-cultivator/us/diabetic-retinopathy-detection/data/raw/Severe DR/Severe DR_52.png,3,Severe
/home/neon-cultivator/us/diabetic-retinopathy-detection/data/raw/Mild DR/Mild_DR_164.png,1,Mild
/home/neon-cultivator/us/diabetic-retinopathy-detection/data/raw/Mild DR/Mild_DR_312.png,1,Mild
/home/neon-cultivator/us/diabetic-retinopathy-detection/data/raw/Healthy/Healthy_543.png,0,No_DR
/home/neon-cultivator/us/diabetic-retinopathy-detection/data/raw/Healthy/Healthy_490.png,0,No_DR
/home/neon-cultivator/us/diabetic-retinopathy-detection/data/raw/Healthy/Healthy_887.png,0,No_DR
/home/neon-cultivator/us/diabetic-retinopathy-detection/data/raw/Moderate DR/Moderate_DR_178.png,2,Moderate
/home/neon-cultivator/us/diabetic-retinopathy-detection/data/raw/Severe DR/Severe DR_31.png,3,Severe
/home/neon-cultivator/us/diabetic-retinopathy-detection/data/raw/Mild DR/Mild_DR_18.png,1,Mild
/home/neon-cultivator/us/diabetic-retinopathy-detection/data/raw/Healthy/Healthy_953.png,0,No_DR
/home/neon-cultivator/us/diabetic-retinopathy-detection/data/raw/Mild DR/Mild_DR_139.png,1,Mild
/home/neon-cultivator/us/diabetic-retinopathy-detection/data/raw/Proliferate DR/Proliferate DR_160.png,4,Proliferative_DR
/home/neon-cultivator/us/diabetic-retinopathy-detection/data/raw/Proliferate DR/Proliferate DR_186.png,4,Proliferative_DR
/home/neon-cultivator/us/diabetic-retinopathy-detection/data/raw/Moderate DR/Moderate_DR_738.png,2,Moderate
/home/neon-cultivator/us/diabetic-retinopathy-detection/data/raw/Moderate DR/Moderate_DR_390.png,2,Moderate
/home/neon-cultivator/us/diabetic-retinopathy-detection/data/raw/Moderate DR/Moderate_DR_578.png,2,Moderate
/home/neon-cultivator/us/diabetic-retinopathy-detection/data/raw/Mild DR/Mild_DR_63.png,1,Mild
/home/neon-cultivator/us/diabetic-retinopathy-detection/data/raw/Healthy/Healthy_813.png,0,No_DR
/home/neon-cultivator/us/diabetic-retinopathy-detection/data/raw/Severe DR/Severe DR_87.png,3,Severe
/home/neon-cultivator/us/diabetic-retinopathy-detection/data/raw/Healthy/Healthy_732.png,0,No_DR
/home/neon-cultivator/us/diabetic-retinopathy-detection/data/raw/Mild DR/Mild_DR_48.png,1,Mild
/home/neon-cultivator/us/diabetic-retinopathy-detection/data/raw/Healthy/Healthy_412.png,0,No_DR
/home/neon-cultivator/us/diabetic-retinopathy-detection/data/raw/Healthy/Healthy_317.png,0,No_DR
/home/neon-cultivator/us/diabetic-retinopathy-detection/data/raw/Moderate DR/Moderate_DR_124.png,2,Moderate
/home/neon-cultivator/us/diabetic-retinopathy-detection/data/raw/Mild DR/Mild_DR_104.png,1,Mild
/home/neon-cultivator/us/diabetic-retinopathy-detection/data/raw/Healthy/Healthy_956.png,0,No_DR
/home/neon-cultivator/us/diabetic-retinopathy-detection/data/raw/Healthy/Healthy_462.png,0,No_DR
/home/neon-cultivator/us/diabetic-retinopathy-detection/data/raw/Healthy/Healthy_484.png,0,No_DR
/home/neon-cultivator/us/diabetic-retinopathy-detection/data/raw/Healthy/Healthy_628.png,0,No_DR
/home/neon-cultivator/us/diabetic-retinopathy-detection/data/raw/Healthy/Healthy_986.png,0,No_DR
/home/neon-cultivator/us/diabetic-retinopathy-detection/data/raw/Moderate DR/Moderate_DR_100.png,2,Moderate
/home/neon-cultivator/us/diabetic-retinopathy-detection/data/raw/Healthy/Healthy_369.png,0,No_DR
/home/neon-cultivator/us/diabetic-retinopathy-detection/data/raw/Healthy/Healthy_820.png,0,No_DR
/home/neon-cultivator/us/diabetic-retinopathy-detection/data/raw/Healthy/Healthy_677.png,0,No_DR
/home/neon-cultivator/us/diabetic-retinopathy-detection/data/raw/Moderate DR/Moderate_DR_422.png,2,Moderate
/home/neon-cultivator/us/diabetic-retinopathy-detection/data/raw/Healthy/Healthy_896.png,0,No_DR
/home/neon-cultivator/us/diabetic-retinopathy-detection/data/raw/Healthy/Healthy_785.png,0,No_DR
/home/neon-cultivator/us/diabetic-retinopathy-detection/data/raw/Healthy/Healthy_955.png,0,No_DR
/home/neon-cultivator/us/diabetic-retinopathy-detection/data/raw/Severe DR/Severe DR_22.png,3,Severe
/home/neon-cultivator/us/diabetic-retinopathy-detection/data/raw/Healthy/Healthy_621.png,0,No_DR
/home/neon-cultivator/us/diabetic-retinopathy-detection/data/raw/Healthy/Healthy_754.png,0,No_DR
/home/neon-cultivator/us/diabetic-retinopathy-detection/data/raw/Healthy/Healthy_197.png,0,No_DR
/home/neon-cultivator/us/diabetic-retinopathy-detection/data/raw/Moderate DR/Moderate_DR_96.png,2,Moderate
/home/neon-cultivator/us/diabetic-retinopathy-detection/data/raw/Moderate DR/Moderate_DR_569.png,2,Moderate
/home/neon-cultivator/us/diabetic-retinopathy-detection/data/raw/Healthy/Healthy_886.png,0,No_DR
/home/neon-cultivator/us/diabetic-retinopathy-detection/data/raw/Moderate DR/Moderate_DR_598.png,2,Moderate
/home/neon-cultivator/us/diabetic-retinopathy-detection/data/raw/Moderate DR/Moderate_DR_749.png,2,Moderate
/home/neon-cultivator/us/diabetic-retinopathy-detection/data/raw/Moderate DR/Moderate_DR_449.png,2,Moderate
/home/neon-cultivator/us/diabetic-retinopathy-detection/data/raw/Healthy/Healthy_362.png,0,No_DR
/home/neon-cultivator/us/diabetic-retinopathy-detection/data/raw/Mild DR/Mild_DR_228.png,1,Mild
/home/neon-cultivator/us/diabetic-retinopathy-detection/data/raw/Healthy/Healthy_776.png,0,No_DR
/home/neon-cultivator/us/diabetic-retinopathy-detection/data/raw/Moderate DR/Moderate_DR_45.png,2,Moderate
/home/neon-cultivator/us/diabetic-retinopathy-detection/data/raw/Moderate DR/Moderate_DR_436.png,2,Moderate
/home/neon-cultivator/us/diabetic-retinopathy-detection/data/raw/Moderate DR/Moderate_DR_23.png,2,Moderate
/home/neon-cultivator/us/diabetic-retinopathy-detection/data/raw/Moderate DR/Moderate_DR_457.png,2,Moderate
/home/neon-cultivator/us/diabetic-retinopathy-detection/data/raw/Moderate DR/Moderate_DR_770.png,2,Moderate
/home/neon-cultivator/us/diabetic-retinopathy-detection/data/raw/Severe DR/Severe DR_99.png,3,Severe
/home/neon-cultivator/us/diabetic-retinopathy-detection/data/raw/Moderate DR/Moderate_DR_162.png,2,Moderate
/home/neon-cultivator/us/diabetic-retinopathy-detection/data/raw/Moderate DR/Moderate_DR_74.png,2,Moderate
/home/neon-cultivator/us/diabetic-retinopathy-detection/data/raw/Moderate DR/Moderate_DR_97.png,2,Moderate
/home/neon-cultivator/us/diabetic-retinopathy-detection/data/raw/Healthy/Healthy_208.png,0,No_DR
/home/neon-cultivator/us/diabetic-retinopathy-detection/data/raw/Healthy/Healthy_166.png,0,No_DR
/home/neon-cultivator/us/diabetic-retinopathy-detection/data/raw/Severe DR/Severe DR_39.png,3,Severe
/home/neon-cultivator/us/diabetic-retinopathy-detection/data/raw/Moderate DR/Moderate_DR_71.png,2,Moderate
/home/neon-cultivator/us/diabetic-retinopathy-detection/data/raw/Severe DR/Severe DR_173.png,3,Severe
/home/neon-cultivator/us/diabetic-retinopathy-detection/data/raw/Healthy/Healthy_837.png,0,No_DR
/home/neon-cultivator/us/diabetic-retinopathy-detection/data/raw/Proliferate DR/Proliferate DR_184.png,4,Proliferative_DR
/home/neon-cultivator/us/diabetic-retinopathy-detection/data/raw/Moderate DR/Moderate_DR_211.png,2,Moderate
/home/neon-cultivator/us/diabetic-retinopathy-detection/data/raw/Healthy/Healthy_697.png,0,No_DR
/home/neon-cultivator/us/diabetic-retinopathy-detection/data/raw/Severe DR/Severe DR_95.png,3,Severe
/home/neon-cultivator/us/diabetic-retinopathy-detection/data/raw/Healthy/Healthy_308.png,0,No_DR
/home/neon-cultivator/us/diabetic-retinopathy-detection/data/raw/Moderate DR/Moderate_DR_633.png,2,Moderate
/home/neon-cultivator/us/diabetic-retinopathy-detection/data/raw/Moderate DR/Moderate_DR_400.png,2,Moderate
/home/neon-cultivator/us/diabetic-retinopathy-detection/data/raw/Healthy/Healthy_286.png,0,No_DR
/home/neon-cultivator/us/diabetic-retinopathy-detection/data/raw/Moderate DR/Moderate_DR_873.png,2,Moderate
/home/neon-cultivator/us/diabetic-retinopathy-detection/data/raw/Healthy/Healthy_350.png,0,No_DR
/home/neon-cultivator/us/diabetic-retinopathy-detection/data/raw/Severe DR/Severe DR_175.png,3,Severe
/home/neon-cultivator/us/diabetic-retinopathy-detection/data/raw/Healthy/Healthy_138.png,0,No_DR
/home/neon-cultivator/us/diabetic-retinopathy-detection/data/raw/Healthy/Healthy_846.png,0,No_DR
/home/neon-cultivator/us/diabetic-retinopathy-detection/data/raw/Proliferate DR/Proliferate DR_11.png,4,Proliferative_DR
/home/neon-cultivator/us/diabetic-retinopathy-detection/data/raw/Mild DR/Mild_DR_354.png,1,Mild
/home/neon-cultivator/us/diabetic-retinopathy-detection/data/raw/Proliferate DR/Proliferate DR_217.png,4,Proliferative_DR
/home/neon-cultivator/us/diabetic-retinopathy-detection/data/raw/Healthy/Healthy_884.png,0,No_DR
/home/neon-cultivator/us/diabetic-retinopathy-detection/data/raw/Mild DR/Mild_DR_121.png,1,Mild
/home/neon-cultivator/us/diabetic-retinopathy-detection/data/raw/Moderate DR/Moderate_DR_226.png,2,Moderate
/home/neon-cultivator/us/diabetic-retinopathy-detection/data/raw/Healthy/Healthy_295.png,0,No_DR
/home/neon-cultivator/us/diabetic-retinopathy-detection/data/raw/Healthy/Healthy_528.png,0,No_DR
/home/neon-cultivator/us/diabetic-retinopathy-detection/data/raw/Proliferate DR/Proliferate DR_237.png,4,Proliferative_DR
/home/neon-cultivator/us/diabetic-retinopathy-detection/data/raw/Healthy/Healthy_637.png,0,No_DR
/home/neon-cultivator/us/diabetic-retinopathy-detection/data/raw/Healthy/Healthy_868.png,0,No_DR
/home/neon-cultivator/us/diabetic-retinopathy-detection/data/raw/Moderate DR/Moderate_DR_41.png,2,Moderate
/home/neon-cultivator/us/diabetic-retinopathy-detection/data/raw/Healthy/Healthy_889.png,0,No_DR
/home/neon-cultivator/us/diabetic-retinopathy-detection/data/raw/Moderate DR/Moderate_DR_461.png,2,Moderate
/home/neon-cultivator/us/diabetic-retinopathy-detection/data/raw/Mild DR/Mild_DR_219.png,1,Mild
/home/neon-cultivator/us/diabetic-retinopathy-detection/data/raw/Moderate DR/Moderate_DR_479.png,2,Moderate
/home/neon-cultivator/us/diabetic-retinopathy-detection/data/raw/Healthy/Healthy_45.png,0,No_DR
/home/neon-cultivator/us/diabetic-retinopathy-detection/data/raw/Proliferate DR/Proliferate DR_92.png,4,Proliferative_DR
/home/neon-cultivator/us/diabetic-retinopathy-detection/data/raw/Proliferate DR/Proliferate DR_278.png,4,Proliferative_DR
/home/neon-cultivator/us/diabetic-retinopathy-detection/data/raw/Mild DR/Mild_DR_292.png,1,Mild
/home/neon-cultivator/us/diabetic-retinopathy-detection/data/raw/Healthy/Healthy_439.png,0,No_DR
/home/neon-cultivator/us/diabetic-retinopathy-detection/data/raw/Moderate DR/Moderate_DR_25.png,2,Moderate
/home/neon-cultivator/us/diabetic-retinopathy-detection/data/raw/Mild DR/Mild_DR_279.png,1,Mild
/home/neon-cultivator/us/diabetic-retinopathy-detection/data/raw/Moderate DR/Moderate_DR_122.png,2,Moderate
/home/neon-cultivator/us/diabetic-retinopathy-detection/data/raw/Moderate DR/Moderate_DR_767.png,2,Moderate
/home/neon-cultivator/us/diabetic-retinopathy-detection/data/raw/Moderate DR/Moderate_DR_681.png,2,Moderate
/home/neon-cultivator/us/diabetic-retinopathy-detection/data/raw/Healthy/Healthy_435.png,0,No_DR
/home/neon-cultivator/us/diabetic-retinopathy-detection/data/raw/Moderate DR/Moderate_DR_325.png,2,Moderate
/home/neon-cultivator/us/diabetic-retinopathy-detection/data/raw/Healthy/Healthy_724.png,0,No_DR
/home/neon-cultivator/us/diabetic-retinopathy-detection/data/raw/Moderate DR/Moderate_DR_130.png,2,Moderate
/home/neon-cultivator/us/diabetic-retinopathy-detection/data/raw/Proliferate DR/Proliferate DR_133.png,4,Proliferative_DR
/home/neon-cultivator/us/diabetic-retinopathy-detection/data/raw/Mild DR/Mild_DR_155.png,1,Mild
/home/neon-cultivator/us/diabetic-retinopathy-detection/data/raw/Mild DR/Mild_DR_367.png,1,Mild
/home/neon-cultivator/us/diabetic-retinopathy-detection/data/raw/Healthy/Healthy_504.png,0,No_DR
/home/neon-cultivator/us/diabetic-retinopathy-detection/data/raw/Healthy/Healthy_236.png,0,No_DR
/home/neon-cultivator/us/diabetic-retinopathy-detection/data/raw/Healthy/Healthy_161.png,0,No_DR
/home/neon-cultivator/us/diabetic-retinopathy-detection/data/raw/Healthy/Healthy_225.png,0,No_DR
/home/neon-cultivator/us/diabetic-retinopathy-detection/data/raw/Proliferate DR/Proliferate DR_223.png,4,Proliferative_DR
/home/neon-cultivator/us/diabetic-retinopathy-detection/data/raw/Mild DR/Mild_DR_317.png,1,Mild
/home/neon-cultivator/us/diabetic-retinopathy-detection/data/raw/Healthy/Healthy_20.png,0,No_DR
/home/neon-cultivator/us/diabetic-retinopathy-detection/data/raw/Healthy/Healthy_148.png,0,No_DR
/home/neon-cultivator/us/diabetic-retinopathy-detection/data/raw/Proliferate DR/Proliferate DR_292.png,4,Proliferative_DR
/home/neon-cultivator/us/diabetic-retinopathy-detection/data/raw/Moderate DR/Moderate_DR_158.png,2,Moderate
/home/neon-cultivator/us/diabetic-retinopathy-detection/data/raw/Mild DR/Mild_DR_163.png,1,Mild
/home/neon-cultivator/us/diabetic-retinopathy-detection/data/raw/Mild DR/Mild_DR_198.png,1,Mild
/home/neon-cultivator/us/diabetic-retinopathy-detection/data/raw/Healthy/Healthy_768.png,0,No_DR
/home/neon-cultivator/us/diabetic-retinopathy-detection/data/raw/Proliferate DR/Proliferate DR_122.png,4,Proliferative_DR
/home/neon-cultivator/us/diabetic-retinopathy-detection/data/raw/Proliferate DR/Proliferate DR_168.png,4,Proliferative_DR
/home/neon-cultivator/us/diabetic-retinopathy-detection/data/raw/Healthy/Healthy_707.png,0,No_DR
/home/neon-cultivator/us/diabetic-retinopathy-detection/data/raw/Healthy/Healthy_582.png,0,No_DR
/home/neon-cultivator/us/diabetic-retinopathy-detection/data/raw/Mild DR/Mild_DR_110.png,1,Mild
/home/neon-cultivator/us/diabetic-retinopathy-detection/data/raw/Proliferate DR/Proliferate DR_13.png,4,Proliferative_DR
/home/neon-cultivator/us/diabetic-retinopathy-detection/data/raw/Moderate DR/Moderate_DR_224.png,2,Moderate
/home/neon-cultivator/us/diabetic-retinopathy-detection/data/raw/Healthy/Healthy_709.png,0,No_DR
/home/neon-cultivator/us/diabetic-retinopathy-detection/data/raw/Healthy/Healthy_244.png,0,No_DR
/home/neon-cultivator/us/diabetic-retinopathy-detection/data/raw/Moderate DR/Moderate_DR_679.png,2,Moderate
/home/neon-cultivator/us/diabetic-retinopathy-detection/data/raw/Severe DR/Severe DR_53.png,3,Severe
/home/neon-cultivator/us/diabetic-retinopathy-detection/data/raw/Moderate DR/Moderate_DR_251.png,2,Moderate
/home/neon-cultivator/us/diabetic-retinopathy-detection/data/raw/Healthy/Healthy_32.png,0,No_DR
/home/neon-cultivator/us/diabetic-retinopathy-detection/data/raw/Moderate DR/Moderate_DR_623.png,2,Moderate
/home/neon-cultivator/us/diabetic-retinopathy-detection/data/raw/Mild DR/Mild_DR_270.png,1,Mild
/home/neon-cultivator/us/diabetic-retinopathy-detection/data/raw/Healthy/Healthy_46.png,0,No_DR
/home/neon-cultivator/us/diabetic-retinopathy-detection/data/raw/Healthy/Healthy_270.png,0,No_DR
/home/neon-cultivator/us/diabetic-retinopathy-detection/data/raw/Moderate DR/Moderate_DR_702.png,2,Moderate
/home/neon-cultivator/us/diabetic-retinopathy-detection/data/raw/Healthy/Healthy_762.png,0,No_DR
/home/neon-cultivator/us/diabetic-retinopathy-detection/data/raw/Proliferate DR/Proliferate DR_213.png,4,Proliferative_DR
/home/neon-cultivator/us/diabetic-retinopathy-detection/data/raw/Mild DR/Mild_DR_255.png,1,Mild
/home/neon-cultivator/us/diabetic-retinopathy-detection/data/raw/Proliferate DR/Proliferate DR_84.png,4,Proliferative_DR
/home/neon-cultivator/us/diabetic-retinopathy-detection/data/raw/Severe DR/Severe DR_123.png,3,Severe
/home/neon-cultivator/us/diabetic-retinopathy-detection/data/raw/Healthy/Healthy_367.png,0,No_DR
/home/neon-cultivator/us/diabetic-retinopathy-detection/data/raw/Moderate DR/Moderate_DR_563.png,2,Moderate
/home/neon-cultivator/us/diabetic-retinopathy-detection/data/raw/Healthy/Healthy_830.png,0,No_DR
/home/neon-cultivator/us/diabetic-retinopathy-detection/data/raw/Healthy/Healthy_882.png,0,No_DR
/home/neon-cultivator/us/diabetic-retinopathy-detection/data/raw/Healthy/Healthy_235.png,0,No_DR
/home/neon-cultivator/us/diabetic-retinopathy-detection/data/raw/Healthy/Healthy_932.png,0,No_DR
/home/neon-cultivator/us/diabetic-retinopathy-detection/data/raw/Healthy/Healthy_383.png,0,No_DR
/home/neon-cultivator/us/diabetic-retinopathy-detection/data/raw/Mild DR/Mild_DR_165.png,1,Mild
/home/neon-cultivator/us/diabetic-retinopathy-detection/data/raw/Moderate DR/Moderate_DR_452.png,2,Moderate
/home/neon-cultivator/us/diabetic-retinopathy-detection/data/raw/Healthy/Healthy_309.png,0,No_DR
/home/neon-cultivator/us/diabetic-retinopathy-detection/data/raw/Healthy/Healthy_930.png,0,No_DR
/home/neon-cultivator/us/diabetic-retinopathy-detection/data/raw/Healthy/Healthy_934.png,0,No_DR
/home/neon-cultivator/us/diabetic-retinopathy-detection/data/raw/Healthy/Healthy_96.png,0,No_DR
/home/neon-cultivator/us/diabetic-retinopathy-detection/data/raw/Moderate DR/Moderate_DR_368.png,2,Moderate
/home/neon-cultivator/us/diabetic-retinopathy-detection/data/raw/Severe DR/Severe DR_43.png,3,Severe
/home/neon-cultivator/us/diabetic-retinopathy-detection/data/raw/Healthy/Healthy_909.png,0,No_DR
/home/neon-cultivator/us/diabetic-retinopathy-detection/data/raw/Mild DR/Mild_DR_244.png,1,Mild
/home/neon-cultivator/us/diabetic-retinopathy-detection/data/raw/Healthy/Healthy_958.png,0,No_DR
/home/neon-cultivator/us/diabetic-retinopathy-detection/data/raw/Proliferate DR/Proliferate DR_139.png,4,Proliferative_DR
/home/neon-cultivator/us/diabetic-retinopathy-detection/data/raw/Healthy/Healthy_179.png,0,No_DR
/home/neon-cultivator/us/diabetic-retinopathy-detection/data/raw/Mild DR/Mild_DR_262.png,1,Mild
/home/neon-cultivator/us/diabetic-retinopathy-detection/data/raw/Mild DR/Mild_DR_353.png,1,Mild
/home/neon-cultivator/us/diabetic-retinopathy-detection/data/raw/Proliferate DR/Proliferate DR_224.png,4,Proliferative_DR
/home/neon-cultivator/us/diabetic-retinopathy-detection/data/raw/Proliferate DR/Proliferate DR_20.png,4,Proliferative_DR
/home/neon-cultivator/us/diabetic-retinopathy-detection/data/raw/Mild DR/Mild_DR_111.png,1,Mild
/home/neon-cultivator/us/diabetic-retinopathy-detection/data/raw/Healthy/Healthy_316.png,0,No_DR
/home/neon-cultivator/us/diabetic-retinopathy-detection/data/raw/Mild DR/Mild_DR_83.png,1,Mild
/home/neon-cultivator/us/diabetic-retinopathy-detection/data/raw/Healthy/Healthy_530.png,0,No_DR
/home/neon-cultivator/us/diabetic-retinopathy-detection/data/raw/Proliferate DR/Proliferate DR_272.png,4,Proliferative_DR
/home/neon-cultivator/us/diabetic-retinopathy-detection/data/raw/Moderate DR/Moderate_DR_579.png,2,Moderate
/home/neon-cultivator/us/diabetic-retinopathy-detection/data/raw/Healthy/Healthy_293.png,0,No_DR
/home/neon-cultivator/us/diabetic-retinopathy-detection/data/raw/Mild DR/Mild_DR_166.png,1,Mild
/home/neon-cultivator/us/diabetic-retinopathy-detection/data/raw/Moderate DR/Moderate_DR_242.png,2,Moderate
/home/neon-cultivator/us/diabetic-retinopathy-detection/data/raw/Moderate DR/Moderate_DR_333.png,2,Moderate
/home/neon-cultivator/us/diabetic-retinopathy-detection/data/raw/Healthy/Healthy_595.png,0,No_DR
/home/neon-cultivator/us/diabetic-retinopathy-detection/data/raw/Severe DR/Severe DR_176.png,3,Severe
/home/neon-cultivator/us/diabetic-retinopathy-detection/data/raw/Severe DR/Severe DR_35.png,3,Severe
/home/neon-cultivator/us/diabetic-retinopathy-detection/data/raw/Healthy/Healthy_292.png,0,No_DR
/home/neon-cultivator/us/diabetic-retinopathy-detection/data/raw/Healthy/Healthy_597.png,0,No_DR
/home/neon-cultivator/us/diabetic-retinopathy-detection/data/raw/Moderate DR/Moderate_DR_98.png,2,Moderate
/home/neon-cultivator/us/diabetic-retinopathy-detection/data/raw/Moderate DR/Moderate_DR_622.png,2,Moderate
/home/neon-cultivator/us/diabetic-retinopathy-detection/data/raw/Healthy/Healthy_631.png,0,No_DR
/home/neon-cultivator/us/diabetic-retinopathy-detection/data/raw/Moderate DR/Moderate_DR_496.png,2,Moderate
/home/neon-cultivator/us/diabetic-retinopathy-detection/data/raw/Healthy/Healthy_183.png,0,No_DR
/home/neon-cultivator/us/diabetic-retinopathy-detection/data/raw/Moderate DR/Moderate_DR_444.png,2,Moderate
/home/neon-cultivator/us/diabetic-retinopathy-detection/data/raw/Moderate DR/Moderate_DR_359.png,2,Moderate
/home/neon-cultivator/us/diabetic-retinopathy-detection/data/raw/Severe DR/Severe DR_15.png,3,Severe
/home/neon-cultivator/us/diabetic-retinopathy-detection/data/raw/Proliferate DR/Proliferate DR_115.png,4,Proliferative_DR
/home/neon-cultivator/us/diabetic-retinopathy-detection/data/raw/Proliferate DR/Proliferate DR_131.png,4,Proliferative_DR
/home/neon-cultivator/us/diabetic-retinopathy-detection/data/raw/Moderate DR/Moderate_DR_291.png,2,Moderate
/home/neon-cultivator/us/diabetic-retinopathy-detection/data/raw/Moderate DR/Moderate_DR_800.png,2,Moderate
/home/neon-cultivator/us/diabetic-retinopathy-detection/data/raw/Proliferate DR/Proliferate DR_148.png,4,Proliferative_DR
/home/neon-cultivator/us/diabetic-retinopathy-detection/data/raw/Healthy/Healthy_587.png,0,No_DR
/home/neon-cultivator/us/diabetic-retinopathy-detection/data/raw/Proliferate DR/Proliferate DR_18.png,4,Proliferative_DR
/home/neon-cultivator/us/diabetic-retinopathy-detection/data/raw/Mild DR/Mild_DR_308.png,1,Mild
/home/neon-cultivator/us/diabetic-retinopathy-detection/data/raw/Moderate DR/Moderate_DR_445.png,2,Moderate
/home/neon-cultivator/us/diabetic-retinopathy-detection/data/raw/Moderate DR/Moderate_DR_231.png,2,Moderate
/home/neon-cultivator/us/diabetic-retinopathy-detection/data/raw/Moderate DR/Moderate_DR_241.png,2,Moderate
/home/neon-cultivator/us/diabetic-retinopathy-detection/data/raw/Severe DR/Severe DR_190.png,3,Severe
/home/neon-cultivator/us/diabetic-retinopathy-detection/data/raw/Healthy/Healthy_618.png,0,No_DR
/home/neon-cultivator/us/diabetic-retinopathy-detection/data/raw/Healthy/Healthy_59.png,0,No_DR
/home/neon-cultivator/us/diabetic-retinopathy-detection/data/raw/Moderate DR/Moderate_DR_374.png,2,Moderate
/home/neon-cultivator/us/diabetic-retinopathy-detection/data/raw/Moderate DR/Moderate_DR_534.png,2,Moderate
/home/neon-cultivator/us/diabetic-retinopathy-detection/data/raw/Moderate DR/Moderate_DR_200.png,2,Moderate
/home/neon-cultivator/us/diabetic-retinopathy-detection/data/raw/Healthy/Healthy_755.png,0,No_DR
/home/neon-cultivator/us/diabetic-retinopathy-detection/data/raw/Moderate DR/Moderate_DR_108.png,2,Moderate
/home/neon-cultivator/us/diabetic-retinopathy-detection/data/raw/Moderate DR/Moderate_DR_812.png,2,Moderate
/home/neon-cultivator/us/diabetic-retinopathy-detection/data/raw/Mild DR/Mild_DR_206.png,1,Mild
/home/neon-cultivator/us/diabetic-retinopathy-detection/data/raw/Proliferate DR/Proliferate DR_97.png,4,Proliferative_DR
/home/neon-cultivator/us/diabetic-retinopathy-detection/data/raw/Healthy/Healthy_689.png,0,No_DR
/home/neon-cultivator/us/diabetic-retinopathy-detection/data/raw/Moderate DR/Moderate_DR_747.png,2,Moderate
/home/neon-cultivator/us/diabetic-retinopathy-detection/data/raw/Moderate DR/Moderate_DR_267.png,2,Moderate
/home/neon-cultivator/us/diabetic-retinopathy-detection/data/raw/Mild DR/Mild_DR_221.png,1,Mild
/home/neon-cultivator/us/diabetic-retinopathy-detection/data/raw/Proliferate DR/Proliferate DR_185.png,4,Proliferative_DR
/home/neon-cultivator/us/diabetic-retinopathy-detection/data/raw/Healthy/Healthy_335.png,0,No_DR
/home/neon-cultivator/us/diabetic-retinopathy-detection/data/raw/Healthy/Healthy_410.png,0,No_DR
/home/neon-cultivator/us/diabetic-retinopathy-detection/data/raw/Moderate DR/Moderate_DR_630.png,2,Moderate
/home/neon-cultivator/us/diabetic-retinopathy-detection/data/raw/Healthy/Healthy_307.png,0,No_DR
/home/neon-cultivator/us/diabetic-retinopathy-detection/data/raw/Severe DR/Severe DR_14.png,3,Severe
/home/neon-cultivator/us/diabetic-retinopathy-detection/data/raw/Moderate DR/Moderate_DR_102.png,2,Moderate
/home/neon-cultivator/us/diabetic-retinopathy-detection/data/raw/Moderate DR/Moderate_DR_750.png,2,Moderate
/home/neon-cultivator/us/diabetic-retinopathy-detection/data/raw/Mild DR/Mild_DR_229.png,1,Mild
/home/neon-cultivator/us/diabetic-retinopathy-detection/data/raw/Proliferate DR/Proliferate DR_211.png,4,Proliferative_DR
/home/neon-cultivator/us/diabetic-retinopathy-detection/data/raw/Moderate DR/Moderate_DR_617.png,2,Moderate
/home/neon-cultivator/us/diabetic-retinopathy-detection/data/raw/Healthy/Healthy_297.png,0,No_DR
/home/neon-cultivator/us/diabetic-retinopathy-detection/data/raw/Healthy/Healthy_996.png,0,No_DR
/home/neon-cultivator/us/diabetic-retinopathy-detection/data/raw/Proliferate DR/Proliferate DR_31.png,4,Proliferative_DR
/home/neon-cultivator/us/diabetic-retinopathy-detection/data/raw/Moderate DR/Moderate_DR_728.png,2,Moderate
/home/neon-cultivator/us/diabetic-retinopathy-detection/data/raw/Moderate DR/Moderate_DR_356.png,2,Moderate
/home/neon-cultivator/us/diabetic-retinopathy-detection/data/raw/Healthy/Healthy_800.png,0,No_DR
/home/neon-cultivator/us/diabetic-retinopathy-detection/data/raw/Severe DR/Severe DR_168.png,3,Severe
/home/neon-cultivator/us/diabetic-retinopathy-detection/data/raw/Moderate DR/Moderate_DR_230.png,2,Moderate
/home/neon-cultivator/us/diabetic-retinopathy-detection/data/raw/Mild DR/Mild_DR_106.png,1,Mild
/home/neon-cultivator/us/diabetic-retinopathy-detection/data/raw/Moderate DR/Moderate_DR_283.png,2,Moderate
/home/neon-cultivator/us/diabetic-retinopathy-detection/data/raw/Healthy/Healthy_668.png,0,No_DR
/home/neon-cultivator/us/diabetic-retinopathy-detection/data/raw/Healthy/Healthy_461.png,0,No_DR
/home/neon-cultivator/us/diabetic-retinopathy-detection/data/raw/Healthy/Healthy_693.png,0,No_DR
/home/neon-cultivator/us/diabetic-retinopathy-detection/data/raw/Proliferate DR/Proliferate DR_73.png,4,Proliferative_DR
/home/neon-cultivator/us/diabetic-retinopathy-detection/data/raw/Moderate DR/Moderate_DR_645.png,2,Moderate
/home/neon-cultivator/us/diabetic-retinopathy-detection/data/raw/Healthy/Healthy_372.png,0,No_DR
/home/neon-cultivator/us/diabetic-retinopathy-detection/data/raw/Proliferate DR/Proliferate DR_239.png,4,Proliferative_DR
/home/neon-cultivator/us/diabetic-retinopathy-detection/data/raw/Proliferate DR/Proliferate DR_152.png,4,Proliferative_DR
/home/neon-cultivator/us/diabetic-retinopathy-detection/data/raw/Healthy/Healthy_744.png,0,No_DR
/home/neon-cultivator/us/diabetic-retinopathy-detection/data/raw/Mild DR/Mild_DR_45.png,1,Mild
/home/neon-cultivator/us/diabetic-retinopathy-detection/data/raw/Healthy/Healthy_23.png,0,No_DR
/home/neon-cultivator/us/diabetic-retinopathy-detection/data/raw/Moderate DR/Moderate_DR_834.png,2,Moderate
/home/neon-cultivator/us/diabetic-retinopathy-detection/data/raw/Moderate DR/Moderate_DR_260.png,2,Moderate
/home/neon-cultivator/us/diabetic-retinopathy-detection/data/raw/Proliferate DR/Proliferate DR_206.png,4,Proliferative_DR
/home/neon-cultivator/us/diabetic-retinopathy-detection/data/raw/Moderate DR/Moderate_DR_46.png,2,Moderate
/home/neon-cultivator/us/diabetic-retinopathy-detection/data/raw/Healthy/Healthy_298.png,0,No_DR
/home/neon-cultivator/us/diabetic-retinopathy-detection/data/raw/Mild DR/Mild_DR_138.png,1,Mild
/home/neon-cultivator/us/diabetic-retinopathy-detection/data/raw/Healthy/Healthy_366.png,0,No_DR
/home/neon-cultivator/us/diabetic-retinopathy-detection/data/raw/Healthy/Healthy_78.png,0,No_DR
/home/neon-cultivator/us/diabetic-retinopathy-detection/data/raw/Severe DR/Severe DR_109.png,3,Severe
/home/neon-cultivator/us/diabetic-retinopathy-detection/data/raw/Healthy/Healthy_291.png,0,No_DR
/home/neon-cultivator/us/diabetic-retinopathy-detection/data/raw/Healthy/Healthy_773.png,0,No_DR
/home/neon-cultivator/us/diabetic-retinopathy-detection/data/raw/Mild DR/Mild_DR_280.png,1,Mild
/home/neon-cultivator/us/diabetic-retinopathy-detection/data/raw/Healthy/Healthy_266.png,0,No_DR
/home/neon-cultivator/us/diabetic-retinopathy-detection/data/raw/Mild DR/Mild_DR_223.png,1,Mild
/home/neon-cultivator/us/diabetic-retinopathy-detection/data/raw/Mild DR/Mild_DR_345.png,1,Mild
/home/neon-cultivator/us/diabetic-retinopathy-detection/data/raw/Healthy/Healthy_320.png,0,No_DR
/home/neon-cultivator/us/diabetic-retinopathy-detection/data/raw/Moderate DR/Moderate_DR_281.png,2,Moderate
/home/neon-cultivator/us/diabetic-retinopathy-detection/data/raw/Moderate DR/Moderate_DR_660.png,2,Moderate
/home/neon-cultivator/us/diabetic-retinopathy-detection/data/raw/Healthy/Healthy_153.png,0,No_DR
/home/neon-cultivator/us/diabetic-retinopathy-detection/data/raw/Mild DR/Mild_DR_247.png,1,Mild
/home/neon-cultivator/us/diabetic-retinopathy-detection/data/raw/Healthy/Healthy_58.png,0,No_DR
/home/neon-cultivator/us/diabetic-retinopathy-detection/data/raw/Moderate DR/Moderate_DR_596.png,2,Moderate
/home/neon-cultivator/us/diabetic-retinopathy-detection/data/raw/Moderate DR/Moderate_DR_409.png,2,Moderate
/home/neon-cultivator/us/diabetic-retinopathy-detection/data/raw/Healthy/Healthy_163.png,0,No_DR
/home/neon-cultivator/us/diabetic-retinopathy-detection/data/raw/Healthy/Healthy_109.png,0,No_DR
/home/neon-cultivator/us/diabetic-retinopathy-detection/data/raw/Mild DR/Mild_DR_72.png,1,Mild
/home/neon-cultivator/us/diabetic-retinopathy-detection/data/raw/Healthy/Healthy_190.png,0,No_DR
/home/neon-cultivator/us/diabetic-retinopathy-detection/data/raw/Moderate DR/Moderate_DR_684.png,2,Moderate
/home/neon-cultivator/us/diabetic-retinopathy-detection/data/raw/Severe DR/Severe DR_92.png,3,Severe
/home/neon-cultivator/us/diabetic-retinopathy-detection/data/raw/Healthy/Healthy_212.png,0,No_DR
/home/neon-cultivator/us/diabetic-retinopathy-detection/data/raw/Healthy/Healthy_315.png,0,No_DR
/home/neon-cultivator/us/diabetic-retinopathy-detection/data/raw/Moderate DR/Moderate_DR_376.png,2,Moderate
/home/neon-cultivator/us/diabetic-retinopathy-detection/data/raw/Healthy/Healthy_213.png,0,No_DR
/home/neon-cultivator/us/diabetic-retinopathy-detection/data/raw/Healthy/Healthy_65.png,0,No_DR
/home/neon-cultivator/us/diabetic-retinopathy-detection/data/raw/Healthy/Healthy_376.png,0,No_DR
/home/neon-cultivator/us/diabetic-retinopathy-detection/data/raw/Severe DR/Severe DR_179.png,3,Severe
/home/neon-cultivator/us/diabetic-retinopathy-detection/data/raw/Healthy/Healthy_861.png,0,No_DR
/home/neon-cultivator/us/diabetic-retinopathy-detection/data/raw/Healthy/Healthy_975.png,0,No_DR
/home/neon-cultivator/us/diabetic-retinopathy-detection/data/raw/Mild DR/Mild_DR_194.png,1,Mild
/home/neon-cultivator/us/diabetic-retinopathy-detection/data/raw/Healthy/Healthy_702.png,0,No_DR
/home/neon-cultivator/us/diabetic-retinopathy-detection/data/raw/Mild DR/Mild_DR_6.png,1,Mild
/home/neon-cultivator/us/diabetic-retinopathy-detection/data/raw/Moderate DR/Moderate_DR_638.png,2,Moderate
/home/neon-cultivator/us/diabetic-retinopathy-detection/data/raw/Proliferate DR/Proliferate DR_212.png,4,Proliferative_DR
/home/neon-cultivator/us/diabetic-retinopathy-detection/data/raw/Healthy/Healthy_227.png,0,No_DR
/home/neon-cultivator/us/diabetic-retinopathy-detection/data/raw/Healthy/Healthy_306.png,0,No_DR
/home/neon-cultivator/us/diabetic-retinopathy-detection/data/raw/Moderate DR/Moderate_DR_237.png,2,Moderate
/home/neon-cultivator/us/diabetic-retinopathy-detection/data/raw/Healthy/Healthy_1000.png,0,No_DR
/home/neon-cultivator/us/diabetic-retinopathy-detection/data/raw/Mild DR/Mild_DR_364.png,1,Mild
/home/neon-cultivator/us/diabetic-retinopathy-detection/data/raw/Healthy/Healthy_508.png,0,No_DR
/home/neon-cultivator/us/diabetic-retinopathy-detection/data/raw/Moderate DR/Moderate_DR_391.png,2,Moderate
/home/neon-cultivator/us/diabetic-retinopathy-detection/data/raw/Moderate DR/Moderate_DR_175.png,2,Moderate
/home/neon-cultivator/us/diabetic-retinopathy-detection/data/raw/Moderate DR/Moderate_DR_150.png,2,Moderate
/home/neon-cultivator/us/diabetic-retinopathy-detection/data/raw/Moderate DR/Moderate_DR_713.png,2,Moderate
/home/neon-cultivator/us/diabetic-retinopathy-detection/data/raw/Moderate DR/Moderate_DR_192.png,2,Moderate
/home/neon-cultivator/us/diabetic-retinopathy-detection/data/raw/Healthy/Healthy_740.png,0,No_DR
/home/neon-cultivator/us/diabetic-retinopathy-detection/data/raw/Healthy/Healthy_714.png,0,No_DR
/home/neon-cultivator/us/diabetic-retinopathy-detection/data/raw/Mild DR/Mild_DR_250.png,1,Mild
/home/neon-cultivator/us/diabetic-retinopathy-detection/data/raw/Moderate DR/Moderate_DR_552.png,2,Moderate
/home/neon-cultivator/us/diabetic-retinopathy-detection/data/raw/Healthy/Healthy_758.png,0,No_DR
/home/neon-cultivator/us/diabetic-retinopathy-detection/data/raw/Healthy/Healthy_223.png,0,No_DR
/home/neon-cultivator/us/diabetic-retinopathy-detection/data/raw/Moderate DR/Moderate_DR_649.png,2,Moderate
/home/neon-cultivator/us/diabetic-retinopathy-detection/data/raw/Moderate DR/Moderate_DR_247.png,2,Moderate
/home/neon-cultivator/us/diabetic-retinopathy-detection/data/raw/Mild DR/Mild_DR_37.png,1,Mild
/home/neon-cultivator/us/diabetic-retinopathy-detection/data/raw/Healthy/Healthy_823.png,0,No_DR
/home/neon-cultivator/us/diabetic-retinopathy-detection/data/raw/Healthy/Healthy_647.png,0,No_DR
/home/neon-cultivator/us/diabetic-retinopathy-detection/data/raw/Healthy/Healthy_465.png,0,No_DR
/home/neon-cultivator/us/diabetic-retinopathy-detection/data/raw/Healthy/Healthy_520.png,0,No_DR
/home/neon-cultivator/us/diabetic-retinopathy-detection/data/raw/Mild DR/Mild_DR_281.png,1,Mild
/home/neon-cultivator/us/diabetic-retinopathy-detection/data/raw/Healthy/Healthy_498.png,0,No_DR
/home/neon-cultivator/us/diabetic-retinopathy-detection/data/raw/Proliferate DR/Proliferate DR_202.png,4,Proliferative_DR
/home/neon-cultivator/us/diabetic-retinopathy-detection/data/raw/Healthy/Healthy_251.png,0,No_DR
/home/neon-cultivator/us/diabetic-retinopathy-detection/data/raw/Mild DR/Mild_DR_102.png,1,Mild
/home/neon-cultivator/us/diabetic-retinopathy-detection/data/raw/Moderate DR/Moderate_DR_363.png,2,Moderate
/home/neon-cultivator/us/diabetic-retinopathy-detection/data/raw/Healthy/Healthy_566.png,0,No_DR
/home/neon-cultivator/us/diabetic-retinopathy-detection/data/raw/Moderate DR/Moderate_DR_483.png,2,Moderate
/home/neon-cultivator/us/diabetic-retinopathy-detection/data/raw/Healthy/Healthy_972.png,0,No_DR
/home/neon-cultivator/us/diabetic-retinopathy-detection/data/raw/Healthy/Healthy_802.png,0,No_DR
/home/neon-cultivator/us/diabetic-retinopathy-detection/data/raw/Healthy/Healthy_812.png,0,No_DR
/home/neon-cultivator/us/diabetic-retinopathy-detection/data/raw/Healthy/Healthy_25.png,0,No_DR
/home/neon-cultivator/us/diabetic-retinopathy-detection/data/raw/Moderate DR/Moderate_DR_539.png,2,Moderate
/home/neon-cultivator/us/diabetic-retinopathy-detection/data/raw/Healthy/Healthy_14.png,0,No_DR
/home/neon-cultivator/us/diabetic-retinopathy-detection/data/raw/Healthy/Healthy_532.png,0,No_DR
/home/neon-cultivator/us/diabetic-retinopathy-detection/data/raw/Proliferate DR/Proliferate DR_270.png,4,Proliferative_DR
/home/neon-cultivator/us/diabetic-retinopathy-detection/data/raw/Healthy/Healthy_113.png,0,No_DR
/home/neon-cultivator/us/diabetic-retinopathy-detection/data/raw/Severe DR/Severe DR_54.png,3,Severe
/home/neon-cultivator/us/diabetic-retinopathy-detection/data/raw/Healthy/Healthy_86.png,0,No_DR
/home/neon-cultivator/us/diabetic-retinopathy-detection/data/raw/Moderate DR/Moderate_DR_891.png,2,Moderate
/home/neon-cultivator/us/diabetic-retinopathy-detection/data/raw/Healthy/Healthy_921.png,0,No_DR
/home/neon-cultivator/us/diabetic-retinopathy-detection/data/raw/Healthy/Healthy_601.png,0,No_DR
/home/neon-cultivator/us/diabetic-retinopathy-detection/data/raw/Moderate DR/Moderate_DR_75.png,2,Moderate
/home/neon-cultivator/us/diabetic-retinopathy-detection/data/raw/Severe DR/Severe DR_128.png,3,Severe
/home/neon-cultivator/us/diabetic-retinopathy-detection/data/raw/Healthy/Healthy_119.png,0,No_DR
/home/neon-cultivator/us/diabetic-retinopathy-detection/data/raw/Healthy/Healthy_72.png,0,No_DR
/home/neon-cultivator/us/diabetic-retinopathy-detection/data/raw/Moderate DR/Moderate_DR_4.png,2,Moderate
/home/neon-cultivator/us/diabetic-retinopathy-detection/data/raw/Healthy/Healthy_571.png,0,No_DR
/home/neon-cultivator/us/diabetic-retinopathy-detection/data/raw/Proliferate DR/Proliferate DR_162.png,4,Proliferative_DR
/home/neon-cultivator/us/diabetic-retinopathy-detection/data/raw/Moderate DR/Moderate_DR_604.png,2,Moderate
/home/neon-cultivator/us/diabetic-retinopathy-detection/data/raw/Moderate DR/Moderate_DR_631.png,2,Moderate
/home/neon-cultivator/us/diabetic-retinopathy-detection/data/raw/Moderate DR/Moderate_DR_712.png,2,Moderate
/home/neon-cultivator/us/diabetic-retinopathy-detection/data/raw/Healthy/Healthy_730.png,0,No_DR
/home/neon-cultivator/us/diabetic-retinopathy-detection/data/raw/Moderate DR/Moderate_DR_845.png,2,Moderate
/home/neon-cultivator/us/diabetic-retinopathy-detection/data/raw/Moderate DR/Moderate_DR_538.png,2,Moderate
/home/neon-cultivator/us/diabetic-retinopathy-detection/data/raw/Proliferate DR/Proliferate DR_252.png,4,Proliferative_DR
/home/neon-cultivator/us/diabetic-retinopathy-detection/data/raw/Mild DR/Mild_DR_57.png,1,Mild
/home/neon-cultivator/us/diabetic-retinopathy-detection/data/raw/Severe DR/Severe DR_171.png,3,Severe
/home/neon-cultivator/us/diabetic-retinopathy-detection/data/raw/Healthy/Healthy_255.png,0,No_DR
/home/neon-cultivator/us/diabetic-retinopathy-detection/data/raw/Healthy/Healthy_533.png,0,No_DR
/home/neon-cultivator/us/diabetic-retinopathy-detection/data/raw/Moderate DR/Moderate_DR_643.png,2,Moderate
/home/neon-cultivator/us/diabetic-retinopathy-detection/data/raw/Moderate DR/Moderate_DR_653.png,2,Moderate
/home/neon-cultivator/us/diabetic-retinopathy-detection/data/raw/Severe DR/Severe DR_33.png,3,Severe
/home/neon-cultivator/us/diabetic-retinopathy-detection/data/raw/Healthy/Healthy_527.png,0,No_DR
/home/neon-cultivator/us/diabetic-retinopathy-detection/data/raw/Healthy/Healthy_574.png,0,No_DR
/home/neon-cultivator/us/diabetic-retinopathy-detection/data/raw/Severe DR/Severe DR_11.png,3,Severe
/home/neon-cultivator/us/diabetic-retinopathy-detection/data/raw/Healthy/Healthy_614.png,0,No_DR
/home/neon-cultivator/us/diabetic-retinopathy-detection/data/raw/Severe DR/Severe DR.png,3,Severe
/home/neon-cultivator/us/diabetic-retinopathy-detection/data/raw/Healthy/Healthy_836.png,0,No_DR
/home/neon-cultivator/us/diabetic-retinopathy-detection/data/raw/Mild DR/Mild_DR_91.png,1,Mild
/home/neon-cultivator/us/diabetic-retinopathy-detection/data/raw/Healthy/Healthy_817.png,0,No_DR
/home/neon-cultivator/us/diabetic-retinopathy-detection/data/raw/Moderate DR/Moderate_DR_797.png,2,Moderate
/home/neon-cultivator/us/diabetic-retinopathy-detection/data/raw/Healthy/Healthy_451.png,0,No_DR
/home/neon-cultivator/us/diabetic-retinopathy-detection/data/raw/Severe DR/Severe DR_178.png,3,Severe
/home/neon-cultivator/us/diabetic-retinopathy-detection/data/raw/Proliferate DR/Proliferate DR_190.png,4,Proliferative_DR
/home/neon-cultivator/us/diabetic-retinopathy-detection/data/raw/Healthy/Healthy_970.png,0,No_DR
/home/neon-cultivator/us/diabetic-retinopathy-detection/data/raw/Healthy/Healthy_947.png,0,No_DR
/home/neon-cultivator/us/diabetic-retinopathy-detection/data/raw/Moderate DR/Moderate_DR_410.png,2,Moderate
/home/neon-cultivator/us/diabetic-retinopathy-detection/data/raw/Healthy/Healthy_553.png,0,No_DR
/home/neon-cultivator/us/diabetic-retinopathy-detection/data/raw/Healthy/Healthy_420.png,0,No_DR
/home/neon-cultivator/us/diabetic-retinopathy-detection/data/raw/Moderate DR/Moderate_DR_187.png,2,Moderate
/home/neon-cultivator/us/diabetic-retinopathy-detection/data/raw/Healthy/Healthy_481.png,0,No_DR
/home/neon-cultivator/us/diabetic-retinopathy-detection/data/raw/Mild DR/Mild_DR_181.png,1,Mild
/home/neon-cultivator/us/diabetic-retinopathy-detection/data/raw/Proliferate DR/Proliferate DR_199.png,4,Proliferative_DR
/home/neon-cultivator/us/diabetic-retinopathy-detection/data/raw/Healthy/Healthy_577.png,0,No_DR
/home/neon-cultivator/us/diabetic-retinopathy-detection/data/raw/Moderate DR/Moderate_DR_829.png,2,Moderate
/home/neon-cultivator/us/diabetic-retinopathy-detection/data/raw/Healthy/Healthy_855.png,0,No_DR
/home/neon-cultivator/us/diabetic-retinopathy-detection/data/raw/Healthy/Healthy_130.png,0,No_DR
/home/neon-cultivator/us/diabetic-retinopathy-detection/data/raw/Healthy/Healthy_575.png,0,No_DR
/home/neon-cultivator/us/diabetic-retinopathy-detection/data/raw/Healthy/Healthy_705.png,0,No_DR
/home/neon-cultivator/us/diabetic-retinopathy-detection/data/raw/Mild DR/Mild_DR_278.png,1,Mild
/home/neon-cultivator/us/diabetic-retinopathy-detection/data/raw/Healthy/Healthy_555.png,0,No_DR
/home/neon-cultivator/us/diabetic-retinopathy-detection/data/raw/Healthy/Healthy_560.png,0,No_DR
/home/neon-cultivator/us/diabetic-retinopathy-detection/data/raw/Moderate DR/Moderate_DR_835.png,2,Moderate
/home/neon-cultivator/us/diabetic-retinopathy-detection/data/raw/Proliferate DR/Proliferate DR_89.png,4,Proliferative_DR
/home/neon-cultivator/us/diabetic-retinopathy-detection/data/raw/Severe DR/Severe DR_148.png,3,Severe
/home/neon-cultivator/us/diabetic-retinopathy-detection/data/raw/Moderate DR/Moderate_DR_7.png,2,Moderate
/home/neon-cultivator/us/diabetic-retinopathy-detection/data/raw/Severe DR/Severe DR_58.png,3,Severe
/home/neon-cultivator/us/diabetic-retinopathy-detection/data/raw/Moderate DR/Moderate_DR_80.png,2,Moderate
/home/neon-cultivator/us/diabetic-retinopathy-detection/data/raw/Healthy/Healthy_311.png,0,No_DR
/home/neon-cultivator/us/diabetic-retinopathy-detection/data/raw/Healthy/Healthy_933.png,0,No_DR
/home/neon-cultivator/us/diabetic-retinopathy-detection/data/raw/Healthy/Healthy_549.png,0,No_DR
/home/neon-cultivator/us/diabetic-retinopathy-detection/data/raw/Proliferate DR/Proliferate DR_22.png,4,Proliferative_DR
/home/neon-cultivator/us/diabetic-retinopathy-detection/data/raw/Healthy/Healthy_358.png,0,No_DR
/home/neon-cultivator/us/diabetic-retinopathy-detection/data/raw/Mild DR/Mild_DR_23.png,1,Mild
/home/neon-cultivator/us/diabetic-retinopathy-detection/data/raw/Healthy/Healthy_60.png,0,No_DR
/home/neon-cultivator/us/diabetic-retinopathy-detection/data/raw/Severe DR/Severe DR_23.png,3,Severe
/home/neon-cultivator/us/diabetic-retinopathy-detection/data/raw/Proliferate DR/Proliferate DR_136.png,4,Proliferative_DR
/home/neon-cultivator/us/diabetic-retinopathy-detection/data/raw/Healthy/Healthy_821.png,0,No_DR
/home/neon-cultivator/us/diabetic-retinopathy-detection/data/raw/Mild DR/Mild_DR_36.png,1,Mild
/home/neon-cultivator/us/diabetic-retinopathy-detection/data/raw/Severe DR/Severe DR_37.png,3,Severe
/home/neon-cultivator/us/diabetic-retinopathy-detection/data/raw/Moderate DR/Moderate_DR_720.png,2,Moderate
/home/neon-cultivator/us/diabetic-retinopathy-detection/data/raw/Moderate DR/Moderate_DR_139.png,2,Moderate
/home/neon-cultivator/us/diabetic-retinopathy-detection/data/raw/Moderate DR/Moderate_DR_194.png,2,Moderate
/home/neon-cultivator/us/diabetic-retinopathy-detection/data/raw/Proliferate DR/Proliferate DR_91.png,4,Proliferative_DR
/home/neon-cultivator/us/diabetic-retinopathy-detection/data/raw/Healthy/Healthy_717.png,0,No_DR
/home/neon-cultivator/us/diabetic-retinopathy-detection/data/raw/Moderate DR/Moderate_DR_389.png,2,Moderate
/home/neon-cultivator/us/diabetic-retinopathy-detection/data/raw/Healthy/Healthy_818.png,0,No_DR
/home/neon-cultivator/us/diabetic-retinopathy-detection/data/raw/Moderate DR/Moderate_DR_889.png,2,Moderate
/home/neon-cultivator/us/diabetic-retinopathy-detection/data/raw/Moderate DR/Moderate_DR_811.png,2,Moderate
/home/neon-cultivator/us/diabetic-retinopathy-detection/data/raw/Healthy/Healthy_404.png,0,No_DR
/home/neon-cultivator/us/diabetic-retinopathy-detection/data/raw/Healthy/Healthy_83.png,0,No_DR
/home/neon-cultivator/us/diabetic-retinopathy-detection/data/raw/Moderate DR/Moderate_DR_865.png,2,Moderate
/home/neon-cultivator/us/diabetic-retinopathy-detection/data/raw/Moderate DR/Moderate_DR_880.png,2,Moderate
/home/neon-cultivator/us/diabetic-retinopathy-detection/data/raw/Mild DR/Mild_DR_187.png,1,Mild
/home/neon-cultivator/us/diabetic-retinopathy-detection/data/raw/Healthy/Healthy_599.png,0,No_DR
/home/neon-cultivator/us/diabetic-retinopathy-detection/data/raw/Healthy/Healthy_206.png,0,No_DR
/home/neon-cultivator/us/diabetic-retinopathy-detection/data/raw/Proliferate DR/Proliferate DR_30.png,4,Proliferative_DR
/home/neon-cultivator/us/diabetic-retinopathy-detection/data/raw/Severe DR/Severe DR_85.png,3,Severe
/home/neon-cultivator/us/diabetic-retinopathy-detection/data/raw/Moderate DR/Moderate_DR_393.png,2,Moderate
/home/neon-cultivator/us/diabetic-retinopathy-detection/data/raw/Proliferate DR/Proliferate DR_56.png,4,Proliferative_DR
/home/neon-cultivator/us/diabetic-retinopathy-detection/data/raw/Mild DR/Mild_DR_260.png,1,Mild
/home/neon-cultivator/us/diabetic-retinopathy-detection/data/raw/Moderate DR/Moderate_DR_675.png,2,Moderate
/home/neon-cultivator/us/diabetic-retinopathy-detection/data/raw/Healthy/Healthy_674.png,0,No_DR
/home/neon-cultivator/us/diabetic-retinopathy-detection/data/raw/Healthy/Healthy_573.png,0,No_DR
/home/neon-cultivator/us/diabetic-retinopathy-detection/data/raw/Proliferate DR/Proliferate DR_57.png,4,Proliferative_DR
/home/neon-cultivator/us/diabetic-retinopathy-detection/data/raw/Severe DR/Severe DR_78.png,3,Severe
/home/neon-cultivator/us/diabetic-retinopathy-detection/data/raw/Proliferate DR/Proliferate DR_81.png,4,Proliferative_DR
/home/neon-cultivator/us/diabetic-retinopathy-detection/data/raw/Moderate DR/Moderate_DR_718.png,2,Moderate
/home/neon-cultivator/us/diabetic-retinopathy-detection/data/raw/Mild DR/Mild_DR_105.png,1,Mild
/home/neon-cultivator/us/diabetic-retinopathy-detection/data/raw/Healthy/Healthy_15.png,0,No_DR
/home/neon-cultivator/us/diabetic-retinopathy-detection/data/raw/Healthy/Healthy_217.png,0,No_DR
/home/neon-cultivator/us/diabetic-retinopathy-detection/data/raw/Proliferate DR/Proliferate DR_147.png,4,Proliferative_DR
/home/neon-cultivator/us/diabetic-retinopathy-detection/data/raw/Healthy/Healthy_304.png,0,No_DR
/home/neon-cultivator/us/diabetic-retinopathy-detection/data/raw/Mild DR/Mild_DR_365.png,1,Mild
/home/neon-cultivator/us/diabetic-retinopathy-detection/data/raw/Moderate DR/Moderate_DR_38.png,2,Moderate
/home/neon-cultivator/us/diabetic-retinopathy-detection/data/raw/Moderate DR/Moderate_DR_652.png,2,Moderate
/home/neon-cultivator/us/diabetic-retinopathy-detection/data/raw/Healthy/Healthy_11.png,0,No_DR
/home/neon-cultivator/us/diabetic-retinopathy-detection/data/raw/Healthy/Healthy_552.png,0,No_DR
/home/neon-cultivator/us/diabetic-retinopathy-detection/data/raw/Mild DR/Mild_DR_227.png,1,Mild
/home/neon-cultivator/us/diabetic-retinopathy-detection/data/raw/Moderate DR/Moderate_DR_84.png,2,Moderate
/home/neon-cultivator/us/diabetic-retinopathy-detection/data/raw/Mild DR/Mild_DR_361.png,1,Mild
/home/neon-cultivator/us/diabetic-retinopathy-detection/data/raw/Mild DR/Mild_DR_118.png,1,Mild
/home/neon-cultivator/us/diabetic-retinopathy-detection/data/raw/Healthy/Healthy_55.png,0,No_DR
/home/neon-cultivator/us/diabetic-retinopathy-detection/data/raw/Moderate DR/Moderate_DR_144.png,2,Moderate
/home/neon-cultivator/us/diabetic-retinopathy-detection/data/raw/Severe DR/Severe DR_10.png,3,Severe
/home/neon-cultivator/us/diabetic-retinopathy-detection/data/raw/Severe DR/Severe DR_126.png,3,Severe
/home/neon-cultivator/us/diabetic-retinopathy-detection/data/raw/Moderate DR/Moderate_DR_636.png,2,Moderate
/home/neon-cultivator/us/diabetic-retinopathy-detection/data/raw/Severe DR/Severe DR_32.png,3,Severe
/home/neon-cultivator/us/diabetic-retinopathy-detection/data/raw/Healthy/Healthy_888.png,0,No_DR
/home/neon-cultivator/us/diabetic-retinopathy-detection/data/raw/Moderate DR/Moderate_DR_101.png,2,Moderate
/home/neon-cultivator/us/diabetic-retinopathy-detection/data/raw/Proliferate DR/Proliferate DR_125.png,4,Proliferative_DR
/home/neon-cultivator/us/diabetic-retinopathy-detection/data/raw/Healthy/Healthy_384.png,0,No_DR
/home/neon-cultivator/us/diabetic-retinopathy-detection/data/raw/Moderate DR/Moderate_DR_146.png,2,Moderate
/home/neon-cultivator/us/diabetic-retinopathy-detection/data/raw/Mild DR/Mild_DR_58.png,1,Mild
/home/neon-cultivator/us/diabetic-retinopathy-detection/data/raw/Proliferate DR/Proliferate DR_264.png,4,Proliferative_DR
/home/neon-cultivator/us/diabetic-retinopathy-detection/data/raw/Healthy/Healthy_695.png,0,No_DR
/home/neon-cultivator/us/diabetic-retinopathy-detection/data/raw/Moderate DR/Moderate_DR_606.png,2,Moderate
/home/neon-cultivator/us/diabetic-retinopathy-detection/data/raw/Mild DR/Mild_DR_335.png,1,Mild
/home/neon-cultivator/us/diabetic-retinopathy-detection/data/raw/Healthy/Healthy_13.png,0,No_DR
/home/neon-cultivator/us/diabetic-retinopathy-detection/data/raw/Mild DR/Mild_DR_201.png,1,Mild
/home/neon-cultivator/us/diabetic-retinopathy-detection/data/raw/Moderate DR/Moderate_DR_577.png,2,Moderate
/home/neon-cultivator/us/diabetic-retinopathy-detection/data/raw/Moderate DR/Moderate_DR_225.png,2,Moderate
/home/neon-cultivator/us/diabetic-retinopathy-detection/data/raw/Mild DR/Mild_DR_137.png,1,Mild
/home/neon-cultivator/us/diabetic-retinopathy-detection/data/raw/Healthy/Healthy_766.png,0,No_DR
/home/neon-cultivator/us/diabetic-retinopathy-detection/data/raw/Moderate DR/Moderate_DR_771.png,2,Moderate
/home/neon-cultivator/us/diabetic-retinopathy-detection/data/raw/Severe DR/Severe DR_50.png,3,Severe
/home/neon-cultivator/us/diabetic-retinopathy-detection/data/raw/Severe DR/Severe DR_7.png,3,Severe
/home/neon-cultivator/us/diabetic-retinopathy-detection/data/raw/Healthy/Healthy_374.png,0,No_DR
/home/neon-cultivator/us/diabetic-retinopathy-detection/data/raw/Healthy/Healthy_729.png,0,No_DR
/home/neon-cultivator/us/diabetic-retinopathy-detection/data/raw/Mild DR/Mild_DR_89.png,1,Mild
/home/neon-cultivator/us/diabetic-retinopathy-detection/data/raw/Moderate DR/Moderate_DR_593.png,2,Moderate
/home/neon-cultivator/us/diabetic-retinopathy-detection/data/raw/Mild DR/Mild_DR_370.png,1,Mild
/home/neon-cultivator/us/diabetic-retinopathy-detection/data/raw/Healthy/Healthy_228.png,0,No_DR
/home/neon-cultivator/us/diabetic-retinopathy-detection/data/raw/Proliferate DR/Proliferate DR_121.png,4,Proliferative_DR
/home/neon-cultivator/us/diabetic-retinopathy-detection/data/raw/Moderate DR/Moderate_DR_853.png,2,Moderate
/home/neon-cultivator/us/diabetic-retinopathy-detection/data/raw/Healthy/Healthy_178.png,0,No_DR
/home/neon-cultivator/us/diabetic-retinopathy-detection/data/raw/Mild DR/Mild_DR_329.png,1,Mild
/home/neon-cultivator/us/diabetic-retinopathy-detection/data/raw/Moderate DR/Moderate_DR_64.png,2,Moderate
/home/neon-cultivator/us/diabetic-retinopathy-detection/data/raw/Healthy/Healthy_470.png,0,No_DR
/home/neon-cultivator/us/diabetic-retinopathy-detection/data/raw/Moderate DR/Moderate_DR_505.png,2,Moderate
/home/neon-cultivator/us/diabetic-retinopathy-detection/data/raw/Mild DR/Mild_DR_273.png,1,Mild
/home/neon-cultivator/us/diabetic-retinopathy-detection/data/raw/Healthy/Healthy_619.png,0,No_DR
/home/neon-cultivator/us/diabetic-retinopathy-detection/data/raw/Proliferate DR/Proliferate DR_240.png,4,Proliferative_DR
/home/neon-cultivator/us/diabetic-retinopathy-detection/data/raw/Proliferate DR/Proliferate DR_61.png,4,Proliferative_DR
/home/neon-cultivator/us/diabetic-retinopathy-detection/data/raw/Mild DR/Mild_DR_11.png,1,Mild
/home/neon-cultivator/us/diabetic-retinopathy-detection/data/raw/Severe DR/Severe DR_185.png,3,Severe
/home/neon-cultivator/us/diabetic-retinopathy-detection/data/raw/Healthy/Healthy_517.png,0,No_DR
/home/neon-cultivator/us/diabetic-retinopathy-detection/data/raw/Proliferate DR/Proliferate DR_242.png,4,Proliferative_DR
/home/neon-cultivator/us/diabetic-retinopathy-detection/data/raw/Severe DR/Severe DR_133.png,3,Severe
/home/neon-cultivator/us/diabetic-retinopathy-detection/data/raw/Severe DR/Severe DR_119.png,3,Severe
/home/neon-cultivator/us/diabetic-retinopathy-detection/data/raw/Moderate DR/Moderate_DR_494.png,2,Moderate
/home/neon-cultivator/us/diabetic-retinopathy-detection/data/raw/Proliferate DR/Proliferate DR_161.png,4,Proliferative_DR
